Method,RMSE_full_cm,RMSE_success_cm,Failure_percent,RMS_bias_cm,RMS_PEB_cm,RMSE_success_over_PEB,MC_CI95_low_cm,MC_CI95_high_cm,DirectionRMSE_deg,RangeRMSE_cm,PositionIndex,Tilt_deg,OrientationStd_deg,ErrorWithinTarget_percent,VisibilityDisagreement_percent
LS,2.02663538802787,2.02663538802787,0,0.101998747872644,2.16703279988841,0.935212142673721,1.90594314312207,2.14732763293368,0.611063733469001,0.0454417869227387,1,2,0,100,0
GLS,2.02701541882831,2.02701541882831,0,0.102004368634813,2.16703279988841,0.935387511870005,1.90626045160709,2.14777038604953,0.611178356427423,0.0454539312011282,1,2,0,100,0
WLS,2.75331711354428,2.75331711354428,0,0.139496918507037,2.16703279988841,1.27054704187498,2.60327285977321,2.90336136731535,0.830237511527935,0.0623510796062406,1,2,0,100,0
NLS_joint,2.02669919902216,2.02669919902216,0,0.102003316141228,2.16703279988841,0.935241588925893,1.9059963067085,2.14740209133582,0.611082972609507,0.0454462482188061,1,2,0,100,0
NLS_TCOM,2.02669919968172,2.02669919968172,0,0.102003295734036,2.16703279988841,0.935241589230255,1.90599630838982,2.14740209097363,0.611082972807584,0.0454462482993826,1,2,0,100,0
LS,3.97914923810231,3.97914923810231,0,0.161718488389654,3.6736633961917,1.08315564300945,3.69909833579684,4.25920014040778,1.19981448030458,0.145440894005416,1,2,1,99,0
GLS,3.980838743179,3.980838743179,0,0.161937994964366,3.6736633961917,1.08361553954718,3.70060842810338,4.26106905825462,1.20032441725967,0.145516136905191,1,2,1,99,0
WLS,4.37487902042735,4.37487902042735,0,0.220679940938944,3.6736633961917,1.19087639465351,4.10175672035284,4.64800132050185,1.3191673815883,0.162036743971853,1,2,1,99.3333333333333,0
NLS_joint,3.97907682921058,3.97907682921058,0,0.161724866640981,3.6736633961917,1.08313593274101,3.69903882448498,4.25911483393619,1.19979284921474,0.14540782629902,1,2,1,99,0
NLS_TCOM,Inf,3.98403595400281,0.33333333333333,NaN,3.6736633961917,1.08448584541873,NaN,NaN,1.20128808392922,0.145649471469114,1,2,1,98.6666666666667,0
LS,2.20528679427208,2.20528679427208,0,0.109052772741941,2.35811605468172,0.935190102240212,2.07371810485398,2.33685548369018,0.643646544184179,0.44660316591444,2,2,0,100,0
GLS,2.20567055355129,2.20567055355129,0,0.108169101173943,2.35811605468172,0.935352842016504,2.07391668213279,2.33742442496979,0.643744055732455,0.447013711531531,2,2,0,100,0
WLS,2.45404211872174,2.45404211872174,0,0.115267460979074,2.35811605468172,1.04067911070347,2.29425714077567,2.61382709666781,0.71314622453148,0.548363528238086,2,2,0,100,0
NLS_joint,2.20510995783479,2.20510995783479,0,0.108661657113282,2.35811605468172,0.935115111682839,2.07333824165635,2.33688167401323,0.643588019969924,0.446699527831308,2,2,0,100,0
NLS_TCOM,2.20510994284129,2.20510994284129,0,0.108661664520067,2.35811605468172,0.935115105324586,2.07333823229268,2.33688165338991,0.643588015793763,0.446699521316135,2,2,0,100,0
LS,14.6024208844127,14.6024208844127,0,3.51439909457208,13.4586568656905,1.08498351879659,13.0239354278104,16.180906341015,4.25367551749896,4.00031250091688,2,2,1,47.6666666666667,0
GLS,14.8046727895945,14.8046727895945,0,3.38271635558047,13.4586568656905,1.10001116287728,13.1403557731465,16.4689898060425,4.31183301366577,4.15641267014446,2,2,1,47.6666666666667,0
WLS,16.5172079026428,16.5172079026428,0,2.19527849058785,13.4586568656905,1.22725529504726,14.3217153179882,18.7127004872975,4.82328353098339,5.00234136253931,2,2,1,48.6666666666667,0
NLS_joint,14.5935905993722,14.5935905993722,0,3.51040677100431,13.4586568656905,1.08432741431836,13.0165671583806,16.1706140403638,4.25111262041367,3.99674918464708,2,2,1,47,0
NLS_TCOM,14.5935908437536,14.5935908437536,0,3.51040674324862,13.4586568656905,1.08432743247629,13.0165672018176,16.1706144856897,4.25111268998504,3.99674944968396,2,2,1,47,0
LS,0.944957994351553,0.944957994351553,0,0.045111965772791,1.01079201938165,0.934868871372405,0.88839462028225,1.00152136842086,0.364105094727882,0.259640298805523,3,2,0,100,0
GLS,0.945079779237439,0.945079779237439,0,0.045690230161104,1.01079201938165,0.934989355986006,0.888582129207836,1.00157742926704,0.364155026098034,0.259667824772948,3,2,0,100,0
WLS,1.0717046262639,1.0717046262639,0,0.098302165789017,1.01079201938165,1.06026225545342,0.997895662861974,1.14551358966583,0.411552348632998,0.307612497219019,3,2,0,100,0
NLS_joint,0.945083510447789,0.945083510447789,0,0.0453563491822146,1.01079201938165,0.934993047358987,0.888626356306242,1.00154066458934,0.364156775921658,0.259651250741928,3,2,0,100,0
NLS_TCOM,0.945083500562912,0.945083500562912,0,0.0453563616209533,1.01079201938165,0.934993037579649,0.888626348426923,1.0015406526989,0.364156772386131,0.259651245511562,3,2,0,100,0
LS,14.7389326588556,14.7389326588556,0,3.61043710506517,13.4479596262253,1.09599768801452,13.1722559009951,16.3056094167161,5.66486996992041,5.32387263404176,3,2,1,44.3333333333333,0
GLS,15.0974575972427,15.0974575972427,0,3.39889704624659,13.4479596262253,1.12265786162837,13.3706095482846,16.8243056462008,5.80047439549816,5.68384241359049,3,2,1,44.6666666666667,0
WLS,16.7191326210727,16.7191326210727,0,3.15018292239657,13.4479596262253,1.24324678878929,14.6804664062682,18.7577988358772,6.44671530021416,6.48484638416312,3,2,1,41.3333333333333,0
NLS_joint,14.7349671514059,14.7349671514059,0,3.60633253627001,13.4479596262253,1.09570281001371,13.1676459865205,16.3022883162914,5.66326661520686,5.32398725399209,3,2,1,44.3333333333333,0
NLS_TCOM,14.7349671505037,14.7349671505037,0,3.60633248577907,13.4479596262253,1.09570280994662,13.1676459928121,16.3022883081953,5.66326661525434,5.32398724878688,3,2,1,44.3333333333333,0
LS,1.80192287257322,1.80192287257322,0,0.0897671095260375,1.92670646633584,0.935234766715694,1.69461562755015,1.90923011759629,0.543285311468605,0.0417840763473784,1,2.25,0,100,0
GLS,1.80220437714668,1.80220437714668,0,0.0897666000816999,1.92670646633584,0.935380873337737,1.69484944775241,1.90955930654096,0.543370219088259,0.0417915015724094,1,2.25,0,100,0
WLS,2.44795035297736,2.44795035297736,0,0.121716849147627,1.92670646633584,1.27053622113638,2.31454678634763,2.58135391960709,0.738137062228334,0.0534720862113172,1,2.25,0,100,0
NLS_joint,1.80197962730195,1.80197962730195,0,0.0897710662933761,1.92670646633584,0.935264223578855,1.69466291047414,1.90929634412976,0.543302424014955,0.0417875124075798,1,2.25,0,100,0
NLS_TCOM,1.8019796238586,1.8019796238586,0,0.0897710528879009,1.92670646633584,0.935264221791685,1.69466290723382,1.90929634048338,0.543302422975634,0.0417875125397549,1,2.25,0,100,0
LS,3.77895453769673,3.77895453769673,0,0.149795833008912,3.53731720509044,1.06831090303651,3.53234272164768,4.02556635374578,1.13938915161418,0.133392952535311,1,2.25,1,99.3333333333333,0
GLS,3.78023879438128,3.78023879438128,0,0.149918920038455,3.53731720509044,1.06867396255593,3.5335021414869,4.02697544727566,1.13977687711957,0.133423215289267,1,2.25,1,99.3333333333333,0
WLS,4.14840883527464,4.14840883527464,0,0.199225764367382,3.53731720509044,1.17275567746788,3.90270951518368,4.39410815536561,1.2508208924193,0.148824590768058,1,2.25,1,99.6666666666667,0
NLS_joint,3.77889302986421,3.77889302986421,0,0.149815458510576,3.53731720509044,1.06829351476484,3.53229809306039,4.02548796666804,1.13937087350005,0.133350977084317,1,2.25,1,99.3333333333333,0
NLS_TCOM,3.77889304726173,3.77889304726173,0,0.149815456631025,3.53731720509044,1.06829351968312,3.53229810930458,4.02548798521889,1.13937087875141,0.133350977181317,1,2.25,1,99.3333333333333,0
LS,1.960782824965,1.960782824965,0,0.0960081236669426,2.09659088311585,0.93522434002526,1.84381568647634,2.07774996345366,0.572275779791559,0.397190481134909,2,2.25,0,100,0
GLS,1.96100661103081,1.96100661103081,0,0.0951884747231326,2.09659088311585,0.935331078095913,1.84385545261375,2.07815776944787,0.572328621501513,0.397509661353411,2,2.25,0,100,0
WLS,2.18125928945713,2.18125928945713,0,0.100916760833329,2.09659088311585,1.04038384742733,2.0392604110597,2.32325816785457,0.633875638376308,0.486986166249509,2,2.25,0,100,0
NLS_joint,1.9605942016423,1.9605942016423,0,0.0956113457687303,2.09659088311585,0.935134373344484,1.84342562980426,2.07776277348034,0.572213916494184,0.397280201946889,2,2.25,0,100,0
NLS_TCOM,1.96059419550012,1.96059419550012,0,0.0956113518595107,2.09659088311585,0.935134370414879,1.84342562704488,2.07776276395536,0.572213914916555,0.39728019715721,2,2.25,0,100,0
LS,12.5593123530556,12.5593123530556,0,2.62763366279036,11.9646096532827,1.04970514851771,11.3521389348195,13.7664857712917,3.66168933030368,3.14961854735033,2,2.25,1,55.6666666666667,0
GLS,12.6349413305835,12.6349413305835,0,2.51141620405909,11.9646096532827,1.05602620534443,11.4000323380477,13.8698503231193,3.68335590369509,3.20271662514195,2,2.25,1,56,0
WLS,13.5897407517216,13.5897407517216,0,1.45566601236349,11.9646096532827,1.13582817538832,12.0767840950137,15.1026974084294,3.96365206194494,3.66446289986151,2,2.25,1,57.3333333333333,0
NLS_joint,12.5478655841789,12.5478655841789,0,2.6231950066199,11.9646096532827,1.04874842956002,11.3415001992508,13.7542309691071,3.65835573344164,3.14646938439463,2,2.25,1,56,0
NLS_TCOM,12.5478658023309,12.5478658023309,0,2.62319492014042,11.9646096532827,1.04874844779313,11.3415002760358,13.754231328626,3.65835579433291,3.1464695862767,2,2.25,1,56,0
LS,0.840162636804852,0.840162636804852,0,0.0399264083484973,0.898688855213865,0.934875993988949,0.789867177015363,0.890458096594341,0.323704707338039,0.230959325699093,3,2.25,0,100,0
GLS,0.840276617351998,0.840276617351998,0,0.0404290663517964,0.898688855213865,0.93500282381051,0.790056220890548,0.890497013813448,0.323751772315404,0.230978519251886,3,2.25,0,100,0
WLS,0.964466250591159,0.964466250591159,0,0.0663053618704709,0.898688855213865,1.07319262389388,0.898582221938825,1.03035027924349,0.370154825178376,0.278060431452979,3,2.25,0,100,0
NLS_joint,0.840283395229378,0.840283395229378,0,0.0401708779470557,0.898688855213865,0.935010365772714,0.790094723192339,0.890472067266416,0.323754560730294,0.230968373453367,3,2.25,0,100,0
NLS_TCOM,0.840283398360294,0.840283398360294,0,0.0401708801892807,0.898688855213865,0.935010369256585,0.790094726489199,0.890472070231389,0.323754561937378,0.230968374203342,3,2.25,0,100,0
LS,12.7015286352119,12.7015286352119,0,2.65867266137776,11.953417731698,1.06258552326253,11.5057139856959,13.8973432847279,4.88583323003681,4.2404630287108,3,2.25,1,54.3333333333333,0
GLS,12.879773938118,12.879773938118,0,2.46152292964222,11.953417731698,1.07749718341755,11.6318936255927,14.1276542506432,4.95432890767441,4.36632024775121,3,2.25,1,53.6666666666667,0
WLS,14.0944978112197,14.0944978112197,0,2.39033046309709,11.953417731698,1.17911865272172,12.726590417325,15.4624052051143,5.41938993148661,4.97805000557467,3,2.25,1,48,0
NLS_joint,12.6963750917227,12.6963750917227,0,2.6536663098471,11.953417731698,1.06215438769906,11.5004150689368,13.8923351145087,4.88381224734142,4.23952527899424,3,2.25,1,54,0
NLS_TCOM,12.6963751261253,12.6963751261253,0,2.65366626093672,11.953417731698,1.06215439057711,11.5004150618332,13.8923351904174,4.88381225921041,4.23952534090982,3,2.25,1,54,0
LS,0.956828975455743,0.956828975455743,0,0.0463121691612478,1.0229760130802,0.935338623018844,0.899889012725494,1.01376893818599,0.288338608153373,0.0360709886947928,1,4.25,0,100,0
GLS,0.956897381262582,0.956897381262582,0,0.0463041399241778,1.0229760130802,0.935405492433145,0.899943719383166,1.013851043142,0.288359251145588,0.036071609388401,1,4.25,0,100,0
WLS,1.29952082633597,1.29952082633597,0,0.061169061810511,1.0229760130802,1.2703336243663,1.2287270364254,1.37031461624654,0.391735537564697,0.0369421040698866,1,4.25,0,100,0
NLS_joint,0.956859190907208,0.956859190907208,0,0.046314001880417,1.0229760130802,0.935368159832101,0.899914182469248,1.01380419934517,0.288347725566832,0.0360715791003431,1,4.25,0,100,0
NLS_TCOM,0.9568591806133,0.9568591806133,0,0.046314002384906,1.0229760130802,0.935368149769394,0.89991417097938,1.01380419024722,0.288347722461375,0.0360715790850447,1,4.25,0,100,0
LS,3.16287783357382,3.16287783357382,0,0.128248510986791,3.13923436953879,1.007531602057,2.98007312108121,3.34568254606644,0.953179124910058,0.13521102324359,1,4.25,1,100,0
GLS,3.16342328052427,3.16342328052427,0,0.128168190070876,3.13923436953879,1.00770535364298,2.98060453958338,3.34624202146516,0.95334478702927,0.135111491847445,1,4.25,1,100,0
WLS,3.5479191917336,3.5479191917336,0,0.132345812325993,3.13923436953879,1.13018614543738,3.35382438664136,3.74201399682585,1.06935800049147,0.146400467627882,1,4.25,1,100,0
NLS_joint,3.1626030170709,3.1626030170709,0,0.128211324290619,3.13923436953879,1.00744405953212,2.97976941211626,3.34543662202555,0.95309728323039,0.135094513035143,1,4.25,1,100,0
NLS_TCOM,3.16260302234275,3.16260302234275,0,0.128211325288236,3.13923436953879,1.00744406121146,2.97976941653788,3.34543662814761,0.953097284821684,0.135094513087455,1,4.25,1,100,0
LS,1.04125378678838,1.04125378678838,0,0.0496950978085779,1.1131266525616,0.935431547157895,0.979226190848611,1.10328138272816,0.303859569576646,0.211668875071903,2,4.25,0,100,0
GLS,1.04109104962011,1.04109104962011,0,0.0491238770852316,1.1131266525616,0.935285348908218,0.978875089368498,1.10330700987172,0.303803738304873,0.211786420908016,2,4.25,0,100,0
WLS,1.15545123110396,1.15545123110396,0,0.0512842982748898,1.1131266525616,1.03802314718182,1.08036849115741,1.2305339710505,0.335750395055739,0.257679545489449,2,4.25,0,100,0
NLS_joint,1.04100587252786,1.04100587252786,0,0.0492783905744345,1.1131266525616,0.935208828332543,0.978783237217528,1.10322850783819,0.303780221109769,0.211739960528042,2,4.25,0,100,0
NLS_TCOM,1.04100587788128,1.04100587788128,0,0.0492783939146078,1.1131266525616,0.935208833141902,0.97878324258296,1.10322851317961,0.30378022266481,0.211739961684627,2,4.25,0,100,0
LS,6.68982665807232,6.68982665807232,0,0.566303682938205,6.36696912704693,1.05070819797977,6.27828191126503,7.1013714048796,1.95807698975784,1.32460133619748,2,4.25,1,89.3333333333333,0
GLS,6.67752236141129,6.67752236141129,0,0.534559198088395,6.36696912704693,1.04877567774675,6.26371672591787,7.09132799690471,1.95437309007461,1.32659580932576,2,4.25,1,89.3333333333333,0
WLS,6.70293848309161,6.70293848309161,0,0.570158233296196,6.36696912704693,1.05276754910236,6.16679302955468,7.23908393662854,1.96090916780505,1.41748853194346,2,4.25,1,90,0
NLS_joint,6.66604237009574,6.66604237009574,0,0.55961471081256,6.36696912704693,1.04697262340701,6.25490457942063,7.07718016077086,1.95112335501283,1.32012845081775,2,4.25,1,89.3333333333333,0
NLS_TCOM,6.66604235677061,6.66604235677061,0,0.559614673113889,6.36696912704693,1.04697262131415,6.25490456593034,7.07718014761087,1.95112335097184,1.32012845200916,2,4.25,1,89.3333333333333,0
LS,0.44606436501753,0.44606436501753,0,0.0208833088975051,0.47712087097204,0.93490851512901,0.419353604860494,0.472775125174565,0.171749707649014,0.12347751706277,3,4.25,0,100,0
GLS,0.446150933589229,0.446150933589229,0,0.0211922098491735,0.47712087097204,0.935089954627816,0.419540923648694,0.472760943529764,0.171785856419487,0.123481360027892,3,4.25,0,100,0
WLS,0.509224481877817,0.509224481877817,0,0.0313420452597852,0.47712087097204,1.06728611733201,0.474587156891928,0.543861806863705,0.195325771658867,0.147372293003546,3,4.25,0,100,0
NLS_joint,0.446156123173914,0.446156123173914,0,0.0211272430756079,0.47712087097204,0.935100831504099,0.419555119597916,0.472757126749912,0.171787895247773,0.123480878760271,3,4.25,0,100,0
NLS_TCOM,0.44615612007648,0.44615612007648,0,0.0211272416995165,0.47712087097204,0.93510082501217,0.419555116735367,0.472757123417593,0.171787894110997,0.123480877400376,3,4.25,0,100,0
LS,6.72087213716233,6.72087213716233,0,0.517399749012553,6.33290514276523,1.06126208835455,6.30348006843558,7.13826420588907,2.59430210200834,1.87333813735632,3,4.25,1,89.3333333333333,0
GLS,6.72960914653747,6.72960914653747,0,0.477526316516342,6.33290514276523,1.06264170942548,6.30731706255279,7.15190123052215,2.59718704046761,1.88646741892251,3,4.25,1,89,0
WLS,7.12042988739168,7.12042988739168,0,0.817792750522393,6.33290514276523,1.12435441979202,6.60576637650524,7.63509339827813,2.74015107316904,2.12796550126796,3,4.25,1,87.6666666666667,0
NLS_joint,6.70099227889009,6.70099227889009,0,0.510750560896635,6.33290514276523,1.05812295113016,6.28460881795007,7.11737573983011,2.58666106928827,1.86798825897084,3,4.25,1,89,0
NLS_TCOM,6.70099229130153,6.70099229130153,0,0.510750534575179,6.33290514276523,1.05812295308999,6.28460882804098,7.11737575456209,2.58666107328624,1.8679882735156,3,4.25,1,89,0
LS,0.199334891979619,0.199334891979619,0,0.00952392581622776,0.212587726931157,0.937659454085847,0.187867251125158,0.210802532834081,0.0587762433108438,0.0417612158709787,1,23,0,100,0
GLS,0.199343537479854,0.199343537479854,0,0.00951975176811851,0.212587726931157,0.937700122003788,0.187873816064264,0.210813258895443,0.0587789371128893,0.0417608090050206,1,23,0,100,0
WLS,0.26805661824694,0.26805661824694,0,0.0123353664060888,0.212587726931157,1.26092235951959,0.253736129709927,0.282377106783953,0.0798472189533042,0.0417456961245705,1,23,0,100,0
NLS_joint,0.199341813713316,0.199341813713316,0,0.00952267732516009,0.212587726931157,0.937692013508709,0.187873038400363,0.210810589026268,0.0587784054289621,0.0417608113426879,1,23,0,100,0
NLS_TCOM,0.199341813312134,0.199341813312134,0,0.00952267654976973,0.212587726931157,0.937692011621575,0.187873037940332,0.210810588683937,0.0587784053096201,0.0417608112707591,1,23,0,100,0
LS,3.0205546218051,3.0205546218051,0,0.0704230413434386,3.03318019323577,0.995837513557939,2.84579337686336,3.19531586674684,0.893176040286755,0.594310515209965,1,23,1,100,0
GLS,3.02098397964927,3.02098397964927,0,0.0681473733913531,3.03318019323577,0.995979067246416,2.84620690055882,3.19576105873972,0.89328175929429,0.594553945127594,1,23,1,100,0
WLS,3.40966294061605,3.40966294061605,0,0.0790609946670128,3.03318019323577,1.1241214578085,3.22114679931805,3.59817908191405,1.01259355784755,0.594774863236604,1,23,1,100,0
NLS_joint,3.01980058470488,3.01980058470488,0,0.0685392117820953,3.03318019323577,0.995588917347959,2.84485855978393,3.19474260962582,0.892917133808352,0.594581966725389,1,23,1,100,0
NLS_TCOM,Inf,3.02373011204608,0.33333333333333,NaN,3.03318019323577,0.996884431326973,NaN,NaN,0.894151856831723,0.594169056020814,1,23,1,99.6666666666667,0
LS,0.217066521846936,0.217066521846936,0,0.0104338930677678,0.230915754664612,0.940024738295614,0.204607191845092,0.22952585184878,0.0625204123067515,0.0558508812919617,2,23,0,100,0
GLS,0.21644208844426,0.21644208844426,0,0.00992251890884919,0.230915754664612,0.937320577188967,0.203781150098898,0.229103026789622,0.062316694815746,0.0559907646842232,2,23,0,100,0
WLS,0.234643080946478,0.234643080946478,0,0.0105559517748418,0.230915754664612,1.0161414983888,0.219927681560995,0.249358480331962,0.0674754835205674,0.0617295536215115,2,23,0,100,0
NLS_joint,0.216439548374853,0.216439548374853,0,0.00992685117647611,0.230915754664612,0.937309577205833,0.203779733383893,0.229099363365813,0.0623160690202109,0.0559888012416107,2,23,0,100,0
NLS_TCOM,0.216439549054595,0.216439549054595,0,0.00992685111562501,0.230915754664612,0.937309580149512,0.203779733750971,0.22909936435822,0.0623160692172715,0.0559888013901239,2,23,0,100,0
LS,3.18582585777634,3.18582585777634,0,0.0607549748230762,3.0787862548647,1.03476681849625,3.01336130780447,3.35829040774821,0.927015633483737,0.691845237929147,2,23,1,100,0
GLS,3.1315184308127,3.1315184308127,0,0.0502735352732928,3.0787862548647,1.01712758586754,2.96157934976117,3.30145751186424,0.911153022057888,0.681233855966165,2,23,1,100,0
WLS,3.1451141238537,3.1451141238537,0,0.0555858930888894,3.0787862548647,1.02154351211754,2.98104885793229,3.30917938977511,0.917698638763296,0.644829591766774,2,23,1,100,0
NLS_joint,3.13036745725038,3.13036745725038,0,0.0505128213739295,3.0787862548647,1.0167537458322,2.9602614743481,3.30047344015266,0.910816488395776,0.681059088165418,2,23,1,100,0
NLS_TCOM,3.13036745727506,3.13036745727506,0,0.0505128213200955,3.0787862548647,1.01675374584022,2.9602614744823,3.30047344006782,0.910816488404697,0.681059088147221,2,23,1,100,0
LS,0.0927902567707063,0.0927902567707063,0,0.00421529528123338,0.0988699577858209,0.938508105482509,0.0873539881429139,0.0982265253984988,0.0351610781354772,0.0301447449512251,3,23,0,100,0
GLS,0.0926399199486137,0.0926399199486137,0,0.00447929617781818,0.0988699577858209,0.936987554392375,0.0873426627956854,0.097937177101542,0.0350941807606692,0.0301686216869401,3,23,0,100,0
WLS,0.102520108055038,0.102520108055038,0,0.00614585214782177,0.0988699577858209,1.03691869958237,0.095785580423727,0.109254635686348,0.0388637754980034,0.0331952499611999,3,23,0,100,0
NLS_joint,0.0926393191454107,0.0926393191454107,0,0.00447958645218511,0.0988699577858209,0.936981477691055,0.0873425499420018,0.0979360883488196,0.0350939957638801,0.0301681122912607,3,23,0,100,0
NLS_TCOM,0.092639319004058,0.092639319004058,0,0.0044795863636346,0.0988699577858209,0.936981476261372,0.0873425498616282,0.0979360881464878,0.0350939957131648,0.030168112226317,3,23,0,100,0
LS,2.5668232393195,2.5668232393195,0,0.0986691611705835,2.30870888741424,1.11180030246011,2.41195625977561,2.72169021886338,1.0021512787825,0.578849895099387,3,23,1,100,0
GLS,2.50940632374729,2.50940632374729,0,0.113079118678069,2.30870888741424,1.08693059459646,2.35599370268019,2.66281894481438,0.980765037289923,0.554810002623487,3,23,1,100,0
WLS,2.51265898822936,2.51265898822936,0,0.180670242934843,2.30870888741424,1.08833946190745,2.36409877742915,2.66121919902957,0.981373026780579,0.56335744961753,3,23,1,100,0
NLS_joint,2.50842529255364,2.50842529255364,0,0.116839871940643,2.30870888741424,1.08650566826686,2.35499790795477,2.66185267715251,0.980371667928266,0.554778657188438,3,23,1,100,0
NLS_TCOM,2.50842529254274,2.50842529254274,0,0.116839870129647,2.30870888741424,1.08650566826214,2.35499790798058,2.6618526771049,0.980371667894905,0.554778657481035,3,23,1,100,0
LS,0.185204951319819,0.185204951319819,0,0.00884459370163555,0.197393427333813,0.938252878129612,0.174638822137687,0.19577108050195,0.054297517461471,0.0433538383212967,1,25.5,0,100,0
GLS,0.185213117985455,0.185213117985455,0,0.00884017545914129,0.197393427333813,0.938294250660331,0.174645033926013,0.195781202044897,0.054300084162904,0.0433533923170527,1,25.5,0,100,0
WLS,0.248415799362863,0.248415799362863,0,0.0114291212798879,0.197393427333813,1.25848060251148,0.235211046876893,0.261620551848834,0.0737617257891308,0.0433408449722955,1,25.5,0,100,0
NLS_joint,0.185211526639363,0.185211526639363,0,0.00884297137383521,0.197393427333813,0.938286188861552,0.174644326953318,0.195778726325409,0.0542995905088848,0.0433533942056654,1,25.5,0,100,0
NLS_TCOM,Inf,0.185538055479702,0.666666666666671,NaN,0.197393427333813,0.939940392067552,NaN,NaN,0.0544040720251638,0.0433093771586117,1,25.5,0,99.3333333333333,0
LS,3.03540567385587,3.03540567385587,0,0.067591658324796,3.04760426608941,0.995997317509601,2.86113869536711,3.20967265234463,0.893040373207821,0.667407482486688,1,25.5,1,100,0
GLS,3.03589688992171,3.03589688992171,0,0.0656972481322279,3.04760426608941,0.996158498562965,2.8616139171913,3.21017986265212,0.893145445748232,0.667879834383171,1,25.5,1,100,0
WLS,3.42229735937216,3.42229735937216,0,0.0741354220209715,3.04760426608941,1.12294676754851,3.23424275743688,3.61035196130745,1.01229567620877,0.66781858784228,1,25.5,1,100,0
NLS_joint,3.03464701717061,3.03464701717061,0,0.0661721719513243,3.04760426608941,0.995748382077369,2.86018136980565,3.20911266453557,0.892758240424169,0.667911699679099,1,25.5,1,100,0
NLS_TCOM,3.03464701477712,3.03464701477712,0,0.0661721690781857,3.04760426608941,0.995748381291999,2.86018136739495,3.20911266215928,0.892758239684827,0.667911699666761,1,25.5,1,100,0
LS,0.201707440806156,0.201707440806156,0,0.00971377021641475,0.214320565688921,0.941148322177011,0.190226824502407,0.213188057109905,0.057874660670884,0.0546200611617603,2,25.5,0,100,0
GLS,0.201011987187336,0.201011987187336,0,0.00918415576064022,0.214320565688921,0.937903399709654,0.189325780710267,0.212698193664404,0.05764669628935,0.0547701092929621,2,25.5,0,100,0
WLS,0.217155054239792,0.217155054239792,0,0.00980875738005827,0.214320565688921,1.01322546224978,0.203636406177539,0.230673702302045,0.0622495756173571,0.0594977650039988,2,25.5,0,100,0
NLS_joint,0.20100993282609,0.20100993282609,0,0.00918707116577916,0.214320565688921,0.937893814249486,0.189324894382402,0.212694971269778,0.0576462049782517,0.0547684113267654,2,25.5,0,100,0
NLS_TCOM,0.201009932391658,0.201009932391658,0,0.00918707102199733,0.214320565688921,0.937893812222466,0.189324894079271,0.212694970704045,0.057646204849337,0.0547684112585635,2,25.5,0,100,0
LS,3.16985952959286,3.16985952959286,0,0.0516062405856877,3.09090492547333,1.02554417105128,2.99781918985569,3.34189986933004,0.917909244726676,0.752246916144859,2,25.5,1,100,0
GLS,3.11597509330963,3.11597509330963,0,0.0382360266679385,3.09090492547333,1.00811094758357,2.94660824718887,3.28534193943038,0.902111388412254,0.742365418923776,2,25.5,1,100,0
WLS,3.16546452785582,3.16546452785582,0,0.0446641085095984,3.09090492547333,1.02412225680836,3.00086782313238,3.33006123257926,0.919186639382917,0.716175221921466,2,25.5,1,100,0
NLS_joint,3.11475595897036,3.11475595897036,0,0.03847147074135,3.09090492547333,1.00771652123637,2.94517715675609,3.28433476118462,0.901757402452074,0.742159053637715,2,25.5,1,100,0
NLS_TCOM,Inf,3.11085604702833,0.33333333333333,NaN,3.09090492547333,1.00645478331947,NaN,NaN,0.900721496160586,0.740177294806501,2,25.5,1,99.6666666666667,0
LS,0.0861962470490961,0.0861962470490961,0,0.0039026690215342,0.0917405819591848,0.939565078052858,0.0811789248843074,0.0912135692138848,0.0325413347250438,0.0288668938384151,3,25.5,0,100,0
GLS,0.0860013726287709,0.0860013726287709,0,0.0041729811694523,0.0917405819591848,0.937440888123347,0.0811296155533398,0.090873129704202,0.0324545435314061,0.0288949245884301,3,25.5,0,100,0
WLS,0.0947478384487283,0.0947478384487283,0,0.00566254812966003,0.0917405819591848,1.03278000232091,0.0885770071120592,0.100918669785397,0.0358163377267916,0.0314054713340288,3,25.5,0,100,0
NLS_joint,0.0860006791122084,0.0860006791122084,0,0.0041738796802982,0.0917405819591848,0.937433328583744,0.0811293325270271,0.0908720256973896,0.032454320456304,0.0288944188103805,3,25.5,0,100,0
NLS_TCOM,0.0860006790029182,0.0860006790029182,0,0.0041738796657022,0.0917405819591848,0.937433327392448,0.0811293324174138,0.0908720255884227,0.0324543204190575,0.0288944187435734,3,25.5,0,100,0
LS,2.52445918775068,2.52445918775068,0,0.0958095322886242,2.31132533638123,1.09221283045473,2.37312719860326,2.67579117689809,0.983315897821988,0.593261928667658,3,25.5,1,100,0
GLS,2.46857355859504,2.46857355859504,0,0.111050162205887,2.31132533638123,1.0680337898515,2.31843414364052,2.61871297354955,0.962554453990099,0.569790819977754,3,25.5,1,100,0
WLS,2.49560847065604,2.49560847065604,0,0.175846659928616,2.31132533638123,1.07973050412857,2.35037902383288,2.64083791747921,0.972498236872685,0.582905030163228,3,25.5,1,100,0
NLS_joint,2.46768286751095,2.46768286751095,0,0.116601324185064,2.31132533638123,1.06764843039125,2.31750840293196,2.61785733208993,0.962198073626378,0.569785124728387,3,25.5,1,100,0
NLS_TCOM,Inf,2.46380385117148,0.33333333333333,NaN,2.31132533638123,1.06597016542421,NaN,NaN,0.960677956580818,0.569151935247946,3,25.5,1,99.6666666666667,0
