Tilt_deg,OrientationStd_deg,Coverage_percent,RegularCoverage_percent,RMS_conditional_cm,RMS_full_cm,Nonregular_percent,CoverageThreshold_cm,Grid
0,0,0,0,NaN,Inf,0,10,design
0.25,0,6.92148760330579,97.5206611570248,41.9797407171599,Inf,0,10,design
0.5,0,22.8305785123967,97.5206611570248,21.1273306020752,Inf,0,10,design
0.75,0,39.4628099173554,97.5206611570248,14.0853696353343,Inf,0,10,design
1,0,58.2644628099173,97.5206611570248,10.5647000096925,Inf,0,10,design
1.25,0,73.5537190082645,97.3140495867769,8.42477561550279,Inf,0,10,design
1.5,0,83.8842975206611,97.3140495867769,7.03782733228082,Inf,0,10,design
1.75,0,90.9090909090909,97.3140495867769,6.05306787939613,Inf,0,10,design
2,0,94.8347107438017,97.3140495867769,5.33605021458366,Inf,0,10,design
2.25,0,96.0743801652893,97.3140495867769,4.78586940427378,Inf,0,10,design
2.5,0,96.4876033057851,97.3140495867769,4.31760535842379,Inf,0,10,design
2.75,0,96.6942148760331,97.3140495867769,3.95701658263945,Inf,0,10,design
3,0,96.6942148760331,97.3140495867769,3.64168939585331,Inf,0,10,design
3.25,0,97.3140495867769,97.3140495867769,3.36397773891409,Inf,0,10,design
3.5,0,97.5206611570248,97.5206611570248,3.1380819744159,Inf,0,10,design
3.75,0,97.3140495867769,97.5206611570248,2.96317599387448,Inf,0,10,design
4,0,97.3140495867769,97.5206611570248,2.79408528163267,Inf,0,10,design
4.25,0,97.5206611570248,97.5206611570248,2.64172766008895,Inf,0,10,design
4.5,0,97.5206611570248,97.5206611570248,2.49731077191635,Inf,0,10,design
4.75,0,97.3140495867769,97.3140495867769,2.36106577681812,Inf,0,10,design
5,0,97.3140495867769,97.3140495867769,2.24363938706829,Inf,0,10,design
5.25,0,97.3140495867769,97.3140495867769,2.13847005220021,Inf,0,10,design
5.5,0,97.3140495867769,97.3140495867769,2.06708180777033,Inf,0,10,design
5.75,0,97.1074380165289,97.1074380165289,1.97957648264556,Inf,0,10,design
6,0,97.1074380165289,97.1074380165289,1.91214128995361,Inf,0,10,design
6.25,0,97.1074380165289,97.1074380165289,1.83841232354822,Inf,0,10,design
6.5,0,97.1074380165289,97.1074380165289,1.77352980215891,Inf,0,10,design
6.75,0,97.1074380165289,97.1074380165289,1.71338386527689,Inf,0,10,design
7,0,97.1074380165289,97.1074380165289,1.66713543684101,Inf,0,10,design
7.25,0,97.1074380165289,97.1074380165289,1.61032828645082,Inf,0,10,design
7.5,0,97.1074380165289,97.1074380165289,1.56198988756016,Inf,0,10,design
7.75,0,97.1074380165289,97.1074380165289,1.51262540765706,Inf,0,10,design
8,0,97.1074380165289,97.1074380165289,1.46915240964973,Inf,0,10,design
8.25,0,97.1074380165289,97.1074380165289,1.43344771886409,Inf,0,10,design
8.5,0,97.1074380165289,97.1074380165289,1.40588548086724,Inf,0,10,design
8.75,0,97.1074380165289,97.1074380165289,1.36742463406502,Inf,0,10,design
9,0,97.1074380165289,97.1074380165289,1.3344566601886,Inf,0,10,design
9.25,0,97.1074380165289,97.1074380165289,1.31119770202775,Inf,0,10,design
9.5,0,97.1074380165289,97.1074380165289,1.28198270859665,Inf,0,10,design
9.75,0,97.004132231405,97.004132231405,1.25388469466359,Inf,0,10,design
10,0,96.797520661157,96.797520661157,1.22369105627009,Inf,0,10,design
10.25,0,96.797520661157,96.797520661157,1.20153957673178,Inf,0,10,design
10.5,0,96.3842975206611,96.3842975206611,1.16949248061283,Inf,0,10,design
10.75,0,96.3842975206611,96.3842975206611,1.14524905566032,Inf,0,10,design
11,0,95.9710743801653,95.9710743801653,1.1154368779098,Inf,0,10,design
11.25,0,95.9710743801653,95.9710743801653,1.09193487474836,Inf,0,10,design
11.5,0,95.9710743801653,95.9710743801653,1.07230521243835,Inf,0,10,design
11.75,0,95.9710743801653,95.9710743801653,1.05909748196542,Inf,0,10,design
12,0,95.9710743801653,95.9710743801653,1.04187617644939,Inf,0,10,design
12.25,0,95.9710743801653,95.9710743801653,1.03713733030002,Inf,0,10,design
12.5,0,95.7644628099173,95.7644628099173,1.01895343423571,Inf,0,10,design
12.75,0,95.7644628099173,95.7644628099173,1.00452432925971,Inf,0,10,design
13,0,95.7644628099173,95.7644628099173,0.992718628410926,Inf,0,10,design
13.25,0,95.7644628099173,95.7644628099173,0.976731220346253,Inf,0,10,design
13.5,0,95.5578512396694,95.5578512396694,0.964059741836143,Inf,0,10,design
13.75,0,95.5578512396694,95.5578512396694,0.948684887994902,Inf,0,10,design
14,0,95.5578512396694,95.5578512396694,0.933060541882459,Inf,0,10,design
14.25,0,95.5578512396694,95.5578512396694,0.924043174845497,Inf,0,10,design
14.5,0,95.3512396694215,95.3512396694215,0.913875573838346,Inf,0,10,design
14.75,0,95.3512396694215,95.3512396694215,0.90476534814465,Inf,0,10,design
15,0,95.3512396694215,95.3512396694215,0.892248660937829,Inf,0,10,design
15.25,0,95.3512396694215,95.3512396694215,0.879897627707542,Inf,0,10,design
15.5,0,95.3512396694215,95.3512396694215,0.876845125832651,Inf,0,10,design
15.75,0,95.1446280991736,95.1446280991736,0.868641819144498,Inf,0,10,design
16,0,95.1446280991736,95.1446280991736,0.857909862832762,Inf,0,10,design
16.25,0,95.1446280991736,95.1446280991736,0.853873511101451,Inf,0,10,design
16.5,0,94.7314049586777,94.7314049586777,0.843316264479194,Inf,0,10,design
16.75,0,94.7314049586777,94.7314049586777,0.838456837170806,Inf,0,10,design
17,0,94.7314049586777,94.7314049586777,0.829118797840415,Inf,0,10,design
17.25,0,94.5247933884298,94.5247933884298,0.817347487875192,Inf,0,10,design
17.5,0,94.5247933884298,94.5247933884298,0.815522444140478,Inf,0,10,design
17.75,0,94.3181818181818,94.3181818181818,0.806866150576344,Inf,0,10,design
18,0,94.3181818181818,94.3181818181818,0.810309194760398,Inf,0,10,design
18.25,0,94.2148760330578,94.2148760330578,0.808472473553404,Inf,0,10,design
18.5,0,94.2148760330578,94.2148760330578,0.801378343917782,Inf,0,10,design
18.75,0,94.0082644628099,94.0082644628099,0.793174061342356,Inf,0,10,design
19,0,93.801652892562,93.801652892562,0.786209894196423,Inf,0,10,design
19.25,0,93.801652892562,93.801652892562,0.780358950697908,Inf,0,10,design
19.5,0,93.3884297520661,93.3884297520661,0.77510327887028,Inf,0,10,design
19.75,0,93.3884297520661,93.3884297520661,0.776265148424161,Inf,0,10,design
20,0,93.1818181818182,93.1818181818182,0.773613715218347,Inf,0,10,design
20.25,0,92.5619834710744,92.5619834710744,0.768656996672813,Inf,0,10,design
20.5,0,92.0454545454545,92.0454545454545,0.769482424956969,Inf,0,10,design
20.75,0,92.0454545454545,92.0454545454545,0.764035217441553,Inf,0,10,design
21,0,91.8388429752066,91.8388429752066,0.76349777184322,Inf,0,10,design
21.25,0,91.6322314049587,91.6322314049587,0.759518477316351,Inf,0,10,design
21.5,0,91.6322314049587,91.6322314049587,0.757971642356159,Inf,0,10,design
21.75,0,91.6322314049587,91.6322314049587,0.755612014240355,Inf,0,10,design
22,0,91.4256198347107,91.4256198347107,0.754542544895488,Inf,0,10,design
22.25,0,91.4256198347107,91.4256198347107,0.755892967215628,Inf,0,10,design
22.5,0,91.4256198347107,91.4256198347107,0.752372121122291,Inf,0,10,design
22.75,0,90.8057851239669,90.8057851239669,0.752372225372371,Inf,0,10,design
23,0,90.8057851239669,90.8057851239669,0.746798267731403,Inf,0,10,design
23.25,0,90.599173553719,90.599173553719,0.746267647294524,Inf,0,10,design
23.5,0,90.1859504132231,90.1859504132231,0.744318013899629,Inf,0,10,design
23.75,0,90.0826446280992,90.0826446280992,0.742683844435736,Inf,0,10,design
24,0,89.8760330578512,89.8760330578512,0.743370803458309,Inf,0,10,design
24.25,0,89.6694214876033,89.6694214876033,0.745901750144972,Inf,0,10,design
24.5,0,89.4628099173554,89.4628099173554,0.741482007282029,Inf,0,10,design
24.75,0,89.2561983471074,89.2561983471074,0.737586861733504,Inf,0,10,design
25,0,89.0495867768595,89.0495867768595,0.738968777395694,Inf,0,10,design
25.25,0,88.8429752066116,88.8429752066116,0.739113234710296,Inf,0,10,design
25.5,0,88.8429752066116,88.8429752066116,0.73388315718719,Inf,0,10,design
25.75,0,88.8429752066116,88.8429752066116,0.738175287629373,Inf,0,10,design
26,0,88.5330578512397,88.5330578512397,0.740959233121809,Inf,0,10,design
26.25,0,88.1198347107438,88.1198347107438,0.73877458919672,Inf,0,10,design
26.5,0,87.9132231404959,87.9132231404959,0.735805950803233,Inf,0,10,design
26.75,0,87.7066115702479,87.7066115702479,0.736747069415296,Inf,0,10,design
27,0,87.0867768595041,87.0867768595041,0.739170064939341,Inf,0,10,design
27.25,0,86.7768595041322,86.7768595041322,0.737040096696578,Inf,0,10,design
27.5,0,86.5702479338843,86.5702479338843,0.732008605992652,Inf,0,10,design
27.75,0,85.7438016528926,85.7438016528926,0.723080052429615,Inf,0,10,design
28,0,85.5371900826446,85.5371900826446,0.723740901964378,Inf,0,10,design
28.25,0,85.1239669421488,85.1239669421488,0.724733518680899,Inf,0,10,design
28.5,0,84.9173553719008,84.9173553719008,0.72501951527969,Inf,0,10,design
28.75,0,84.297520661157,84.297520661157,0.72417933878138,Inf,0,10,design
29,0,83.8842975206611,83.8842975206611,0.72349750934998,Inf,0,10,design
29.25,0,83.7809917355372,83.7809917355372,0.72243645340401,Inf,0,10,design
29.5,0,83.3677685950413,83.3677685950413,0.72151139996343,Inf,0,10,design
29.75,0,82.8512396694215,82.8512396694215,0.725534135096384,Inf,0,10,design
30,0,82.3347107438017,82.3347107438017,0.721947604813067,Inf,0,10,design
30.25,0,82.1280991735537,82.1280991735537,0.72181629041974,Inf,0,10,design
30.5,0,81.9214876033058,81.9214876033058,0.718563742151488,Inf,0,10,design
30.75,0,81.7148760330578,81.7148760330578,0.72018638044584,Inf,0,10,design
31,0,81.0950413223141,81.0950413223141,0.718091866147869,Inf,0,10,design
31.25,0,80.8884297520661,80.8884297520661,0.719131915893634,Inf,0,10,design
31.5,0,80.4752066115702,80.4752066115702,0.717998521113302,Inf,0,10,design
31.75,0,79.8553719008264,79.8553719008264,0.710463105960315,Inf,0,10,design
32,0,79.4421487603306,79.4421487603306,0.708047815967531,Inf,0,10,design
32.25,0,78.7190082644628,78.7190082644628,0.70597330307855,Inf,0,10,design
32.5,0,77.1694214876033,77.1694214876033,0.700661063265915,Inf,0,10,design
32.75,0,76.4462809917355,76.4462809917355,0.703555781717252,Inf,0,10,design
33,0,75.8264462809917,75.8264462809917,0.702564016929634,Inf,0,10,design
33.25,0,75.6198347107438,75.6198347107438,0.700508737801023,Inf,0,10,design
33.5,0,75.2066115702479,75.2066115702479,0.69929666125815,Inf,0,10,design
33.75,0,74.6900826446281,74.6900826446281,0.699399068135554,Inf,0,10,design
34,0,73.4504132231405,73.4504132231405,0.69249155805962,Inf,0,10,design
34.25,0,72.7272727272727,72.7272727272727,0.693849363840311,Inf,0,10,design
34.5,0,71.900826446281,71.900826446281,0.692533511692582,Inf,0,10,design
34.75,0,71.4876033057851,71.4876033057851,0.690118127243664,Inf,0,10,design
35,0,70.6611570247934,70.6611570247934,0.687952573889885,Inf,0,10,design
35.25,0,69.4214876033058,69.4214876033058,0.683275070335743,Inf,0,10,design
35.5,0,68.5950413223141,68.5950413223141,0.684424683260285,Inf,0,10,design
35.75,0,68.2851239669422,68.2851239669422,0.683186114718216,Inf,0,10,design
36,0,67.6652892561983,67.6652892561983,0.677471619263896,Inf,0,10,design
36.25,0,66.8388429752066,66.8388429752066,0.678156024135655,Inf,0,10,design
36.5,0,65.2892561983471,65.2892561983471,0.677707409676504,Inf,0,10,design
36.75,0,64.7727272727273,64.7727272727273,0.676350299327104,Inf,0,10,design
37,0,63.8429752066116,63.8429752066116,0.676994841008171,Inf,0,10,design
37.25,0,62.603305785124,62.603305785124,0.671995182789038,Inf,0,10,design
37.5,0,61.9834710743802,61.9834710743802,0.663728077713174,Inf,0,10,design
37.75,0,60.3305785123967,60.3305785123967,0.660868432606883,Inf,0,10,design
38,0,59.297520661157,59.297520661157,0.661034848578825,Inf,0,10,design
38.25,0,58.5743801652893,58.5743801652893,0.660055447057709,Inf,0,10,design
38.5,0,57.9545454545455,57.9545454545455,0.663791577839634,Inf,0,10,design
38.75,0,56.301652892562,56.301652892562,0.657458567786028,Inf,0,10,design
39,0,55.5785123966942,55.5785123966942,0.65525777429055,Inf,0,10,design
39.25,0,54.3388429752066,54.3388429752066,0.651446289212233,Inf,0,10,design
39.5,0,53.3057851239669,53.3057851239669,0.646618502089824,Inf,0,10,design
39.75,0,51.8595041322314,51.8595041322314,0.644948582126542,Inf,0,10,design
40,0,50.4132231404959,50.4132231404959,0.646406303414024,Inf,0,10,design
40.25,0,48.5537190082645,48.5537190082645,0.645296360738298,Inf,0,10,design
40.5,0,47.9338842975207,47.9338842975207,0.642163418184282,Inf,0,10,design
40.75,0,47.5206611570248,47.5206611570248,0.643620488869429,Inf,0,10,design
41,0,46.6942148760331,46.6942148760331,0.644987896970784,Inf,0,10,design
41.25,0,44.8347107438017,44.8347107438017,0.636939433801155,Inf,0,10,design
41.5,0,44.0082644628099,44.0082644628099,0.63753973607343,Inf,0,10,design
41.75,0,42.0454545454545,42.0454545454545,0.634099922367244,Inf,0,10,design
42,0,40.702479338843,40.702479338843,0.635582546182545,Inf,0,10,design
42.25,0,39.9793388429752,39.9793388429752,0.638768724735227,Inf,0,10,design
42.5,0,38.3264462809917,38.3264462809917,0.630548254290991,Inf,0,10,design
42.75,0,36.4669421487603,36.4669421487603,0.625137670737202,Inf,0,10,design
43,0,34.8140495867769,34.8140495867769,0.630361174807235,Inf,0,10,design
43.25,0,33.4710743801653,33.4710743801653,0.630881304174164,Inf,0,10,design
43.5,0,31.8181818181818,31.8181818181818,0.63626783204298,Inf,0,10,design
43.75,0,30.4752066115703,30.4752066115703,0.635920182808824,Inf,0,10,design
44,0,29.3388429752066,29.3388429752066,0.631793885493573,Inf,0,10,design
44.25,0,27.3760330578512,27.3760330578512,0.63003357830289,Inf,0,10,design
44.5,0,24.896694214876,24.896694214876,0.627382327548161,Inf,0,10,design
44.75,0,23.8636363636364,23.8636363636364,0.614916950773113,Inf,0,10,design
45,0,23.1404958677686,23.1404958677686,0.620746236892998,Inf,0,10,design
45.25,0,21.2809917355372,21.2809917355372,0.621180167724697,Inf,0,10,design
45.5,0,20.6611570247934,20.6611570247934,0.625034463567265,Inf,0,10,design
45.75,0,18.2851239669421,18.2851239669421,0.625919902817123,Inf,0,10,design
46,0,15.8057851239669,15.8057851239669,0.620936469721277,Inf,0.826446280991736,10,design
46.25,0,14.9793388429752,14.9793388429752,0.622084884195972,Inf,0,10,design
46.5,0,13.7396694214876,13.7396694214876,0.617531931962676,Inf,0,10,design
46.75,0,10.0206611570248,10.0206611570248,0.635903549661595,Inf,0,10,design
47,0,8.88429752066116,8.88429752066116,0.633921567318676,Inf,0,10,design
47.25,0,8.47107438016529,8.47107438016529,0.608024302663916,Inf,0,10,design
47.5,0,7.54132231404959,7.54132231404959,0.587823869799772,Inf,0,10,design
47.75,0,6.61157024793388,6.61157024793388,0.607789370773612,Inf,0,10,design
48,0,5.78512396694215,5.78512396694215,0.606281993390918,Inf,0,10,design
48.25,0,5.37190082644628,5.37190082644628,0.613318485183525,Inf,0,10,design
48.5,0,3.92561983471074,3.92561983471074,0.609848518681525,Inf,0,10,design
48.75,0,3.20247933884297,3.20247933884297,0.571647776979382,Inf,0,10,design
49,0,1.13636363636364,1.13636363636364,0.584889545790126,Inf,0,10,design
49.25,0,0,0,NaN,Inf,0,10,design
49.5,0,0,0,NaN,Inf,0,10,design
49.75,0,0,0,NaN,Inf,0,10,design
50,0,0,0,NaN,Inf,0,10,design
50.25,0,0,0,NaN,Inf,0,10,design
50.5,0,0,0,NaN,Inf,0,10,design
50.75,0,0,0,NaN,Inf,0,10,design
51,0,0,0,NaN,Inf,0,10,design
51.25,0,0,0,NaN,Inf,0,10,design
51.5,0,0,0,NaN,Inf,0,10,design
51.75,0,0,0,NaN,Inf,0,10,design
52,0,0,0,NaN,Inf,0,10,design
52.25,0,0,0,NaN,Inf,0,10,design
52.5,0,0,0,NaN,Inf,0,10,design
52.75,0,0,0,NaN,Inf,0,10,design
53,0,0,0,NaN,Inf,0,10,design
53.25,0,0,0,NaN,Inf,0,10,design
53.5,0,0,0,NaN,Inf,0,10,design
53.75,0,0,0,NaN,Inf,0,10,design
54,0,0,0,NaN,Inf,0,10,design
54.25,0,0,0,NaN,Inf,0,10,design
54.5,0,0,0,NaN,Inf,0,10,design
54.75,0,0,0,NaN,Inf,0,10,design
55,0,0,0,NaN,Inf,0,10,design
55.25,0,0,0,NaN,Inf,0,10,design
55.5,0,0,0,NaN,Inf,0,10,design
55.75,0,0,0,NaN,Inf,0,10,design
56,0,0,0,NaN,Inf,0,10,design
56.25,0,0,0,NaN,Inf,0,10,design
56.5,0,0,0,NaN,Inf,0,10,design
56.75,0,0,0,NaN,Inf,0,10,design
57,0,0,0,NaN,Inf,0,10,design
57.25,0,0,0,NaN,Inf,0,10,design
57.5,0,0,0,NaN,Inf,0,10,design
57.75,0,0,0,NaN,Inf,0,10,design
58,0,0,0,NaN,Inf,0,10,design
58.25,0,0,0,NaN,Inf,0,10,design
58.5,0,0,0,NaN,Inf,0,10,design
58.75,0,0,0,NaN,Inf,0,10,design
59,0,0,0,NaN,Inf,0,10,design
59.25,0,0,0,NaN,Inf,0,10,design
59.5,0,0,0,NaN,Inf,0,10,design
59.75,0,0,0,NaN,Inf,0,10,design
60,0,0,0,NaN,Inf,0,10,design
60.25,0,0,0,NaN,Inf,0,10,design
60.5,0,0,0,NaN,Inf,0,10,design
60.75,0,0,0,NaN,Inf,0,10,design
61,0,0,0,NaN,Inf,0,10,design
61.25,0,0,0,NaN,Inf,0,10,design
61.5,0,0,0,NaN,Inf,0,10,design
61.75,0,0,0,NaN,Inf,0,10,design
62,0,0,0,NaN,Inf,0,10,design
62.25,0,0,0,NaN,Inf,0,10,design
62.5,0,0,0,NaN,Inf,0,10,design
62.75,0,0,0,NaN,Inf,0,10,design
63,0,0,0,NaN,Inf,0,10,design
63.25,0,0,0,NaN,Inf,0,10,design
63.5,0,0,0,NaN,Inf,0,10,design
63.75,0,0,0,NaN,Inf,0,10,design
64,0,0,0,NaN,Inf,0,10,design
64.25,0,0,0,NaN,Inf,0,10,design
64.5,0,0,0,NaN,Inf,0,10,design
64.75,0,0,0,NaN,Inf,0,10,design
65,0,0,0,NaN,Inf,0,10,design
65.25,0,0,0,NaN,Inf,0,10,design
65.5,0,0,0,NaN,Inf,0,10,design
65.75,0,0,0,NaN,Inf,0,10,design
66,0,0,0,NaN,Inf,0,10,design
66.25,0,0,0,NaN,Inf,0,10,design
66.5,0,0,0,NaN,Inf,0,10,design
66.75,0,0,0,NaN,Inf,0,10,design
67,0,0,0,NaN,Inf,0,10,design
67.25,0,0,0,NaN,Inf,0,10,design
67.5,0,0,0,NaN,Inf,0,10,design
67.75,0,0,0,NaN,Inf,0,10,design
68,0,0,0,NaN,Inf,0,10,design
68.25,0,0,0,NaN,Inf,0,10,design
68.5,0,0,0,NaN,Inf,0,10,design
68.75,0,0,0,NaN,Inf,0,10,design
69,0,0,0,NaN,Inf,0,10,design
69.25,0,0,0,NaN,Inf,0,10,design
69.5,0,0,0,NaN,Inf,0,10,design
69.75,0,0,0,NaN,Inf,0,10,design
70,0,0,0,NaN,Inf,0,10,design
70.25,0,0,0,NaN,Inf,0,10,design
70.5,0,0,0,NaN,Inf,0,10,design
70.75,0,0,0,NaN,Inf,0,10,design
71,0,0,0,NaN,Inf,0,10,design
71.25,0,0,0,NaN,Inf,0,10,design
71.5,0,0,0,NaN,Inf,0,10,design
71.75,0,0,0,NaN,Inf,0,10,design
72,0,0,0,NaN,Inf,0,10,design
72.25,0,0,0,NaN,Inf,0,10,design
72.5,0,0,0,NaN,Inf,0,10,design
72.75,0,0,0,NaN,Inf,0,10,design
73,0,0,0,NaN,Inf,0,10,design
73.25,0,0,0,NaN,Inf,0,10,design
73.5,0,0,0,NaN,Inf,0,10,design
73.75,0,0,0,NaN,Inf,0,10,design
74,0,0,0,NaN,Inf,0,10,design
74.25,0,0,0,NaN,Inf,0,10,design
74.5,0,0,0,NaN,Inf,0,10,design
74.75,0,0,0,NaN,Inf,0,10,design
75,0,0,0,NaN,Inf,0,10,design
75.25,0,0,0,NaN,Inf,0,10,design
75.5,0,0,0,NaN,Inf,0,10,design
75.75,0,0,0,NaN,Inf,0,10,design
76,0,0,0,NaN,Inf,0,10,design
76.25,0,0,0,NaN,Inf,0,10,design
76.5,0,0,0,NaN,Inf,0,10,design
76.75,0,0,0,NaN,Inf,0,10,design
77,0,0,0,NaN,Inf,0,10,design
77.25,0,0,0,NaN,Inf,0,10,design
77.5,0,0,0,NaN,Inf,0,10,design
77.75,0,0,0,NaN,Inf,0,10,design
78,0,0,0,NaN,Inf,0,10,design
78.25,0,0,0,NaN,Inf,0,10,design
78.5,0,0,0,NaN,Inf,0,10,design
78.75,0,0,0,NaN,Inf,0,10,design
79,0,0,0,NaN,Inf,0,10,design
79.25,0,0,0,NaN,Inf,0,10,design
79.5,0,0,0,NaN,Inf,0,10,design
79.75,0,0,0,NaN,Inf,0,10,design
80,0,0,0,NaN,Inf,0,10,design
80.25,0,0,0,NaN,Inf,0,10,design
80.5,0,0,0,NaN,Inf,0,10,design
80.75,0,0,0,NaN,Inf,0,10,design
81,0,0,0,NaN,Inf,0,10,design
81.25,0,0,0,NaN,Inf,0,10,design
81.5,0,0,0,NaN,Inf,0,10,design
81.75,0,0,0,NaN,Inf,0,10,design
82,0,0,0,NaN,Inf,0,10,design
82.25,0,0,0,NaN,Inf,0,10,design
82.5,0,0,0,NaN,Inf,0,10,design
82.75,0,0,0,NaN,Inf,0,10,design
83,0,0,0,NaN,Inf,0,10,design
83.25,0,0,0,NaN,Inf,0,10,design
83.5,0,0,0,NaN,Inf,0,10,design
83.75,0,0,0,NaN,Inf,0,10,design
84,0,0,0,NaN,Inf,0,10,design
84.25,0,0,0,NaN,Inf,0,10,design
84.5,0,0,0,NaN,Inf,0,10,design
84.75,0,0,0,NaN,Inf,0,10,design
85,0,0,0,NaN,Inf,0,10,design
0,1,0,0,NaN,Inf,0,10,design
0.25,1,0.309917355371901,97.5206611570248,370.941371093688,Inf,0,10,design
0.5,1,0.516528925619835,97.5206611570248,188.63794691227,Inf,0,10,design
0.75,1,0.619834710743802,97.5206611570248,125.744539895832,Inf,0,10,design
1,1,0.723140495867769,97.5206611570248,94.2976927766928,Inf,0,10,design
1.25,1,0.826446280991736,97.3140495867769,74.659214859676,Inf,0,10,design
1.5,1,0.826446280991736,97.3140495867769,62.4405640202537,Inf,0,10,design
1.75,1,0.826446280991736,97.3140495867769,53.8934117384697,Inf,0,10,design
2,1,3.71900826446281,97.3140495867769,47.715677269911,Inf,0,10,design
2.25,1,4.13223140495868,97.3140495867769,43.140186399065,Inf,0,10,design
2.5,1,4.13223140495868,97.3140495867769,39.0780223351397,Inf,0,10,design
2.75,1,7.02479338842975,97.3140495867769,35.9056198070794,Inf,0,10,design
3,1,7.43801652892562,97.3140495867769,33.1603732720711,Inf,0,10,design
3.25,1,7.43801652892562,97.3140495867769,30.6558690057847,Inf,0,10,design
3.5,1,7.43801652892562,97.5206611570248,28.7704222638105,Inf,0,10,design
3.75,1,9.09090909090909,97.5206611570248,27.1793720271416,Inf,0,10,design
4,1,10.7438016528926,97.5206611570248,25.7147103018653,Inf,0,10,design
4.25,1,14.8760330578512,97.5206611570248,24.4869861645806,Inf,0,10,design
4.5,1,17.3553719008264,97.5206611570248,23.1529990271663,Inf,0,10,design
4.75,1,17.3553719008264,97.3140495867769,22.0024640158591,Inf,0,10,design
5,1,17.3553719008264,97.3140495867769,20.8883305006225,Inf,0,10,design
5.25,1,17.3553719008264,97.3140495867769,19.9007915893864,Inf,0,10,design
5.5,1,19.8347107438017,97.3140495867769,19.2564840078653,Inf,0,10,design
5.75,1,22.1074380165289,97.1074380165289,18.3572285487185,Inf,0,10,design
6,1,23.5537190082645,97.1074380165289,17.9176924930798,Inf,0,10,design
6.25,1,28.9256198347107,97.1074380165289,17.2546989424489,Inf,0,10,design
6.5,1,29.7520661157025,97.1074380165289,16.6327973932449,Inf,0,10,design
6.75,1,30.5785123966942,97.1074380165289,16.0950763731508,Inf,0,10,design
7,1,33.2644628099174,97.1074380165289,15.7092789861401,Inf,0,10,design
7.25,1,35.3305785123967,97.1074380165289,15.1544575236053,Inf,0,10,design
7.5,1,36.3636363636364,97.1074380165289,14.7170893863516,Inf,0,10,design
7.75,1,37.603305785124,97.1074380165289,14.2441386500356,Inf,0,10,design
8,1,39.5661157024793,97.1074380165289,13.85042277939,Inf,0,10,design
8.25,1,43.1818181818182,97.1074380165289,13.5129760378361,Inf,0,10,design
8.5,1,46.4876033057851,97.1074380165289,13.2180277303547,Inf,0,10,design
8.75,1,48.7603305785124,97.1074380165289,12.8469795120828,Inf,0,10,design
9,1,52.0661157024793,97.1074380165289,12.5614115774387,Inf,0,10,design
9.25,1,53.9256198347107,97.1074380165289,12.4106360032917,Inf,0,10,design
9.5,1,54.5454545454545,97.1074380165289,12.1378960066082,Inf,0,10,design
9.75,1,55.1652892561983,97.004132231405,11.8705000439154,Inf,0,10,design
10,1,57.2314049586777,96.797520661157,11.5386286049537,Inf,0,10,design
10.25,1,61.3636363636364,96.797520661157,11.363793421255,Inf,0,10,design
10.5,1,63.7396694214876,96.3842975206611,10.9875758052141,Inf,0,10,design
10.75,1,66.4256198347107,96.3842975206611,10.7634469688576,Inf,0,10,design
11,1,69.1115702479339,95.9710743801653,10.4563458366918,Inf,0,10,design
11.25,1,70.8677685950413,95.9710743801653,10.2341403535598,Inf,0,10,design
11.5,1,72.7272727272727,95.9710743801653,10.053651472729,Inf,0,10,design
11.75,1,73.3471074380165,95.9710743801653,9.89936488914797,Inf,0,10,design
12,1,74.4834710743802,95.9710743801653,9.74490054518748,Inf,0,10,design
12.25,1,76.5495867768595,95.9710743801653,9.6395226770226,Inf,0,10,design
12.5,1,76.6528925619835,95.7644628099173,9.46409428582369,Inf,0,10,design
12.75,1,76.4462809917355,95.7644628099173,9.35063701851288,Inf,0,10,design
13,1,75.6198347107438,95.7644628099173,9.24753674520225,Inf,0,10,design
13.25,1,76.2396694214876,95.7644628099173,9.08103148690202,Inf,0,10,design
13.5,1,78.4090909090909,95.5578512396694,8.95396677324581,Inf,0,10,design
13.75,1,79.0289256198347,95.5578512396694,8.79935904419412,Inf,0,10,design
14,1,79.0289256198347,95.5578512396694,8.64477747354794,Inf,0,10,design
14.25,1,79.5454545454545,95.5578512396694,8.53811212793315,Inf,0,10,design
14.5,1,79.4421487603306,95.3512396694215,8.42008273934128,Inf,0,10,design
14.75,1,78.4090909090909,95.3512396694215,8.33785081364809,Inf,0,10,design
15,1,78.8223140495868,95.3512396694215,8.23612319296071,Inf,0,10,design
15.25,1,78.6157024793389,95.3512396694215,8.11325525778542,Inf,0,10,design
15.5,1,79.0289256198347,95.3512396694215,8.03200537690459,Inf,0,10,design
15.75,1,78.6157024793389,95.1446280991736,7.93671958160123,Inf,0,10,design
16,1,78.9256198347107,95.1446280991736,7.824739597523,Inf,0,10,design
16.25,1,78.7190082644628,95.1446280991736,7.76144576849548,Inf,0,10,design
16.5,1,78.7190082644628,94.7314049586777,7.63060501620968,Inf,0,10,design
16.75,1,78.9256198347107,94.7314049586777,7.55477197799468,Inf,0,10,design
17,1,79.3388429752066,94.7314049586777,7.45810362501673,Inf,0,10,design
17.25,1,80.1652892561983,94.5247933884298,7.32937848573206,Inf,0,10,design
17.5,1,79.9586776859504,94.5247933884298,7.26997363576513,Inf,0,10,design
17.75,1,79.9586776859504,94.3181818181818,7.1783053109786,Inf,0,10,design
18,1,79.1322314049587,94.3181818181818,7.18292989589648,Inf,0,10,design
18.25,1,79.2355371900827,94.2148760330578,7.11588372124888,Inf,0,10,design
18.5,1,79.0289256198347,94.2148760330578,7.04653304213285,Inf,0,10,design
18.75,1,79.5454545454545,94.0082644628099,6.96345263294051,Inf,0,10,design
19,1,79.1322314049587,93.801652892562,6.89299928054687,Inf,0,10,design
19.25,1,80.5785123966942,93.801652892562,6.83917146664742,Inf,0,10,design
19.5,1,80.9917355371901,93.3884297520661,6.74715888624625,Inf,0,10,design
19.75,1,80.7851239669422,93.3884297520661,6.70275580190862,Inf,0,10,design
20,1,81.0950413223141,93.1818181818182,6.63903818738419,Inf,0,10,design
20.25,1,80.6818181818182,92.5619834710744,6.56602088912758,Inf,0,10,design
20.5,1,81.4049586776859,92.0454545454545,6.49738297919696,Inf,0,10,design
20.75,1,81.8181818181818,92.0454545454545,6.45009033342427,Inf,0,10,design
21,1,82.2314049586777,91.8388429752066,6.40894024198102,Inf,0,10,design
21.25,1,82.0247933884298,91.6322314049587,6.36163236801131,Inf,0,10,design
21.5,1,82.2314049586777,91.6322314049587,6.33117511310973,Inf,0,10,design
21.75,1,82.7479338842975,91.6322314049587,6.2895463013188,Inf,0,10,design
22,1,83.3677685950413,91.4256198347107,6.23147001618312,Inf,0,10,design
22.25,1,83.5743801652893,91.4256198347107,6.21778341575808,Inf,0,10,design
22.5,1,84.1942148760331,91.4256198347107,6.1759042560542,Inf,0,10,design
22.75,1,83.9876033057851,90.8057851239669,6.12480530613246,Inf,0,10,design
23,1,84.6074380165289,90.8057851239669,6.08009887337588,Inf,0,10,design
23.25,1,84.6074380165289,90.599173553719,6.06446545773518,Inf,0,10,design
23.5,1,84.8140495867769,90.1859504132231,6.021009307967,Inf,0,10,design
23.75,1,85.1239669421488,90.0826446280992,6.00448631575207,Inf,0,10,design
24,1,84.9173553719008,89.8760330578512,5.97604174126586,Inf,0,10,design
24.25,1,85.9504132231405,89.6694214876033,5.9666268057589,Inf,0,10,design
24.5,1,86.1570247933884,89.4628099173554,5.91954821275438,Inf,0,10,design
24.75,1,86.1570247933884,89.2561983471074,5.88004382357566,Inf,0,10,design
25,1,85.9504132231405,89.0495867768595,5.86160667999554,Inf,0,10,design
25.25,1,85.9504132231405,88.8429752066116,5.84703542800833,Inf,0,10,design
25.5,1,86.1570247933884,88.8429752066116,5.81526356822603,Inf,0,10,design
25.75,1,86.3636363636364,88.8429752066116,5.81266843823139,Inf,0,10,design
26,1,86.0537190082645,88.5330578512397,5.79960918945346,Inf,0,10,design
26.25,1,86.0537190082645,88.1198347107438,5.76701689841474,Inf,0,10,design
26.5,1,86.2603305785124,87.9132231404959,5.73795755136736,Inf,0,10,design
26.75,1,86.0537190082645,87.7066115702479,5.73642446317375,Inf,0,10,design
27,1,85.4338842975207,87.0867768595041,5.73425031107125,Inf,0,10,design
27.25,1,85.3305785123967,86.7768595041322,5.72462018808312,Inf,0,10,design
27.5,1,85.3305785123967,86.5702479338843,5.70053970464296,Inf,0,10,design
27.75,1,84.9173553719008,85.7438016528926,5.64760699076241,Inf,0,10,design
28,1,84.7107438016529,85.5371900826446,5.64492055502785,Inf,0,10,design
28.25,1,84.297520661157,85.1239669421488,5.64376371513635,Inf,0,10,design
28.5,1,84.297520661157,84.9173553719008,5.63745148030903,Inf,0,10,design
28.75,1,83.6776859504132,84.297520661157,5.6197151624583,Inf,0,10,design
29,1,83.4710743801653,83.8842975206611,5.60917961499002,Inf,0,10,design
29.25,1,83.3677685950413,83.7809917355372,5.61989877933865,Inf,0,10,design
29.5,1,82.9545454545455,83.3677685950413,5.61826112666511,Inf,0,10,design
29.75,1,82.4380165289256,82.8512396694215,5.6314696140841,Inf,0,10,design
30,1,82.1280991735537,82.3347107438017,5.62049413487526,Inf,0,10,design
30.25,1,81.9214876033058,82.1280991735537,5.62357863129722,Inf,0,10,design
30.5,1,81.9214876033058,81.9214876033058,5.61840884029689,Inf,0,10,design
30.75,1,81.7148760330578,81.7148760330578,5.6322668799699,Inf,0,10,design
31,1,81.0950413223141,81.0950413223141,5.62636012455689,Inf,0,10,design
31.25,1,80.8884297520661,80.8884297520661,5.64938721156976,Inf,0,10,design
31.5,1,80.4752066115702,80.4752066115702,5.66088984011036,Inf,0,10,design
31.75,1,79.8553719008264,79.8553719008264,5.63976848635187,Inf,0,10,design
32,1,79.4421487603306,79.4421487603306,5.63508041550272,Inf,0,10,design
32.25,1,78.7190082644628,78.7190082644628,5.63628974102105,Inf,0,10,design
32.5,1,77.1694214876033,77.1694214876033,5.6269989430508,Inf,0,10,design
32.75,1,76.4462809917355,76.4462809917355,5.64015727536437,Inf,0,10,design
33,1,75.8264462809917,75.8264462809917,5.65938944619021,Inf,0,10,design
33.25,1,75.6198347107438,75.6198347107438,5.66815184750366,Inf,0,10,design
33.5,1,75.2066115702479,75.2066115702479,5.68141335615722,Inf,0,10,design
33.75,1,74.6900826446281,74.6900826446281,5.69335157045935,Inf,0,10,design
34,1,73.4504132231405,73.4504132231405,5.67184945197978,Inf,0,10,design
34.25,1,72.7272727272727,72.7272727272727,5.69708752992008,Inf,0,10,design
34.5,1,71.900826446281,71.900826446281,5.72222720204601,Inf,0,10,design
34.75,1,71.4876033057851,71.4876033057851,5.73124216848153,Inf,0,10,design
35,1,70.6611570247934,70.6611570247934,5.73265116671858,Inf,0,10,design
35.25,1,69.4214876033058,69.4214876033058,5.73358021711509,Inf,0,10,design
35.5,1,68.5950413223141,68.5950413223141,5.76325095470099,Inf,0,10,design
35.75,1,68.2851239669422,68.2851239669422,5.77892671804297,Inf,0,10,design
36,1,67.6652892561983,67.6652892561983,5.78757455967264,Inf,0,10,design
36.25,1,66.8388429752066,66.8388429752066,5.8070100258632,Inf,0,10,design
36.5,1,65.2892561983471,65.2892561983471,5.8434635650039,Inf,0,10,design
36.75,1,64.7727272727273,64.7727272727273,5.853946098168,Inf,0,10,design
37,1,63.8429752066116,63.8429752066116,5.88731558301873,Inf,0,10,design
37.25,1,62.603305785124,62.603305785124,5.88389675490251,Inf,0,10,design
37.5,1,61.9834710743802,61.9834710743802,5.89289178693105,Inf,0,10,design
37.75,1,60.3305785123967,60.3305785123967,5.90897246418774,Inf,0,10,design
38,1,59.297520661157,59.297520661157,5.93231299246063,Inf,0,10,design
38.25,1,58.5743801652893,58.5743801652893,5.95328884501384,Inf,0,10,design
38.5,1,57.9545454545455,57.9545454545455,6.01722107376183,Inf,0,10,design
38.75,1,56.301652892562,56.301652892562,6.00242510944387,Inf,0,10,design
39,1,55.5785123966942,55.5785123966942,6.03277161860807,Inf,0,10,design
39.25,1,54.3388429752066,54.3388429752066,6.04673926138675,Inf,0,10,design
39.5,1,53.3057851239669,53.3057851239669,6.04342247241805,Inf,0,10,design
39.75,1,51.8595041322314,51.8595041322314,6.09379449786066,Inf,0,10,design
40,1,50.4132231404959,50.4132231404959,6.12000563947271,Inf,0,10,design
40.25,1,48.5537190082645,48.5537190082645,6.16030624154469,Inf,0,10,design
40.5,1,47.9338842975207,47.9338842975207,6.19239354381572,Inf,0,10,design
40.75,1,47.5206611570248,47.5206611570248,6.23563302116843,Inf,0,10,design
41,1,46.6942148760331,46.6942148760331,6.26933312912051,Inf,0,10,design
41.25,1,44.8347107438017,44.8347107438017,6.28486006270545,Inf,0,10,design
41.5,1,44.0082644628099,44.0082644628099,6.32504895554266,Inf,0,10,design
41.75,1,42.0454545454545,42.0454545454545,6.34980314798175,Inf,0,10,design
42,1,40.702479338843,40.702479338843,6.39482654527528,Inf,0,10,design
42.25,1,39.9793388429752,39.9793388429752,6.44028346111857,Inf,0,10,design
42.5,1,38.3264462809917,38.3264462809917,6.48130013911105,Inf,0,10,design
42.75,1,36.4669421487603,36.4669421487603,6.49466087186425,Inf,0,10,design
43,1,34.8140495867769,34.8140495867769,6.55792267246562,Inf,0,10,design
43.25,1,33.4710743801653,33.4710743801653,6.58516348825289,Inf,0,10,design
43.5,1,31.8181818181818,31.8181818181818,6.61821245875508,Inf,0,10,design
43.75,1,30.4752066115703,30.4752066115703,6.62360724526681,Inf,0,10,design
44,1,29.3388429752066,29.3388429752066,6.62974288760446,Inf,0,10,design
44.25,1,27.3760330578512,27.3760330578512,6.62786940096817,Inf,0,10,design
44.5,1,24.896694214876,24.896694214876,6.60612072324147,Inf,0,10,design
44.75,1,23.8636363636364,23.8636363636364,6.57687240809896,Inf,0,10,design
45,1,23.1404958677686,23.1404958677686,6.61275054379166,Inf,0,10,design
45.25,1,21.2809917355372,21.2809917355372,6.65291757386628,Inf,0,10,design
45.5,1,20.6611570247934,20.6611570247934,6.69014505124258,Inf,0,10,design
45.75,1,18.2851239669421,18.2851239669421,6.71690662125047,Inf,0,10,design
46,1,15.8057851239669,15.8057851239669,6.76663598193011,Inf,0.826446280991736,10,design
46.25,1,14.9793388429752,14.9793388429752,6.82408337723578,Inf,0,10,design
46.5,1,13.7396694214876,13.7396694214876,6.85428266908211,Inf,0,10,design
46.75,1,10.0206611570248,10.0206611570248,6.84040540211335,Inf,0,10,design
47,1,8.88429752066116,8.88429752066116,6.81021989936596,Inf,0,10,design
47.25,1,8.47107438016529,8.47107438016529,6.78499287455935,Inf,0,10,design
47.5,1,7.54132231404959,7.54132231404959,6.68408263484218,Inf,0,10,design
47.75,1,6.61157024793388,6.61157024793388,6.81014178757997,Inf,0,10,design
48,1,5.78512396694215,5.78512396694215,6.83915361584717,Inf,0,10,design
48.25,1,5.37190082644628,5.37190082644628,6.8696022845798,Inf,0,10,design
48.5,1,3.92561983471074,3.92561983471074,6.8285553944563,Inf,0,10,design
48.75,1,3.20247933884297,3.20247933884297,6.78263784185101,Inf,0,10,design
49,1,1.13636363636364,1.13636363636364,6.65735474263844,Inf,0,10,design
49.25,1,0,0,NaN,Inf,0,10,design
49.5,1,0,0,NaN,Inf,0,10,design
49.75,1,0,0,NaN,Inf,0,10,design
50,1,0,0,NaN,Inf,0,10,design
50.25,1,0,0,NaN,Inf,0,10,design
50.5,1,0,0,NaN,Inf,0,10,design
50.75,1,0,0,NaN,Inf,0,10,design
51,1,0,0,NaN,Inf,0,10,design
51.25,1,0,0,NaN,Inf,0,10,design
51.5,1,0,0,NaN,Inf,0,10,design
51.75,1,0,0,NaN,Inf,0,10,design
52,1,0,0,NaN,Inf,0,10,design
52.25,1,0,0,NaN,Inf,0,10,design
52.5,1,0,0,NaN,Inf,0,10,design
52.75,1,0,0,NaN,Inf,0,10,design
53,1,0,0,NaN,Inf,0,10,design
53.25,1,0,0,NaN,Inf,0,10,design
53.5,1,0,0,NaN,Inf,0,10,design
53.75,1,0,0,NaN,Inf,0,10,design
54,1,0,0,NaN,Inf,0,10,design
54.25,1,0,0,NaN,Inf,0,10,design
54.5,1,0,0,NaN,Inf,0,10,design
54.75,1,0,0,NaN,Inf,0,10,design
55,1,0,0,NaN,Inf,0,10,design
55.25,1,0,0,NaN,Inf,0,10,design
55.5,1,0,0,NaN,Inf,0,10,design
55.75,1,0,0,NaN,Inf,0,10,design
56,1,0,0,NaN,Inf,0,10,design
56.25,1,0,0,NaN,Inf,0,10,design
56.5,1,0,0,NaN,Inf,0,10,design
56.75,1,0,0,NaN,Inf,0,10,design
57,1,0,0,NaN,Inf,0,10,design
57.25,1,0,0,NaN,Inf,0,10,design
57.5,1,0,0,NaN,Inf,0,10,design
57.75,1,0,0,NaN,Inf,0,10,design
58,1,0,0,NaN,Inf,0,10,design
58.25,1,0,0,NaN,Inf,0,10,design
58.5,1,0,0,NaN,Inf,0,10,design
58.75,1,0,0,NaN,Inf,0,10,design
59,1,0,0,NaN,Inf,0,10,design
59.25,1,0,0,NaN,Inf,0,10,design
59.5,1,0,0,NaN,Inf,0,10,design
59.75,1,0,0,NaN,Inf,0,10,design
60,1,0,0,NaN,Inf,0,10,design
60.25,1,0,0,NaN,Inf,0,10,design
60.5,1,0,0,NaN,Inf,0,10,design
60.75,1,0,0,NaN,Inf,0,10,design
61,1,0,0,NaN,Inf,0,10,design
61.25,1,0,0,NaN,Inf,0,10,design
61.5,1,0,0,NaN,Inf,0,10,design
61.75,1,0,0,NaN,Inf,0,10,design
62,1,0,0,NaN,Inf,0,10,design
62.25,1,0,0,NaN,Inf,0,10,design
62.5,1,0,0,NaN,Inf,0,10,design
62.75,1,0,0,NaN,Inf,0,10,design
63,1,0,0,NaN,Inf,0,10,design
63.25,1,0,0,NaN,Inf,0,10,design
63.5,1,0,0,NaN,Inf,0,10,design
63.75,1,0,0,NaN,Inf,0,10,design
64,1,0,0,NaN,Inf,0,10,design
64.25,1,0,0,NaN,Inf,0,10,design
64.5,1,0,0,NaN,Inf,0,10,design
64.75,1,0,0,NaN,Inf,0,10,design
65,1,0,0,NaN,Inf,0,10,design
65.25,1,0,0,NaN,Inf,0,10,design
65.5,1,0,0,NaN,Inf,0,10,design
65.75,1,0,0,NaN,Inf,0,10,design
66,1,0,0,NaN,Inf,0,10,design
66.25,1,0,0,NaN,Inf,0,10,design
66.5,1,0,0,NaN,Inf,0,10,design
66.75,1,0,0,NaN,Inf,0,10,design
67,1,0,0,NaN,Inf,0,10,design
67.25,1,0,0,NaN,Inf,0,10,design
67.5,1,0,0,NaN,Inf,0,10,design
67.75,1,0,0,NaN,Inf,0,10,design
68,1,0,0,NaN,Inf,0,10,design
68.25,1,0,0,NaN,Inf,0,10,design
68.5,1,0,0,NaN,Inf,0,10,design
68.75,1,0,0,NaN,Inf,0,10,design
69,1,0,0,NaN,Inf,0,10,design
69.25,1,0,0,NaN,Inf,0,10,design
69.5,1,0,0,NaN,Inf,0,10,design
69.75,1,0,0,NaN,Inf,0,10,design
70,1,0,0,NaN,Inf,0,10,design
70.25,1,0,0,NaN,Inf,0,10,design
70.5,1,0,0,NaN,Inf,0,10,design
70.75,1,0,0,NaN,Inf,0,10,design
71,1,0,0,NaN,Inf,0,10,design
71.25,1,0,0,NaN,Inf,0,10,design
71.5,1,0,0,NaN,Inf,0,10,design
71.75,1,0,0,NaN,Inf,0,10,design
72,1,0,0,NaN,Inf,0,10,design
72.25,1,0,0,NaN,Inf,0,10,design
72.5,1,0,0,NaN,Inf,0,10,design
72.75,1,0,0,NaN,Inf,0,10,design
73,1,0,0,NaN,Inf,0,10,design
73.25,1,0,0,NaN,Inf,0,10,design
73.5,1,0,0,NaN,Inf,0,10,design
73.75,1,0,0,NaN,Inf,0,10,design
74,1,0,0,NaN,Inf,0,10,design
74.25,1,0,0,NaN,Inf,0,10,design
74.5,1,0,0,NaN,Inf,0,10,design
74.75,1,0,0,NaN,Inf,0,10,design
75,1,0,0,NaN,Inf,0,10,design
75.25,1,0,0,NaN,Inf,0,10,design
75.5,1,0,0,NaN,Inf,0,10,design
75.75,1,0,0,NaN,Inf,0,10,design
76,1,0,0,NaN,Inf,0,10,design
76.25,1,0,0,NaN,Inf,0,10,design
76.5,1,0,0,NaN,Inf,0,10,design
76.75,1,0,0,NaN,Inf,0,10,design
77,1,0,0,NaN,Inf,0,10,design
77.25,1,0,0,NaN,Inf,0,10,design
77.5,1,0,0,NaN,Inf,0,10,design
77.75,1,0,0,NaN,Inf,0,10,design
78,1,0,0,NaN,Inf,0,10,design
78.25,1,0,0,NaN,Inf,0,10,design
78.5,1,0,0,NaN,Inf,0,10,design
78.75,1,0,0,NaN,Inf,0,10,design
79,1,0,0,NaN,Inf,0,10,design
79.25,1,0,0,NaN,Inf,0,10,design
79.5,1,0,0,NaN,Inf,0,10,design
79.75,1,0,0,NaN,Inf,0,10,design
80,1,0,0,NaN,Inf,0,10,design
80.25,1,0,0,NaN,Inf,0,10,design
80.5,1,0,0,NaN,Inf,0,10,design
80.75,1,0,0,NaN,Inf,0,10,design
81,1,0,0,NaN,Inf,0,10,design
81.25,1,0,0,NaN,Inf,0,10,design
81.5,1,0,0,NaN,Inf,0,10,design
81.75,1,0,0,NaN,Inf,0,10,design
82,1,0,0,NaN,Inf,0,10,design
82.25,1,0,0,NaN,Inf,0,10,design
82.5,1,0,0,NaN,Inf,0,10,design
82.75,1,0,0,NaN,Inf,0,10,design
83,1,0,0,NaN,Inf,0,10,design
83.25,1,0,0,NaN,Inf,0,10,design
83.5,1,0,0,NaN,Inf,0,10,design
83.75,1,0,0,NaN,Inf,0,10,design
84,1,0,0,NaN,Inf,0,10,design
84.25,1,0,0,NaN,Inf,0,10,design
84.5,1,0,0,NaN,Inf,0,10,design
84.75,1,0,0,NaN,Inf,0,10,design
85,1,0,0,NaN,Inf,0,10,design
0,0,0,0,NaN,Inf,0,10,validation
0.25,0,6.96900982615268,98.6999244142101,39.2278973356013,Inf,0,10,validation
0.5,0,24.32350718065,98.6999244142101,19.6354800500917,Inf,0,10,validation
0.75,0,44.3839758125472,98.6999244142101,13.1261282344684,Inf,0,10,validation
1,0,63.5374149659864,98.6999244142101,9.89480398353994,Inf,0,10,validation
1.25,0,78.7150415721844,98.6999244142101,7.93143385542983,Inf,0,10,validation
1.5,0,88.1481481481482,98.6999244142101,6.61814443860517,Inf,0,10,validation
1.75,0,94.2252456538171,98.6696900982615,5.691232891208,Inf,0,10,validation
2,0,96.6742252456538,98.6696900982615,4.99136994159202,Inf,0,10,validation
2.25,0,97.7928949357521,98.6696900982615,4.45457052194985,Inf,0,10,validation
2.5,0,98.1859410430839,98.6696900982615,4.01782188198272,Inf,0,10,validation
2.75,0,98.3673469387755,98.6394557823129,3.66199566117348,Inf,0,10,validation
3,0,98.3371126228269,98.6092214663643,3.36618731701467,Inf,0,10,validation
3.25,0,98.3975812547241,98.5789871504157,3.11482005077814,Inf,0,10,validation
3.5,0,98.4278155706727,98.6092214663643,2.90318612878237,Inf,0,10,validation
3.75,0,98.5185185185185,98.6092214663643,2.7208303173643,Inf,0,10,validation
4,0,98.5185185185185,98.5789871504157,2.55254904786812,Inf,0,10,validation
4.25,0,98.5789871504157,98.5789871504157,2.41685280516368,Inf,0,10,validation
4.5,0,98.5789871504157,98.5789871504157,2.2893625115725,Inf,0,10,validation
4.75,0,98.5487528344671,98.5487528344671,2.17433077384901,Inf,0,10,validation
5,0,98.5185185185185,98.5185185185185,2.06950330324361,Inf,0,10,validation
5.25,0,98.5185185185185,98.5185185185185,1.97626983084145,Inf,0,10,validation
5.5,0,98.5185185185185,98.5185185185185,1.89780588887416,Inf,0,10,validation
5.75,0,98.4882842025699,98.4882842025699,1.81743529303779,Inf,0,10,validation
6,0,98.4882842025699,98.4882842025699,1.75055057423194,Inf,0,10,validation
6.25,0,98.4580498866213,98.4580498866213,1.69025334059308,Inf,0,10,validation
6.5,0,98.4580498866213,98.4580498866213,1.62915202311135,Inf,0,10,validation
6.75,0,98.4278155706727,98.4278155706727,1.57145851289702,Inf,0,10,validation
7,0,98.4278155706727,98.4278155706727,1.5206249994723,Inf,0,10,validation
7.25,0,98.3673469387755,98.3673469387755,1.47214494183424,Inf,0,10,validation
7.5,0,98.3068783068783,98.3068783068783,1.42828382003846,Inf,0,10,validation
7.75,0,98.3068783068783,98.3068783068783,1.39030414683342,Inf,0,10,validation
8,0,98.2464096749811,98.2464096749811,1.35011125477205,Inf,0,10,validation
8.25,0,98.2464096749811,98.2464096749811,1.31240396887634,Inf,0,10,validation
8.5,0,98.2464096749811,98.2464096749811,1.28172922380317,Inf,0,10,validation
8.75,0,98.2766439909297,98.2766439909297,1.25082347894453,Inf,0,10,validation
9,0,98.2464096749811,98.2464096749811,1.21998681619124,Inf,0,10,validation
9.25,0,98.2464096749811,98.2464096749811,1.19292673228277,Inf,0,10,validation
9.5,0,98.2464096749811,98.2464096749811,1.16620541004566,Inf,0,10,validation
9.75,0,98.2312925170068,98.2312925170068,1.13948355612372,Inf,0,10,validation
10,0,98.2010582010582,98.2010582010582,1.11623819968712,Inf,0,10,validation
10.25,0,98.1708238851096,98.1708238851096,1.0931435276191,Inf,0,10,validation
10.5,0,98.0498866213152,98.0498866213152,1.07183297950157,Inf,0,10,validation
10.75,0,98.0196523053666,98.0196523053666,1.05361334422914,Inf,0,10,validation
11,0,97.8080120937264,97.8080120937264,1.03024128262843,Inf,0,10,validation
11.25,0,97.8080120937264,97.8080120937264,1.0102297962097,Inf,0,10,validation
11.5,0,97.8080120937264,97.8080120937264,0.991785673440937,Inf,0,10,validation
11.75,0,97.7475434618292,97.7475434618292,0.976369784206616,Inf,0,10,validation
12,0,97.687074829932,97.687074829932,0.959125073588711,Inf,0,10,validation
12.25,0,97.6568405139834,97.6568405139834,0.945594595596519,Inf,0,10,validation
12.5,0,97.535903250189,97.535903250189,0.930137395616581,Inf,0,10,validation
12.75,0,97.4754346182918,97.4754346182918,0.91613666110386,Inf,0,10,validation
13,0,97.384731670446,97.384731670446,0.90291680480556,Inf,0,10,validation
13.25,0,97.384731670446,97.384731670446,0.888916336825411,Inf,0,10,validation
13.5,0,97.3242630385488,97.3242630385488,0.877705333894215,Inf,0,10,validation
13.75,0,97.2940287226002,97.2940287226002,0.86588871742018,Inf,0,10,validation
14,0,97.2940287226002,97.2940287226002,0.855985930634504,Inf,0,10,validation
14.25,0,97.2637944066516,97.2637944066516,0.845052240996695,Inf,0,10,validation
14.5,0,97.18820861678,97.18820861678,0.836449491245498,Inf,0,10,validation
14.75,0,97.1579743008314,97.1579743008314,0.826519740370255,Inf,0,10,validation
15,0,97.0975056689342,97.0975056689342,0.817604610229011,Inf,0,10,validation
15.25,0,97.0672713529856,97.0672713529856,0.808942184478571,Inf,0,10,validation
15.5,0,96.9312169312169,96.9312169312169,0.798651657110706,Inf,0,10,validation
15.75,0,96.8707482993197,96.8707482993197,0.790872216302543,Inf,0,10,validation
16,0,96.8707482993197,96.8707482993197,0.783423882021276,Inf,0,10,validation
16.25,0,96.7800453514739,96.7800453514739,0.778079003328209,Inf,0,10,validation
16.5,0,96.5986394557823,96.5986394557823,0.769455358528116,Inf,0,10,validation
16.75,0,96.4777021919879,96.4777021919879,0.761686677331245,Inf,0,10,validation
17,0,96.3869992441421,96.3869992441421,0.756890852357143,Inf,0,10,validation
17.25,0,96.3265306122449,96.3265306122449,0.750415376212915,Inf,0,10,validation
17.5,0,96.2358276643991,96.2358276643991,0.744416852564363,Inf,0,10,validation
17.75,0,96.0846560846561,96.0846560846561,0.738069271644643,Inf,0,10,validation
18,0,95.9334845049131,95.9334845049131,0.733575631307725,Inf,0,10,validation
18.25,0,95.9183673469388,95.9183673469388,0.730568396534893,Inf,0,10,validation
18.5,0,95.8881330309902,95.8881330309902,0.7256508873812,Inf,0,10,validation
18.75,0,95.7974300831444,95.7974300831444,0.720574076334767,Inf,0,10,validation
19,0,95.5857898715042,95.5857898715042,0.716973093786847,Inf,0,10,validation
19.25,0,95.5102040816327,95.5102040816327,0.712416631201512,Inf,0,10,validation
19.5,0,95.3892668178382,95.3892668178382,0.709197893140667,Inf,0,10,validation
19.75,0,95.3590325018896,95.3590325018896,0.70529512841724,Inf,0,10,validation
20,0,95.2683295540438,95.2683295540438,0.702490360727247,Inf,0,10,validation
20.25,0,95.1171579743008,95.1171579743008,0.699635203460858,Inf,0,10,validation
20.5,0,94.8904006046863,94.8904006046863,0.697482857319068,Inf,0,10,validation
20.75,0,94.7694633408919,94.7694633408919,0.695299797983883,Inf,0,10,validation
21,0,94.6182917611489,94.6182917611489,0.693740653936296,Inf,0,10,validation
21.25,0,94.421768707483,94.421768707483,0.69104083997984,Inf,0,10,validation
21.5,0,94.3008314436886,94.3008314436886,0.689285619187654,Inf,0,10,validation
21.75,0,94.1496598639456,94.1496598639456,0.685392625274487,Inf,0,10,validation
22,0,93.968253968254,93.968253968254,0.683259723451865,Inf,0,10,validation
22.25,0,93.8926681783825,93.8926681783825,0.681844576694127,Inf,0,10,validation
22.5,0,93.7112622826909,93.7112622826909,0.679917914577546,Inf,0,10,validation
22.75,0,93.5298563869992,93.5298563869992,0.678951919648229,Inf,0,10,validation
23,0,93.469387755102,93.469387755102,0.676727639890884,Inf,0,10,validation
23.25,0,93.2879818594104,93.2879818594104,0.678043603589471,Inf,0,10,validation
23.5,0,93.1065759637188,93.1065759637188,0.675146979086408,Inf,0,10,validation
23.75,0,92.86470143613,92.86470143613,0.673538021435881,Inf,0,10,validation
24,0,92.6832955404384,92.6832955404384,0.673115489742812,Inf,0,10,validation
24.25,0,92.4414210128496,92.4414210128496,0.673141033842386,Inf,0,10,validation
24.5,0,92.2902494331066,92.2902494331066,0.671710625781785,Inf,0,10,validation
24.75,0,92.0634920634921,92.0634920634921,0.669714561619688,Inf,0,10,validation
25,0,91.8065003779289,91.8065003779289,0.669670771251005,Inf,0,10,validation
25.25,0,91.5948601662887,91.5948601662887,0.670369950107342,Inf,0,10,validation
25.5,0,91.5041572184429,91.5041572184429,0.670958816902575,Inf,0,10,validation
25.75,0,91.2471655328798,91.2471655328798,0.67055099056105,Inf,0,10,validation
26,0,90.8390022675737,90.8390022675737,0.668869384224885,Inf,0,10,validation
26.25,0,90.4157218442933,90.4157218442933,0.668965628977722,Inf,0,10,validation
26.5,0,90.2947845804989,90.2947845804989,0.668292564157002,Inf,0,10,validation
26.75,0,90.098261526833,90.098261526833,0.667540257254593,Inf,0,10,validation
27,0,89.9168556311413,89.9168556311413,0.667695056948912,Inf,0,10,validation
27.25,0,89.6900982615268,89.6900982615268,0.668024945511281,Inf,0,10,validation
27.5,0,89.3424036281179,89.3424036281179,0.667276957489362,Inf,0,10,validation
27.75,0,89.0400604686319,89.0400604686319,0.664691215144308,Inf,0,10,validation
28,0,88.5714285714286,88.5714285714286,0.66486411662314,Inf,0,10,validation
28.25,0,88.1481481481482,88.1481481481482,0.663970836269462,Inf,0,10,validation
28.5,0,87.9516250944822,87.9516250944822,0.664643965577578,Inf,0,10,validation
28.75,0,87.6039304610733,87.6039304610733,0.664283892023475,Inf,0,10,validation
29,0,87.2108843537415,87.2108843537415,0.664181330071106,Inf,0,10,validation
29.25,0,86.8934240362812,86.8934240362812,0.662209029653285,Inf,0,10,validation
29.5,0,86.5154950869237,86.5154950869237,0.662286520960218,Inf,0,10,validation
29.75,0,86.0468631897203,86.0468631897203,0.66227079865116,Inf,0,10,validation
30,0,85.8049886621315,85.8049886621315,0.661128643708942,Inf,0,10,validation
30.25,0,85.3212396069539,85.3212396069539,0.659950594727886,Inf,0,10,validation
30.5,0,84.8979591836735,84.8979591836735,0.659869471267772,Inf,0,10,validation
30.75,0,84.3537414965986,84.3537414965986,0.658962057489366,Inf,0,10,validation
31,0,84.0513983371126,84.0513983371126,0.657980826115219,Inf,0,10,validation
31.25,0,83.4013605442177,83.4013605442177,0.656621233871087,Inf,0,10,validation
31.5,0,82.8269085411943,82.8269085411943,0.65593329074782,Inf,0,10,validation
31.75,0,82.4036281179138,82.4036281179138,0.65434233387541,Inf,0,10,validation
32,0,81.8291761148904,81.8291761148904,0.651804493071328,Inf,0,10,validation
32.25,0,81.4361300075586,81.4361300075586,0.651782562612305,Inf,0,10,validation
32.5,0,80.7105064247921,80.7105064247921,0.650783620172707,Inf,0,10,validation
32.75,0,80.3325774754346,80.3325774754346,0.650882652666868,Inf,0,10,validation
33,0,79.5767195767196,79.5767195767196,0.648901743123082,Inf,0,10,validation
33.25,0,79.0476190476191,79.0476190476191,0.64765512066472,Inf,0,10,validation
33.5,0,78.3673469387755,78.3673469387755,0.646976773452084,Inf,0,10,validation
33.75,0,77.6719576719577,77.6719576719577,0.644953452729288,Inf,0,10,validation
34,0,77.0672713529856,77.0672713529856,0.642580007246876,Inf,0,10,validation
34.25,0,76.3265306122449,76.3265306122449,0.642387207659111,Inf,0,10,validation
34.5,0,75.6916099773243,75.6916099773243,0.6408462028907,Inf,0,10,validation
34.75,0,74.7543461829176,74.7543461829176,0.638674622292283,Inf,0,10,validation
35,0,73.9077853363568,73.9077853363568,0.636530604038413,Inf,0,10,validation
35.25,0,73.2577475434618,73.2577475434618,0.635384987192537,Inf,0,10,validation
35.5,0,72.4414210128496,72.4414210128496,0.634597745989902,Inf,0,10,validation
35.75,0,71.7762660619803,71.7762660619803,0.63345183194131,Inf,0,10,validation
36,0,70.6575963718821,70.6575963718821,0.630792825854137,Inf,0,10,validation
36.25,0,69.9470899470899,69.9470899470899,0.629530628957433,Inf,0,10,validation
36.5,0,69.0854119425548,69.0854119425548,0.627859436444998,Inf,0,10,validation
36.75,0,68.3597883597884,68.3597883597884,0.626887963518412,Inf,0,10,validation
37,0,67.2108843537415,67.2108843537415,0.6252858128715,Inf,0,10,validation
37.25,0,66.1224489795918,66.1224489795918,0.62245085484375,Inf,0,10,validation
37.5,0,65.1398337112623,65.1398337112623,0.620599227241948,Inf,0,10,validation
37.75,0,64.021164021164,64.021164021164,0.618926637515981,Inf,0,10,validation
38,0,63.2501889644747,63.2501889644747,0.61773541362798,Inf,0,10,validation
38.25,0,62.1315192743764,62.1315192743764,0.617683981325128,Inf,0,10,validation
38.5,0,60.8616780045352,60.8616780045352,0.616314097261098,Inf,0,10,validation
38.75,0,59.7430083144369,59.7430083144369,0.613937489632148,Inf,0,10,validation
39,0,58.8359788359788,58.8359788359788,0.6112519591534,Inf,0,10,validation
39.25,0,57.6266061980348,57.6266061980348,0.610840000378389,Inf,0,10,validation
39.5,0,56.3567649281935,56.3567649281935,0.607086308657015,Inf,0,10,validation
39.75,0,55.1927437641723,55.1927437641723,0.605821378915545,Inf,0,10,validation
40,0,53.9833711262283,53.9833711262283,0.605008915555967,Inf,0,10,validation
40.25,0,52.6530612244898,52.6530612244898,0.603141534110692,Inf,0,10,validation
40.5,0,51.6704459561602,51.6704459561602,0.602496974440662,Inf,0,10,validation
40.75,0,50.2796674225246,50.2796674225246,0.601982191746822,Inf,0,10,validation
41,0,49.0098261526833,49.0098261526833,0.600987496190389,Inf,0,10,validation
41.25,0,47.437641723356,47.437641723356,0.598356784785561,Inf,0,10,validation
41.5,0,46.182917611489,46.182917611489,0.597098535274664,Inf,0,10,validation
41.75,0,44.6258503401361,44.6258503401361,0.595464794465463,Inf,0,10,validation
42,0,43.1897203325775,43.1897203325775,0.591833970154946,Inf,0,10,validation
42.25,0,41.9501133786848,41.9501133786848,0.592706084400704,Inf,0,10,validation
42.5,0,40.2721088435374,40.2721088435374,0.59189987185146,Inf,0,10,validation
42.75,0,39.0778533635676,39.0778533635676,0.59002506575786,Inf,0,10,validation
43,0,37.3998488284203,37.3998488284203,0.591449835178588,Inf,0,10,validation
43.25,0,36.0090702947846,36.0090702947846,0.591259048341186,Inf,0,10,validation
43.5,0,34.3159486016629,34.3159486016629,0.591486202149805,Inf,0,10,validation
43.75,0,32.8344671201814,32.8344671201814,0.590181299680294,Inf,0,10,validation
44,0,31.2320483749055,31.2320483749055,0.587629954115308,Inf,0,10,validation
44.25,0,29.5238095238095,29.5238095238095,0.587980951448295,Inf,0,10,validation
44.5,0,27.6946334089191,27.6946334089191,0.589592829765441,Inf,0,10,validation
44.75,0,26.0619803476946,26.0619803476946,0.590420319777461,Inf,0,10,validation
45,0,24.4142101284958,24.4142101284958,0.590326652766913,Inf,0,10,validation
45.25,0,22.2826908541194,22.2826908541194,0.595130662204887,Inf,0,10,validation
45.5,0,20.5895691609977,20.5895691609977,0.598161954030008,Inf,0,10,validation
45.75,0,18.9115646258503,18.9115646258503,0.598902324916836,Inf,0,10,validation
46,0,16.7044595616024,16.7044595616024,0.602790404159884,Inf,0.226757369614512,10,validation
46.25,0,15.4043839758125,15.4043839758125,0.599947540580948,Inf,0,10,validation
46.5,0,13.6961451247166,13.6961451247166,0.593828706388205,Inf,0,10,validation
46.75,0,10.5971277399849,10.5971277399849,0.600681953753655,Inf,0,10,validation
47,0,9.26681783824641,9.26681783824641,0.606004711023358,Inf,0,10,validation
47.25,0,8.35978835978836,8.35978835978836,0.602765454995534,Inf,0,10,validation
47.5,0,7.48299319727891,7.48299319727891,0.593266432046875,Inf,0,10,validation
47.75,0,6.33408919123205,6.33408919123205,0.589134762826592,Inf,0,10,validation
48,0,4.85260770975057,4.85260770975057,0.57894621699008,Inf,0,10,validation
48.25,0,3.74905517762661,3.74905517762661,0.574346687943101,Inf,0,10,validation
48.5,0,2.60015117157974,2.60015117157974,0.560879708611757,Inf,0,10,validation
48.75,0,1.8442932728647,1.8442932728647,0.573200656811726,Inf,0,10,validation
49,0,0.604686318972033,0.604686318972033,0.566606380365672,Inf,0,10,validation
49.25,0,0,0,NaN,Inf,0,10,validation
49.5,0,0,0,NaN,Inf,0,10,validation
49.75,0,0,0,NaN,Inf,0,10,validation
50,0,0,0,NaN,Inf,0,10,validation
50.25,0,0,0,NaN,Inf,0,10,validation
50.5,0,0,0,NaN,Inf,0,10,validation
50.75,0,0,0,NaN,Inf,0,10,validation
51,0,0,0,NaN,Inf,0,10,validation
51.25,0,0,0,NaN,Inf,0,10,validation
51.5,0,0,0,NaN,Inf,0,10,validation
51.75,0,0,0,NaN,Inf,0,10,validation
52,0,0,0,NaN,Inf,0,10,validation
52.25,0,0,0,NaN,Inf,0,10,validation
52.5,0,0,0,NaN,Inf,0,10,validation
52.75,0,0,0,NaN,Inf,0,10,validation
53,0,0,0,NaN,Inf,0,10,validation
53.25,0,0,0,NaN,Inf,0,10,validation
53.5,0,0,0,NaN,Inf,0,10,validation
53.75,0,0,0,NaN,Inf,0,10,validation
54,0,0,0,NaN,Inf,0,10,validation
54.25,0,0,0,NaN,Inf,0,10,validation
54.5,0,0,0,NaN,Inf,0,10,validation
54.75,0,0,0,NaN,Inf,0,10,validation
55,0,0,0,NaN,Inf,0,10,validation
55.25,0,0,0,NaN,Inf,0,10,validation
55.5,0,0,0,NaN,Inf,0,10,validation
55.75,0,0,0,NaN,Inf,0,10,validation
56,0,0,0,NaN,Inf,0,10,validation
56.25,0,0,0,NaN,Inf,0,10,validation
56.5,0,0,0,NaN,Inf,0,10,validation
56.75,0,0,0,NaN,Inf,0,10,validation
57,0,0,0,NaN,Inf,0,10,validation
57.25,0,0,0,NaN,Inf,0,10,validation
57.5,0,0,0,NaN,Inf,0,10,validation
57.75,0,0,0,NaN,Inf,0,10,validation
58,0,0,0,NaN,Inf,0,10,validation
58.25,0,0,0,NaN,Inf,0,10,validation
58.5,0,0,0,NaN,Inf,0,10,validation
58.75,0,0,0,NaN,Inf,0,10,validation
59,0,0,0,NaN,Inf,0,10,validation
59.25,0,0,0,NaN,Inf,0,10,validation
59.5,0,0,0,NaN,Inf,0,10,validation
59.75,0,0,0,NaN,Inf,0,10,validation
60,0,0,0,NaN,Inf,0,10,validation
60.25,0,0,0,NaN,Inf,0,10,validation
60.5,0,0,0,NaN,Inf,0,10,validation
60.75,0,0,0,NaN,Inf,0,10,validation
61,0,0,0,NaN,Inf,0,10,validation
61.25,0,0,0,NaN,Inf,0,10,validation
61.5,0,0,0,NaN,Inf,0,10,validation
61.75,0,0,0,NaN,Inf,0,10,validation
62,0,0,0,NaN,Inf,0,10,validation
62.25,0,0,0,NaN,Inf,0,10,validation
62.5,0,0,0,NaN,Inf,0,10,validation
62.75,0,0,0,NaN,Inf,0,10,validation
63,0,0,0,NaN,Inf,0,10,validation
63.25,0,0,0,NaN,Inf,0,10,validation
63.5,0,0,0,NaN,Inf,0,10,validation
63.75,0,0,0,NaN,Inf,0,10,validation
64,0,0,0,NaN,Inf,0,10,validation
64.25,0,0,0,NaN,Inf,0,10,validation
64.5,0,0,0,NaN,Inf,0,10,validation
64.75,0,0,0,NaN,Inf,0,10,validation
65,0,0,0,NaN,Inf,0,10,validation
65.25,0,0,0,NaN,Inf,0,10,validation
65.5,0,0,0,NaN,Inf,0,10,validation
65.75,0,0,0,NaN,Inf,0,10,validation
66,0,0,0,NaN,Inf,0,10,validation
66.25,0,0,0,NaN,Inf,0,10,validation
66.5,0,0,0,NaN,Inf,0,10,validation
66.75,0,0,0,NaN,Inf,0,10,validation
67,0,0,0,NaN,Inf,0,10,validation
67.25,0,0,0,NaN,Inf,0,10,validation
67.5,0,0,0,NaN,Inf,0,10,validation
67.75,0,0,0,NaN,Inf,0,10,validation
68,0,0,0,NaN,Inf,0,10,validation
68.25,0,0,0,NaN,Inf,0,10,validation
68.5,0,0,0,NaN,Inf,0,10,validation
68.75,0,0,0,NaN,Inf,0,10,validation
69,0,0,0,NaN,Inf,0,10,validation
69.25,0,0,0,NaN,Inf,0,10,validation
69.5,0,0,0,NaN,Inf,0,10,validation
69.75,0,0,0,NaN,Inf,0,10,validation
70,0,0,0,NaN,Inf,0,10,validation
70.25,0,0,0,NaN,Inf,0,10,validation
70.5,0,0,0,NaN,Inf,0,10,validation
70.75,0,0,0,NaN,Inf,0,10,validation
71,0,0,0,NaN,Inf,0,10,validation
71.25,0,0,0,NaN,Inf,0,10,validation
71.5,0,0,0,NaN,Inf,0,10,validation
71.75,0,0,0,NaN,Inf,0,10,validation
72,0,0,0,NaN,Inf,0,10,validation
72.25,0,0,0,NaN,Inf,0,10,validation
72.5,0,0,0,NaN,Inf,0,10,validation
72.75,0,0,0,NaN,Inf,0,10,validation
73,0,0,0,NaN,Inf,0,10,validation
73.25,0,0,0,NaN,Inf,0,10,validation
73.5,0,0,0,NaN,Inf,0,10,validation
73.75,0,0,0,NaN,Inf,0,10,validation
74,0,0,0,NaN,Inf,0,10,validation
74.25,0,0,0,NaN,Inf,0,10,validation
74.5,0,0,0,NaN,Inf,0,10,validation
74.75,0,0,0,NaN,Inf,0,10,validation
75,0,0,0,NaN,Inf,0,10,validation
75.25,0,0,0,NaN,Inf,0,10,validation
75.5,0,0,0,NaN,Inf,0,10,validation
75.75,0,0,0,NaN,Inf,0,10,validation
76,0,0,0,NaN,Inf,0,10,validation
76.25,0,0,0,NaN,Inf,0,10,validation
76.5,0,0,0,NaN,Inf,0,10,validation
76.75,0,0,0,NaN,Inf,0,10,validation
77,0,0,0,NaN,Inf,0,10,validation
77.25,0,0,0,NaN,Inf,0,10,validation
77.5,0,0,0,NaN,Inf,0,10,validation
77.75,0,0,0,NaN,Inf,0,10,validation
78,0,0,0,NaN,Inf,0,10,validation
78.25,0,0,0,NaN,Inf,0,10,validation
78.5,0,0,0,NaN,Inf,0,10,validation
78.75,0,0,0,NaN,Inf,0,10,validation
79,0,0,0,NaN,Inf,0,10,validation
79.25,0,0,0,NaN,Inf,0,10,validation
79.5,0,0,0,NaN,Inf,0,10,validation
79.75,0,0,0,NaN,Inf,0,10,validation
80,0,0,0,NaN,Inf,0,10,validation
80.25,0,0,0,NaN,Inf,0,10,validation
80.5,0,0,0,NaN,Inf,0,10,validation
80.75,0,0,0,NaN,Inf,0,10,validation
81,0,0,0,NaN,Inf,0,10,validation
81.25,0,0,0,NaN,Inf,0,10,validation
81.5,0,0,0,NaN,Inf,0,10,validation
81.75,0,0,0,NaN,Inf,0,10,validation
82,0,0,0,NaN,Inf,0,10,validation
82.25,0,0,0,NaN,Inf,0,10,validation
82.5,0,0,0,NaN,Inf,0,10,validation
82.75,0,0,0,NaN,Inf,0,10,validation
83,0,0,0,NaN,Inf,0,10,validation
83.25,0,0,0,NaN,Inf,0,10,validation
83.5,0,0,0,NaN,Inf,0,10,validation
83.75,0,0,0,NaN,Inf,0,10,validation
84,0,0,0,NaN,Inf,0,10,validation
84.25,0,0,0,NaN,Inf,0,10,validation
84.5,0,0,0,NaN,Inf,0,10,validation
84.75,0,0,0,NaN,Inf,0,10,validation
85,0,0,0,NaN,Inf,0,10,validation
0,1,0,0,NaN,Inf,0,10,validation
0.25,1,0.0755857898715042,98.6999244142101,356.575062047714,Inf,0,10,validation
0.5,1,0.136054421768707,98.6999244142101,178.759820069189,Inf,0,10,validation
0.75,1,0.18140589569161,98.6999244142101,119.799575008287,Inf,0,10,validation
1,1,0.695389266817838,98.6999244142101,90.5295312315366,Inf,0,10,validation
1.25,1,1.01284958427816,98.6999244142101,72.7200931552496,Inf,0,10,validation
1.5,1,1.859410430839,98.6999244142101,60.726171599802,Inf,0,10,validation
1.75,1,2.04081632653061,98.6696900982615,52.2716061792255,Inf,0,10,validation
2,1,2.82690854119426,98.6696900982615,45.9251445560937,Inf,0,10,validation
2.25,1,4.64096749811036,98.6696900982615,41.0855685863561,Inf,0,10,validation
2.5,1,4.76190476190476,98.6696900982615,37.1359610865548,Inf,0,10,validation
2.75,1,5.60846560846561,98.6394557823129,33.900807114518,Inf,0,10,validation
3,1,8.14814814814815,98.6092214663643,31.1887991277464,Inf,0,10,validation
3.25,1,8.39002267573696,98.5789871504157,28.8845241145008,Inf,0,10,validation
3.5,1,10.2040816326531,98.6092214663643,26.9915000616251,Inf,0,10,validation
3.75,1,10.6878306878307,98.6092214663643,25.3229154891293,Inf,0,10,validation
4,1,13.469387755102,98.5789871504157,23.8225800186386,Inf,0,10,validation
4.25,1,15.0415721844293,98.5789871504157,22.6717732310003,Inf,0,10,validation
4.5,1,15.6462585034014,98.5789871504157,21.4964223775349,Inf,0,10,validation
4.75,1,17.2789115646259,98.5487528344671,20.4696237542714,Inf,0,10,validation
5,1,19.9395313681028,98.5185185185185,19.4726203067978,Inf,0,10,validation
5.25,1,21.6326530612245,98.5185185185185,18.6158330434561,Inf,0,10,validation
5.5,1,22.6606198034769,98.5185185185185,17.9111105657781,Inf,0,10,validation
5.75,1,24.7921390778534,98.4882842025699,17.1423843558383,Inf,0,10,validation
6,1,26.832955404384,98.4882842025699,16.5638431515962,Inf,0,10,validation
6.25,1,29.7656840513983,98.4580498866213,16.0378204455494,Inf,0,10,validation
6.5,1,31.609977324263,98.4580498866213,15.4710712288654,Inf,0,10,validation
6.75,1,32.8344671201814,98.4278155706727,14.9344531438594,Inf,0,10,validation
7,1,36.130007558579,98.4278155706727,14.4620834545313,Inf,0,10,validation
7.25,1,38.291761148904,98.3673469387755,14.003590167724,Inf,0,10,validation
7.5,1,40.3174603174603,98.3068783068783,13.5937217504565,Inf,0,10,validation
7.75,1,42.4187452758881,98.3068783068783,13.2603917143554,Inf,0,10,validation
8,1,45.4119425547997,98.2464096749811,12.9013931916159,Inf,0,10,validation
8.25,1,47.6946334089191,98.2464096749811,12.5447785809995,Inf,0,10,validation
8.5,1,50.6878306878307,98.2464096749811,12.2541352847301,Inf,0,10,validation
8.75,1,52.562358276644,98.2766439909297,11.9783592149298,Inf,0,10,validation
9,1,55.2380952380952,98.2464096749811,11.6810080338769,Inf,0,10,validation
9.25,1,58.2161753590325,98.2464096749811,11.440847998431,Inf,0,10,validation
9.5,1,60.9977324263039,98.2464096749811,11.1951847279802,Inf,0,10,validation
9.75,1,62.8722600151172,98.2312925170068,10.9516368480014,Inf,0,10,validation
10,1,65.4421768707483,98.2010582010582,10.7254954840237,Inf,0,10,validation
10.25,1,68.0876795162509,98.1708238851096,10.5159252497379,Inf,0,10,validation
10.5,1,70.4610733182162,98.0498866213152,10.2835376592774,Inf,0,10,validation
10.75,1,72.5472411186697,98.0196523053666,10.1121762537284,Inf,0,10,validation
11,1,74.724111866969,97.8080120937264,9.86539843473631,Inf,0,10,validation
11.25,1,76.1602418745276,97.8080120937264,9.67858107166694,Inf,0,10,validation
11.5,1,77.4149659863946,97.8080120937264,9.50863522115283,Inf,0,10,validation
11.75,1,78.59410430839,97.7475434618292,9.34858169376827,Inf,0,10,validation
12,1,79.5162509448224,97.687074829932,9.17511065778352,Inf,0,10,validation
12.25,1,80.2267573696145,97.6568405139834,9.04064050188886,Inf,0,10,validation
12.5,1,80.7407407407407,97.535903250189,8.89142683832249,Inf,0,10,validation
12.75,1,81.5721844293273,97.4754346182918,8.75056696473688,Inf,0,10,validation
13,1,81.859410430839,97.384731670446,8.61474330901768,Inf,0,10,validation
13.25,1,82.2524565381708,97.384731670446,8.48169504589244,Inf,0,10,validation
13.5,1,82.8873771730915,97.3242630385488,8.35944155383897,Inf,0,10,validation
13.75,1,83.2048374905518,97.2940287226002,8.24359681446077,Inf,0,10,validation
14,1,83.0536659108088,97.2940287226002,8.14065515385545,Inf,0,10,validation
14.25,1,83.6734693877551,97.2637944066516,8.02426340317693,Inf,0,10,validation
14.5,1,83.7641723356009,97.18820861678,7.92879649907258,Inf,0,10,validation
14.75,1,83.4013605442177,97.1579743008314,7.82952701542836,Inf,0,10,validation
15,1,83.5525321239607,97.0975056689342,7.72998030879663,Inf,0,10,validation
15.25,1,83.3408919123205,97.0672713529856,7.6378010638648,Inf,0,10,validation
15.5,1,83.416477702192,96.9312169312169,7.52409618441441,Inf,0,10,validation
15.75,1,83.3862433862434,96.8707482993197,7.43855186308102,Inf,0,10,validation
16,1,83.3408919123205,96.8707482993197,7.35789808107549,Inf,0,10,validation
16.25,1,83.1443688586546,96.7800453514739,7.28439825133835,Inf,0,10,validation
16.5,1,83.0839002267574,96.5986394557823,7.18833707769876,Inf,0,10,validation
16.75,1,82.9780801209373,96.4777021919879,7.10264998649073,Inf,0,10,validation
17,1,82.7966742252457,96.3869992441421,7.03520543781518,Inf,0,10,validation
17.25,1,83.0536659108088,96.3265306122449,6.95895462003488,Inf,0,10,validation
17.5,1,83.1746031746032,96.2358276643991,6.88213072446098,Inf,0,10,validation
17.75,1,83.2350718065004,96.0846560846561,6.80538068659943,Inf,0,10,validation
18,1,83.265306122449,95.9334845049131,6.74092817822808,Inf,0,10,validation
18.25,1,83.4013605442177,95.9183673469388,6.69088135747277,Inf,0,10,validation
18.5,1,83.5525321239607,95.8881330309902,6.63225689734433,Inf,0,10,validation
18.75,1,83.8548752834467,95.7974300831444,6.56882542460276,Inf,0,10,validation
19,1,83.8548752834467,95.5857898715042,6.50385129100178,Inf,0,10,validation
19.25,1,84.3083900226757,95.5102040816327,6.45167908208536,Inf,0,10,validation
19.5,1,84.4897959183673,95.3892668178382,6.3975291672452,Inf,0,10,validation
19.75,1,84.973544973545,95.3590325018896,6.34543473124471,Inf,0,10,validation
20,1,85.3212396069539,95.2683295540438,6.29945603353322,Inf,0,10,validation
20.25,1,85.5631141345427,95.1171579743008,6.24916962782842,Inf,0,10,validation
20.5,1,85.7596371882086,94.8904006046863,6.19971161353563,Inf,0,10,validation
20.75,1,86.1073318216175,94.7694633408919,6.15784054220053,Inf,0,10,validation
21,1,86.4096749811036,94.6182917611489,6.11744943739698,Inf,0,10,validation
21.25,1,86.8178382464097,94.421768707483,6.06828057970234,Inf,0,10,validation
21.5,1,87.0899470899471,94.3008314436886,6.02965434838035,Inf,0,10,validation
21.75,1,87.3469387755102,94.1496598639456,5.98582752608035,Inf,0,10,validation
22,1,87.7097505668934,93.968253968254,5.94129762110826,Inf,0,10,validation
22.25,1,88.0876795162509,93.8926681783825,5.91565111244895,Inf,0,10,validation
22.5,1,88.2993197278912,93.7112622826909,5.87650894466864,Inf,0,10,validation
22.75,1,88.4504913076342,93.5298563869992,5.84253966224857,Inf,0,10,validation
23,1,88.9040060468632,93.469387755102,5.81293816593372,Inf,0,10,validation
23.25,1,88.994708994709,93.2879818594104,5.79343077401352,Inf,0,10,validation
23.5,1,89.1761148904006,93.1065759637188,5.75787564326458,Inf,0,10,validation
23.75,1,89.2668178382464,92.86470143613,5.72958865704768,Inf,0,10,validation
24,1,89.4179894179894,92.6832955404384,5.70492914217708,Inf,0,10,validation
24.25,1,89.599395313681,92.4414210128496,5.68429589467366,Inf,0,10,validation
24.5,1,89.6900982615268,92.2902494331066,5.65651622773847,Inf,0,10,validation
24.75,1,89.7354497354497,92.0634920634921,5.62728798413206,Inf,0,10,validation
25,1,89.6296296296296,91.8065003779289,5.60298192633355,Inf,0,10,validation
25.25,1,89.7203325774754,91.5948601662887,5.59093865552295,Inf,0,10,validation
25.5,1,89.750566893424,91.5041572184429,5.58339529191937,Inf,0,10,validation
25.75,1,89.6447467876039,91.2471655328798,5.56738010701884,Inf,0,10,validation
26,1,89.448223733938,90.8390022675737,5.5415648853223,Inf,0,10,validation
26.25,1,89.1761148904006,90.4157218442933,5.51872400827146,Inf,0,10,validation
26.5,1,89.2668178382464,90.2947845804989,5.50732185131163,Inf,0,10,validation
26.75,1,89.1005291005291,90.098261526833,5.4965919378911,Inf,0,10,validation
27,1,89.0098261526833,89.9168556311413,5.49141086443044,Inf,0,10,validation
27.25,1,88.994708994709,89.6900982615268,5.48399844644609,Inf,0,10,validation
27.5,1,88.7074829931973,89.3424036281179,5.47167268792194,Inf,0,10,validation
27.75,1,88.5563114134543,89.0400604686319,5.45624152255975,Inf,0,10,validation
28,1,88.1481481481482,88.5714285714286,5.44364510530812,Inf,0,10,validation
28.25,1,87.7551020408163,88.1481481481482,5.43146029912223,Inf,0,10,validation
28.5,1,87.7097505668934,87.9516250944822,5.43697107191103,Inf,0,10,validation
28.75,1,87.3620559334845,87.6039304610733,5.43484044206434,Inf,0,10,validation
29,1,87.0294784580499,87.2108843537415,5.43080440443183,Inf,0,10,validation
29.25,1,86.7422524565382,86.8934240362812,5.42657219747797,Inf,0,10,validation
29.5,1,86.3945578231292,86.5154950869237,5.43018932574183,Inf,0,10,validation
29.75,1,85.9259259259259,86.0468631897203,5.42854214666943,Inf,0,10,validation
30,1,85.7445200302343,85.8049886621315,5.43006879085747,Inf,0,10,validation
30.25,1,85.2910052910053,85.3212396069539,5.42785242575612,Inf,0,10,validation
30.5,1,84.8979591836735,84.8979591836735,5.43351888043523,Inf,0,10,validation
30.75,1,84.3537414965986,84.3537414965986,5.43424670003748,Inf,0,10,validation
31,1,84.0513983371126,84.0513983371126,5.44036867967581,Inf,0,10,validation
31.25,1,83.4013605442177,83.4013605442177,5.44183420370102,Inf,0,10,validation
31.5,1,82.8269085411943,82.8269085411943,5.4494654584606,Inf,0,10,validation
31.75,1,82.4036281179138,82.4036281179138,5.45292734872751,Inf,0,10,validation
32,1,81.8291761148904,81.8291761148904,5.45758524842828,Inf,0,10,validation
32.25,1,81.4361300075586,81.4361300075586,5.47051380958324,Inf,0,10,validation
32.5,1,80.7105064247921,80.7105064247921,5.47914636211928,Inf,0,10,validation
32.75,1,80.3325774754346,80.3325774754346,5.49400415153788,Inf,0,10,validation
33,1,79.5767195767196,79.5767195767196,5.50124381648749,Inf,0,10,validation
33.25,1,79.0476190476191,79.0476190476191,5.5111772485138,Inf,0,10,validation
33.5,1,78.3673469387755,78.3673469387755,5.52527733329706,Inf,0,10,validation
33.75,1,77.6719576719577,77.6719576719577,5.53559958532406,Inf,0,10,validation
34,1,77.0672713529856,77.0672713529856,5.54525868679515,Inf,0,10,validation
34.25,1,76.3265306122449,76.3265306122449,5.56316257386462,Inf,0,10,validation
34.5,1,75.6916099773243,75.6916099773243,5.5795410372252,Inf,0,10,validation
34.75,1,74.7543461829176,74.7543461829176,5.58844184528236,Inf,0,10,validation
35,1,73.9077853363568,73.9077853363568,5.59807081445209,Inf,0,10,validation
35.25,1,73.2577475434618,73.2577475434618,5.61835474635839,Inf,0,10,validation
35.5,1,72.4414210128496,72.4414210128496,5.63625457896281,Inf,0,10,validation
35.75,1,71.7762660619803,71.7762660619803,5.6540803417307,Inf,0,10,validation
36,1,70.6575963718821,70.6575963718821,5.66626206687577,Inf,0,10,validation
36.25,1,69.9470899470899,69.9470899470899,5.68692856777598,Inf,0,10,validation
36.5,1,69.0854119425548,69.0854119425548,5.70860959170577,Inf,0,10,validation
36.75,1,68.3597883597884,68.3597883597884,5.73085160720708,Inf,0,10,validation
37,1,67.2108843537415,67.2108843537415,5.75107950266794,Inf,0,10,validation
37.25,1,66.1224489795918,66.1224489795918,5.76503087046779,Inf,0,10,validation
37.5,1,65.1398337112623,65.1398337112623,5.7849881665366,Inf,0,10,validation
37.75,1,64.021164021164,64.021164021164,5.80578293112757,Inf,0,10,validation
38,1,63.2501889644747,63.2501889644747,5.82757544508662,Inf,0,10,validation
38.25,1,62.1315192743764,62.1315192743764,5.86184103648745,Inf,0,10,validation
38.5,1,60.8616780045352,60.8616780045352,5.88528515477813,Inf,0,10,validation
38.75,1,59.7430083144369,59.7430083144369,5.90561533311968,Inf,0,10,validation
39,1,58.8359788359788,58.8359788359788,5.92658407007847,Inf,0,10,validation
39.25,1,57.6266061980348,57.6266061980348,5.95346058647681,Inf,0,10,validation
39.5,1,56.3567649281935,56.3567649281935,5.96758678713448,Inf,0,10,validation
39.75,1,55.1927437641723,55.1927437641723,5.99880863702274,Inf,0,10,validation
40,1,53.9833711262283,53.9833711262283,6.02800365016759,Inf,0,10,validation
40.25,1,52.6530612244898,52.6530612244898,6.05516641244103,Inf,0,10,validation
40.5,1,51.6704459561602,51.6704459561602,6.08956409766659,Inf,0,10,validation
40.75,1,50.2796674225246,50.2796674225246,6.12196817664545,Inf,0,10,validation
41,1,49.0098261526833,49.0098261526833,6.14909088709814,Inf,0,10,validation
41.25,1,47.437641723356,47.437641723356,6.17725656003546,Inf,0,10,validation
41.5,1,46.182917611489,46.182917611489,6.20677241055528,Inf,0,10,validation
41.75,1,44.6258503401361,44.6258503401361,6.23081035796015,Inf,0,10,validation
42,1,43.1897203325775,43.1897203325775,6.25303284043817,Inf,0,10,validation
42.25,1,41.9501133786848,41.9501133786848,6.28950271551639,Inf,0,10,validation
42.5,1,40.2721088435374,40.2721088435374,6.32909910410185,Inf,0,10,validation
42.75,1,39.0778533635676,39.0778533635676,6.35376993421915,Inf,0,10,validation
43,1,37.3998488284203,37.3998488284203,6.39238552378483,Inf,0,10,validation
43.25,1,36.0090702947846,36.0090702947846,6.43059083981543,Inf,0,10,validation
43.5,1,34.3159486016629,34.3159486016629,6.46900661474713,Inf,0,10,validation
43.75,1,32.8344671201814,32.8344671201814,6.50308827922251,Inf,0,10,validation
44,1,31.2320483749055,31.2320483749055,6.53726037803578,Inf,0,10,validation
44.25,1,29.5238095238095,29.5238095238095,6.58207263676238,Inf,0,10,validation
44.5,1,27.6946334089191,27.6946334089191,6.63189405340222,Inf,0,10,validation
44.75,1,26.0619803476946,26.0619803476946,6.66011128741394,Inf,0,10,validation
45,1,24.4142101284958,24.4142101284958,6.67088307657064,Inf,0,10,validation
45.25,1,22.2826908541194,22.2826908541194,6.71730127365872,Inf,0,10,validation
45.5,1,20.5895691609977,20.5895691609977,6.72878645946418,Inf,0,10,validation
45.75,1,18.9115646258503,18.9115646258503,6.73105455797386,Inf,0,10,validation
46,1,16.7044595616024,16.7044595616024,6.76453385976774,Inf,0.226757369614512,10,validation
46.25,1,15.4043839758125,15.4043839758125,6.78678105231833,Inf,0,10,validation
46.5,1,13.6961451247166,13.6961451247166,6.77013223536358,Inf,0,10,validation
46.75,1,10.5971277399849,10.5971277399849,6.7264058429565,Inf,0,10,validation
47,1,9.26681783824641,9.26681783824641,6.77619665871607,Inf,0,10,validation
47.25,1,8.35978835978836,8.35978835978836,6.79500721405719,Inf,0,10,validation
47.5,1,7.48299319727891,7.48299319727891,6.78783683046426,Inf,0,10,validation
47.75,1,6.33408919123205,6.33408919123205,6.77280487761706,Inf,0,10,validation
48,1,4.85260770975057,4.85260770975057,6.69871608668356,Inf,0,10,validation
48.25,1,3.74905517762661,3.74905517762661,6.67418658052554,Inf,0,10,validation
48.5,1,2.60015117157974,2.60015117157974,6.60280748712262,Inf,0,10,validation
48.75,1,1.8442932728647,1.8442932728647,6.66788337064015,Inf,0,10,validation
49,1,0.604686318972033,0.604686318972033,6.62470701429827,Inf,0,10,validation
49.25,1,0,0,NaN,Inf,0,10,validation
49.5,1,0,0,NaN,Inf,0,10,validation
49.75,1,0,0,NaN,Inf,0,10,validation
50,1,0,0,NaN,Inf,0,10,validation
50.25,1,0,0,NaN,Inf,0,10,validation
50.5,1,0,0,NaN,Inf,0,10,validation
50.75,1,0,0,NaN,Inf,0,10,validation
51,1,0,0,NaN,Inf,0,10,validation
51.25,1,0,0,NaN,Inf,0,10,validation
51.5,1,0,0,NaN,Inf,0,10,validation
51.75,1,0,0,NaN,Inf,0,10,validation
52,1,0,0,NaN,Inf,0,10,validation
52.25,1,0,0,NaN,Inf,0,10,validation
52.5,1,0,0,NaN,Inf,0,10,validation
52.75,1,0,0,NaN,Inf,0,10,validation
53,1,0,0,NaN,Inf,0,10,validation
53.25,1,0,0,NaN,Inf,0,10,validation
53.5,1,0,0,NaN,Inf,0,10,validation
53.75,1,0,0,NaN,Inf,0,10,validation
54,1,0,0,NaN,Inf,0,10,validation
54.25,1,0,0,NaN,Inf,0,10,validation
54.5,1,0,0,NaN,Inf,0,10,validation
54.75,1,0,0,NaN,Inf,0,10,validation
55,1,0,0,NaN,Inf,0,10,validation
55.25,1,0,0,NaN,Inf,0,10,validation
55.5,1,0,0,NaN,Inf,0,10,validation
55.75,1,0,0,NaN,Inf,0,10,validation
56,1,0,0,NaN,Inf,0,10,validation
56.25,1,0,0,NaN,Inf,0,10,validation
56.5,1,0,0,NaN,Inf,0,10,validation
56.75,1,0,0,NaN,Inf,0,10,validation
57,1,0,0,NaN,Inf,0,10,validation
57.25,1,0,0,NaN,Inf,0,10,validation
57.5,1,0,0,NaN,Inf,0,10,validation
57.75,1,0,0,NaN,Inf,0,10,validation
58,1,0,0,NaN,Inf,0,10,validation
58.25,1,0,0,NaN,Inf,0,10,validation
58.5,1,0,0,NaN,Inf,0,10,validation
58.75,1,0,0,NaN,Inf,0,10,validation
59,1,0,0,NaN,Inf,0,10,validation
59.25,1,0,0,NaN,Inf,0,10,validation
59.5,1,0,0,NaN,Inf,0,10,validation
59.75,1,0,0,NaN,Inf,0,10,validation
60,1,0,0,NaN,Inf,0,10,validation
60.25,1,0,0,NaN,Inf,0,10,validation
60.5,1,0,0,NaN,Inf,0,10,validation
60.75,1,0,0,NaN,Inf,0,10,validation
61,1,0,0,NaN,Inf,0,10,validation
61.25,1,0,0,NaN,Inf,0,10,validation
61.5,1,0,0,NaN,Inf,0,10,validation
61.75,1,0,0,NaN,Inf,0,10,validation
62,1,0,0,NaN,Inf,0,10,validation
62.25,1,0,0,NaN,Inf,0,10,validation
62.5,1,0,0,NaN,Inf,0,10,validation
62.75,1,0,0,NaN,Inf,0,10,validation
63,1,0,0,NaN,Inf,0,10,validation
63.25,1,0,0,NaN,Inf,0,10,validation
63.5,1,0,0,NaN,Inf,0,10,validation
63.75,1,0,0,NaN,Inf,0,10,validation
64,1,0,0,NaN,Inf,0,10,validation
64.25,1,0,0,NaN,Inf,0,10,validation
64.5,1,0,0,NaN,Inf,0,10,validation
64.75,1,0,0,NaN,Inf,0,10,validation
65,1,0,0,NaN,Inf,0,10,validation
65.25,1,0,0,NaN,Inf,0,10,validation
65.5,1,0,0,NaN,Inf,0,10,validation
65.75,1,0,0,NaN,Inf,0,10,validation
66,1,0,0,NaN,Inf,0,10,validation
66.25,1,0,0,NaN,Inf,0,10,validation
66.5,1,0,0,NaN,Inf,0,10,validation
66.75,1,0,0,NaN,Inf,0,10,validation
67,1,0,0,NaN,Inf,0,10,validation
67.25,1,0,0,NaN,Inf,0,10,validation
67.5,1,0,0,NaN,Inf,0,10,validation
67.75,1,0,0,NaN,Inf,0,10,validation
68,1,0,0,NaN,Inf,0,10,validation
68.25,1,0,0,NaN,Inf,0,10,validation
68.5,1,0,0,NaN,Inf,0,10,validation
68.75,1,0,0,NaN,Inf,0,10,validation
69,1,0,0,NaN,Inf,0,10,validation
69.25,1,0,0,NaN,Inf,0,10,validation
69.5,1,0,0,NaN,Inf,0,10,validation
69.75,1,0,0,NaN,Inf,0,10,validation
70,1,0,0,NaN,Inf,0,10,validation
70.25,1,0,0,NaN,Inf,0,10,validation
70.5,1,0,0,NaN,Inf,0,10,validation
70.75,1,0,0,NaN,Inf,0,10,validation
71,1,0,0,NaN,Inf,0,10,validation
71.25,1,0,0,NaN,Inf,0,10,validation
71.5,1,0,0,NaN,Inf,0,10,validation
71.75,1,0,0,NaN,Inf,0,10,validation
72,1,0,0,NaN,Inf,0,10,validation
72.25,1,0,0,NaN,Inf,0,10,validation
72.5,1,0,0,NaN,Inf,0,10,validation
72.75,1,0,0,NaN,Inf,0,10,validation
73,1,0,0,NaN,Inf,0,10,validation
73.25,1,0,0,NaN,Inf,0,10,validation
73.5,1,0,0,NaN,Inf,0,10,validation
73.75,1,0,0,NaN,Inf,0,10,validation
74,1,0,0,NaN,Inf,0,10,validation
74.25,1,0,0,NaN,Inf,0,10,validation
74.5,1,0,0,NaN,Inf,0,10,validation
74.75,1,0,0,NaN,Inf,0,10,validation
75,1,0,0,NaN,Inf,0,10,validation
75.25,1,0,0,NaN,Inf,0,10,validation
75.5,1,0,0,NaN,Inf,0,10,validation
75.75,1,0,0,NaN,Inf,0,10,validation
76,1,0,0,NaN,Inf,0,10,validation
76.25,1,0,0,NaN,Inf,0,10,validation
76.5,1,0,0,NaN,Inf,0,10,validation
76.75,1,0,0,NaN,Inf,0,10,validation
77,1,0,0,NaN,Inf,0,10,validation
77.25,1,0,0,NaN,Inf,0,10,validation
77.5,1,0,0,NaN,Inf,0,10,validation
77.75,1,0,0,NaN,Inf,0,10,validation
78,1,0,0,NaN,Inf,0,10,validation
78.25,1,0,0,NaN,Inf,0,10,validation
78.5,1,0,0,NaN,Inf,0,10,validation
78.75,1,0,0,NaN,Inf,0,10,validation
79,1,0,0,NaN,Inf,0,10,validation
79.25,1,0,0,NaN,Inf,0,10,validation
79.5,1,0,0,NaN,Inf,0,10,validation
79.75,1,0,0,NaN,Inf,0,10,validation
80,1,0,0,NaN,Inf,0,10,validation
80.25,1,0,0,NaN,Inf,0,10,validation
80.5,1,0,0,NaN,Inf,0,10,validation
80.75,1,0,0,NaN,Inf,0,10,validation
81,1,0,0,NaN,Inf,0,10,validation
81.25,1,0,0,NaN,Inf,0,10,validation
81.5,1,0,0,NaN,Inf,0,10,validation
81.75,1,0,0,NaN,Inf,0,10,validation
82,1,0,0,NaN,Inf,0,10,validation
82.25,1,0,0,NaN,Inf,0,10,validation
82.5,1,0,0,NaN,Inf,0,10,validation
82.75,1,0,0,NaN,Inf,0,10,validation
83,1,0,0,NaN,Inf,0,10,validation
83.25,1,0,0,NaN,Inf,0,10,validation
83.5,1,0,0,NaN,Inf,0,10,validation
83.75,1,0,0,NaN,Inf,0,10,validation
84,1,0,0,NaN,Inf,0,10,validation
84.25,1,0,0,NaN,Inf,0,10,validation
84.5,1,0,0,NaN,Inf,0,10,validation
84.75,1,0,0,NaN,Inf,0,10,validation
85,1,0,0,NaN,Inf,0,10,validation
