K,Pattern,FOV_deg,Budget,RMS_full_cm,RMS_conditional_cm,LightCoverage_percent,RegularCoverage_percent,TargetCoverage_percent,AxisPEB_cm
1,uniform_cone,45,per_orientation,Inf,NaN,54.3533389687236,0,0,Inf
2,uniform_cone,45,per_orientation,Inf,NaN,92.8994082840237,0,0,Inf
3,uniform_cone,45,per_orientation,Inf,0.490512671037631,99.0701606086221,9.63651732882502,9.63651732882502,0.224795022079064
4,uniform_cone,45,per_orientation,Inf,0.688935835444157,99.6618765849535,22.9078613693998,22.9078613693998,0.194678199764754
5,uniform_cone,45,per_orientation,Inf,1.19784934029451,100,49.112426035503,44.4632290786137,0.174125475364509
6,uniform_cone,45,per_orientation,Inf,1.72007802171316,100,72.7810650887574,54.0152155536771,0.158954084489086
7,uniform_cone,45,per_orientation,Inf,1.99564305131843,100,86.8131868131868,63.905325443787,0.14716288636094
8,uniform_cone,45,per_orientation,Inf,2.2351140184532,100,93.5756551141167,65.1732882502113,0.137658275202847
9,uniform_cone,45,per_orientation,Inf,2.16331312510706,100,97.2104818258665,71.7666948436179,0.129785466509836
10,uniform_cone,45,per_orientation,Inf,2.24492417804478,100,98.9856297548605,75.3169907016061,0.123125304407575
11,uniform_cone,45,per_orientation,Inf,2.38572351426576,100,99.6618765849535,77.7683854606932,0.117395371542099
12,uniform_cone,45,per_orientation,Inf,2.17521627874812,100,99.6618765849535,78.698224852071,0.112397511039532
13,uniform_cone,45,per_orientation,2.41679164746216,2.41679164746216,100,100,80.8960270498732,0.107988035610283
14,uniform_cone,45,per_orientation,2.28774640730084,2.28774640730084,100,100,82.9247675401522,0.104059874884806
15,uniform_cone,45,per_orientation,2.15335193264125,2.15335193264125,100,100,83.85460693153,0.100531390074471
16,uniform_cone,45,per_orientation,Inf,2.33482988313775,100,98.647506339814,83.7700760777684,0.0973390998823768
17,uniform_cone,45,per_orientation,1.80122764997591,1.80122764997591,100,100,85.7142857142857,0.0944327977217852
18,uniform_cone,45,per_orientation,1.78458120489035,1.78458120489035,100,100,87.9966187658495,0.0917721834685644
19,uniform_cone,45,per_orientation,1.68541588734545,1.68541588734545,100,100,87.1513102282333,0.0893244841352615
20,uniform_cone,45,per_orientation,1.78581093537456,1.78581093537456,100,100,88.1656804733728,0.0870627376822545
21,uniform_cone,45,per_orientation,1.53059938810794,1.53059938810794,100,100,88.7573964497041,0.0849645320552112
22,uniform_cone,45,per_orientation,1.54746346229732,1.54746346229732,100,100,90.7016060862215,0.0830110632973322
23,uniform_cone,45,per_orientation,1.47285272150894,1.47285272150894,100,100,90.363482671175,0.0811864215072675
24,uniform_cone,45,per_orientation,Inf,1.50699133814132,100,98.647506339814,89.5181741335587,0.0794770422445431
25,uniform_cone,45,per_orientation,1.3700820938714,1.3700820938714,100,100,92.0540997464074,0.0778712799059014
26,uniform_cone,45,per_orientation,1.36554309156183,1.36554309156183,100,100,92.2231614539307,0.0763590722670456
27,uniform_cone,45,per_orientation,1.33064838577807,1.33064838577807,100,100,92.5612848689772,0.0749316740263548
28,uniform_cone,45,per_orientation,1.3304822187878,1.3304822187878,100,100,91.8850380388842,0.0735814431804701
29,uniform_cone,45,per_orientation,1.31238757069217,1.31238757069217,100,100,92.8994082840237,0.0723016682820311
30,uniform_cone,45,per_orientation,1.24001518820676,1.24001518820676,100,100,93.5756551141167,0.0710864276437683
1,golden_prefix,45,per_orientation,Inf,NaN,54.3533389687236,0,0,Inf
2,golden_prefix,45,per_orientation,Inf,NaN,86.5595942519019,0,0,Inf
3,golden_prefix,45,per_orientation,Inf,0.541472766187614,98.2248520710059,10.3972950126796,10.3972950126796,0.245361474931662
4,golden_prefix,45,per_orientation,Inf,1.20918743966166,99.0701606086221,30.0084530853762,26.3736263736264,0.204372273060149
5,golden_prefix,45,per_orientation,Inf,1.33010345343926,100,49.7886728655959,42.0118343195266,0.176767793779935
6,golden_prefix,45,per_orientation,Inf,2.49273669078053,100,71.2595097210482,50.4649196956889,0.164649806193653
7,golden_prefix,45,per_orientation,Inf,2.54116045678327,100,85.4606931530008,58.4953508030431,0.15174670957543
8,golden_prefix,45,per_orientation,Inf,2.44025669834857,100,94.0828402366864,65.7650042265427,0.13796474009983
9,golden_prefix,45,per_orientation,Inf,2.74263176485084,100,96.3651732882502,68.8926458157227,0.130857357290039
10,golden_prefix,45,per_orientation,Inf,2.91043065779254,100,98.3093829247675,71.5976331360947,0.124500197746065
11,golden_prefix,45,per_orientation,Inf,2.97630894081771,100,99.323753169907,75.0633981403212,0.118512661417476
12,golden_prefix,45,per_orientation,Inf,2.64753041014745,100,99.5773457311919,77.4302620456467,0.11309917634925
13,golden_prefix,45,per_orientation,2.69694376021961,2.69694376021961,100,100,80.3888419273035,0.108024266964323
14,golden_prefix,45,per_orientation,2.50872055758037,2.50872055758037,100,100,81.1496196111581,0.104653002395014
15,golden_prefix,45,per_orientation,2.35495170322539,2.35495170322539,100,100,82.2485207100592,0.101187908132557
16,golden_prefix,45,per_orientation,2.14906596050979,2.14906596050979,100,100,82.8402366863905,0.0975325081708862
17,golden_prefix,45,per_orientation,2.05381757736697,2.05381757736697,100,100,84.2772612003381,0.0946252105593277
18,golden_prefix,45,per_orientation,1.87234216127073,1.87234216127073,100,100,84.8689771766695,0.0919510638663105
19,golden_prefix,45,per_orientation,1.81323778466215,1.81323778466215,100,100,86.5595942519019,0.0896563682500736
20,golden_prefix,45,per_orientation,1.66067272210788,1.66067272210788,100,100,87.9120879120879,0.0873187509920738
21,golden_prefix,45,per_orientation,1.61130748895931,1.61130748895931,100,100,89.2645815722739,0.0849687058002294
22,golden_prefix,45,per_orientation,1.53111764757458,1.53111764757458,100,100,89.5181741335587,0.0831566134411271
23,golden_prefix,45,per_orientation,1.50366260175037,1.50366260175037,100,100,90.1944209636517,0.0813836301413915
24,golden_prefix,45,per_orientation,1.47645728323746,1.47645728323746,100,100,90.363482671175,0.079607171585977
25,golden_prefix,45,per_orientation,1.45765359895424,1.45765359895424,100,100,90.6170752324598,0.0779578991218353
26,golden_prefix,45,per_orientation,1.43936337423419,1.43936337423419,100,100,90.9551986475063,0.0763836183259732
27,golden_prefix,45,per_orientation,1.41862225171189,1.41862225171189,100,100,91.5469146238377,0.0750637516666708
28,golden_prefix,45,per_orientation,1.4008003670511,1.4008003670511,100,100,92.3076923076923,0.0737116122259351
29,golden_prefix,45,per_orientation,1.38229763785119,1.38229763785119,100,100,92.5612848689772,0.0723244187359446
30,golden_prefix,45,per_orientation,1.36166603166317,1.36166603166317,100,100,92.9839391377853,0.0711365501708282
1,repeat_triplet,45,per_orientation,Inf,NaN,54.3533389687236,0,0,Inf
2,repeat_triplet,45,per_orientation,Inf,NaN,83.0092983939138,0,0,Inf
3,repeat_triplet,45,per_orientation,Inf,0.490512671037631,99.0701606086221,9.63651732882502,9.63651732882502,0.224795022079064
4,repeat_triplet,45,per_orientation,Inf,0.447881295319829,99.0701606086221,9.63651732882502,9.63651732882502,0.205208840679292
5,repeat_triplet,45,per_orientation,Inf,0.400561477754416,99.0701606086221,9.63651732882502,9.63651732882502,0.183544366937129
6,repeat_triplet,45,per_orientation,Inf,0.346844835948635,99.0701606086221,9.63651732882502,9.63651732882502,0.158954084489086
7,repeat_triplet,45,per_orientation,Inf,0.327057077037838,99.0701606086221,9.63651732882502,9.63651732882502,0.14986334805271
8,repeat_triplet,45,per_orientation,Inf,0.305914387634317,99.0701606086221,9.63651732882502,9.63651732882502,0.140184325812024
9,repeat_triplet,45,per_orientation,Inf,0.283197622664499,99.0701606086221,9.63651732882502,9.63651732882502,0.129785466509836
10,repeat_triplet,45,per_orientation,Inf,0.271170406185803,99.0701606086221,9.63651732882502,9.63651732882502,0.124260123829319
11,repeat_triplet,45,per_orientation,Inf,0.258538255682879,99.0701606086221,9.63651732882502,9.63651732882502,0.118477379406281
12,repeat_triplet,45,per_orientation,Inf,0.245256335518816,99.0701606086221,9.63651732882502,9.63651732882502,0.112397511039532
13,repeat_triplet,45,per_orientation,Inf,0.23696026573459,99.0701606086221,9.63651732882502,9.63651732882502,0.108586311853857
14,repeat_triplet,45,per_orientation,Inf,0.228331670631454,99.0701606086221,9.63651732882502,9.63651732882502,0.104636388298546
15,repeat_triplet,45,per_orientation,Inf,0.219363935253027,99.0701606086221,9.63651732882502,9.63651732882502,0.100531390074471
16,repeat_triplet,45,per_orientation,Inf,0.213198345145909,99.0701606086221,9.63651732882502,9.63651732882502,0.0976989499076946
17,repeat_triplet,45,per_orientation,Inf,0.206825991009793,99.0701606086221,9.63651732882502,9.63651732882502,0.0947819035250244
18,repeat_triplet,45,per_orientation,Inf,0.200250959401976,99.0701606086221,9.63651732882502,9.63651732882502,0.0917721834685644
19,repeat_triplet,45,per_orientation,Inf,0.195436551123808,99.0701606086221,9.63651732882502,9.63651732882502,0.0895604805416182
20,repeat_triplet,45,per_orientation,Inf,0.19048261995233,99.0701606086221,9.63651732882502,9.63651732882502,0.0872927585261417
21,repeat_triplet,45,per_orientation,Inf,0.185396363213087,99.0701606086221,9.63651732882502,9.63651732882502,0.0849645320552112
22,repeat_triplet,45,per_orientation,Inf,0.181502232969615,99.0701606086221,9.63651732882502,9.63651732882502,0.0831756047140885
23,repeat_triplet,45,per_orientation,Inf,0.177508303508618,99.0701606086221,9.63651732882502,9.63651732882502,0.0813473461874915
24,repeat_triplet,45,per_orientation,Inf,0.173422417974318,99.0701606086221,9.63651732882502,9.63651732882502,0.0794770422445431
25,repeat_triplet,45,per_orientation,Inf,0.170188378982675,99.0701606086221,9.63651732882502,9.63651732882502,0.0779913590518712
26,repeat_triplet,45,per_orientation,Inf,0.166879770346336,99.0701606086221,9.63651732882502,9.63651732882502,0.076476819557137
27,repeat_triplet,45,per_orientation,Inf,0.16350422367921,99.0701606086221,9.63651732882502,9.63651732882502,0.0749316740263548
28,repeat_triplet,45,per_orientation,Inf,0.160762652966087,99.0701606086221,9.63651732882502,9.63651732882502,0.0736722284625998
29,repeat_triplet,45,per_orientation,Inf,0.157963442975806,99.0701606086221,9.63651732882502,9.63651732882502,0.0723908745692377
30,repeat_triplet,45,per_orientation,Inf,0.155113726165182,99.0701606086221,9.63651732882502,9.63651732882502,0.0710864276437683
1,uniform_cone,60,per_orientation,Inf,NaN,76.5849535080304,0,0,Inf
2,uniform_cone,60,per_orientation,Inf,NaN,99.8309382924768,0,0,Inf
3,uniform_cone,60,per_orientation,Inf,0.670845722288274,100,43.0262045646661,43.0262045646661,0.224795022079064
4,uniform_cone,60,per_orientation,Inf,0.774490273548807,100,67.5401521555368,67.5401521555368,0.194678199764754
5,uniform_cone,60,per_orientation,Inf,1.02007710716472,100,91.1242603550296,85.5452240067625,0.174125475364509
6,uniform_cone,60,per_orientation,Inf,1.12104999078452,100,98.1403212172443,89.687235841082,0.158954084489086
7,uniform_cone,60,per_orientation,1.14070398115536,1.14070398115536,100,100,92.3922231614539,0.14716288636094
8,uniform_cone,60,per_orientation,Inf,1.09305151443041,100,98.9856297548605,94.9281487743026,0.137658275202847
9,uniform_cone,60,per_orientation,0.983636717631759,0.983636717631759,100,100,95.7734573119188,0.129785466509836
10,uniform_cone,60,per_orientation,0.850796428505788,0.850796428505788,100,100,97.2950126796281,0.123125304407575
11,uniform_cone,60,per_orientation,0.805046849861523,0.805046849861523,100,100,97.4640743871513,0.117395371542099
12,uniform_cone,60,per_orientation,0.819136618946663,0.819136618946663,100,100,96.9568892645816,0.112397511039532
13,uniform_cone,60,per_orientation,0.715487506824378,0.715487506824378,100,100,98.647506339814,0.107988035610283
14,uniform_cone,60,per_orientation,0.679800166511416,0.679800166511416,100,100,98.3093829247675,0.104059874884806
15,uniform_cone,60,per_orientation,0.66155267266532,0.66155267266532,100,100,98.8165680473373,0.100531390074471
16,uniform_cone,60,per_orientation,Inf,0.612182495033491,100,98.9856297548605,98.3093829247675,0.0973390998823768
17,uniform_cone,60,per_orientation,0.618791171934768,0.618791171934768,100,100,98.8165680473373,0.0944327977217852
18,uniform_cone,60,per_orientation,0.606625117859818,0.606625117859818,100,100,98.9856297548605,0.0917721834685644
19,uniform_cone,60,per_orientation,0.585291547722759,0.585291547722759,100,100,99.4928148774303,0.0893244841352615
20,uniform_cone,60,per_orientation,0.557197552868216,0.557197552868216,100,100,99.6618765849535,0.0870627376822545
21,uniform_cone,60,per_orientation,0.5481305437994,0.5481305437994,100,100,99.4928148774303,0.0849645320552112
22,uniform_cone,60,per_orientation,0.530419145347665,0.530419145347665,100,100,99.6618765849535,0.0830110632973322
23,uniform_cone,60,per_orientation,0.519743461617178,0.519743461617178,100,100,99.4928148774303,0.0811864215072675
24,uniform_cone,60,per_orientation,Inf,0.513220525146547,100,98.9856297548605,98.647506339814,0.0794770422445431
25,uniform_cone,60,per_orientation,0.499302407716622,0.499302407716622,100,100,99.6618765849535,0.0778712799059014
26,uniform_cone,60,per_orientation,0.483466106878884,0.483466106878884,100,100,99.6618765849535,0.0763590722670456
27,uniform_cone,60,per_orientation,0.4816118281255,0.4816118281255,100,100,99.6618765849535,0.0749316740263548
28,uniform_cone,60,per_orientation,0.466826922110598,0.466826922110598,100,100,99.6618765849535,0.0735814431804701
29,uniform_cone,60,per_orientation,0.460757863922463,0.460757863922463,100,100,99.6618765849535,0.0723016682820311
30,uniform_cone,60,per_orientation,0.453630199822618,0.453630199822618,100,100,99.6618765849535,0.0710864276437683
1,golden_prefix,60,per_orientation,Inf,NaN,76.5849535080304,0,0,Inf
2,golden_prefix,60,per_orientation,Inf,NaN,97.8867286559594,0,0,Inf
3,golden_prefix,60,per_orientation,Inf,0.743916942778315,100,43.956043956044,43.956043956044,0.245361474931662
4,golden_prefix,60,per_orientation,Inf,1.15158116993982,100,72.0202874049028,65.2578191039729,0.204372273060149
5,golden_prefix,60,per_orientation,Inf,1.17345874356405,100,90.5325443786982,82.1639898562975,0.176767793779935
6,golden_prefix,60,per_orientation,Inf,1.40268557602034,100,96.8723584108199,87.4894336432798,0.164649806193653
7,golden_prefix,60,per_orientation,Inf,1.34828996882098,100,99.1546914623838,90.4480135249366,0.15174670957543
8,golden_prefix,60,per_orientation,1.20071732283718,1.20071732283718,100,100,93.8292476754015,0.13796474009983
9,golden_prefix,60,per_orientation,1.12605288689232,1.12605288689232,100,100,95.1817413355875,0.130857357290039
10,golden_prefix,60,per_orientation,0.967097191885404,0.967097191885404,100,100,95.519864750634,0.124500197746065
11,golden_prefix,60,per_orientation,0.898366924721285,0.898366924721285,100,100,96.8723584108199,0.118512661417476
12,golden_prefix,60,per_orientation,0.788592688407318,0.788592688407318,100,100,97.3795435333897,0.11309917634925
13,golden_prefix,60,per_orientation,0.725698493299251,0.725698493299251,100,100,98.5629754860524,0.108024266964323
14,golden_prefix,60,per_orientation,0.70191989210219,0.70191989210219,100,100,98.5629754860524,0.104653002395014
15,golden_prefix,60,per_orientation,0.669406699893052,0.669406699893052,100,100,98.9856297548605,0.101187908132557
16,golden_prefix,60,per_orientation,0.652896332418504,0.652896332418504,100,100,98.9856297548605,0.0975325081708862
17,golden_prefix,60,per_orientation,0.625315832952381,0.625315832952381,100,100,99.1546914623838,0.0946252105593277
18,golden_prefix,60,per_orientation,0.613972276274206,0.613972276274206,100,100,99.2392223161454,0.0919510638663105
19,golden_prefix,60,per_orientation,0.587636234164423,0.587636234164423,100,100,99.2392223161454,0.0896563682500736
20,golden_prefix,60,per_orientation,0.577640133667579,0.577640133667579,100,100,99.2392223161454,0.0873187509920738
21,golden_prefix,60,per_orientation,0.554710861894109,0.554710861894109,100,100,99.2392223161454,0.0849687058002294
22,golden_prefix,60,per_orientation,0.54752507607238,0.54752507607238,100,100,99.2392223161454,0.0831566134411271
23,golden_prefix,60,per_orientation,0.532569724326916,0.532569724326916,100,100,99.323753169907,0.0813836301413915
24,golden_prefix,60,per_orientation,0.524697939754122,0.524697939754122,100,100,99.323753169907,0.079607171585977
25,golden_prefix,60,per_orientation,0.510483841947736,0.510483841947736,100,100,99.4928148774303,0.0779578991218353
26,golden_prefix,60,per_orientation,0.498263770561793,0.498263770561793,100,100,99.4928148774303,0.0763836183259732
27,golden_prefix,60,per_orientation,0.485757235689828,0.485757235689828,100,100,99.4928148774303,0.0750637516666708
28,golden_prefix,60,per_orientation,0.475785696091517,0.475785696091517,100,100,99.4928148774303,0.0737116122259351
29,golden_prefix,60,per_orientation,0.46580930671518,0.46580930671518,100,100,99.6618765849535,0.0723244187359446
30,golden_prefix,60,per_orientation,0.455204303596685,0.455204303596685,100,100,99.7464074387151,0.0711365501708282
1,repeat_triplet,60,per_orientation,Inf,NaN,76.5849535080304,0,0,Inf
2,repeat_triplet,60,per_orientation,Inf,NaN,95.3508030431107,0,0,Inf
3,repeat_triplet,60,per_orientation,Inf,0.670845722288274,100,43.0262045646661,43.0262045646661,0.224795022079064
4,repeat_triplet,60,per_orientation,Inf,0.611646243479425,100,43.0262045646661,43.0262045646661,0.205208840679292
5,repeat_triplet,60,per_orientation,Inf,0.547324455290795,100,43.0262045646661,43.0262045646661,0.183544366937129
6,repeat_triplet,60,per_orientation,Inf,0.474359559360026,100,43.0262045646661,43.0262045646661,0.158954084489086
7,repeat_triplet,60,per_orientation,Inf,0.446888546403064,100,43.0262045646661,43.0262045646661,0.14986334805271
8,repeat_triplet,60,per_orientation,Inf,0.418163066644104,100,43.0262045646661,43.0262045646661,0.140184325812024
9,repeat_triplet,60,per_orientation,Inf,0.387312958347844,100,43.0262045646661,43.0262045646661,0.129785466509836
10,repeat_triplet,60,per_orientation,Inf,0.370617752379944,100,43.0262045646661,43.0262045646661,0.124260123829319
11,repeat_triplet,60,per_orientation,Inf,0.353458635597775,100,43.0262045646661,43.0262045646661,0.118477379406281
12,repeat_triplet,60,per_orientation,Inf,0.335422861144137,100,43.0262045646661,43.0262045646661,0.112397511039532
13,repeat_triplet,60,per_orientation,Inf,0.323907718622327,100,43.0262045646661,43.0262045646661,0.108586311853857
14,repeat_triplet,60,per_orientation,Inf,0.312188249943536,100,43.0262045646661,43.0262045646661,0.104636388298546
15,repeat_triplet,60,per_orientation,Inf,0.300011327490305,100,43.0262045646661,43.0262045646661,0.100531390074471
16,repeat_triplet,60,per_orientation,Inf,0.29145372341505,100,43.0262045646661,43.0262045646661,0.0976989499076946
17,repeat_triplet,60,per_orientation,Inf,0.282799342948826,100,43.0262045646661,43.0262045646661,0.0947819035250244
18,repeat_triplet,60,per_orientation,Inf,0.273871619289183,100,43.0262045646661,43.0262045646661,0.0917721834685644
19,repeat_triplet,60,per_orientation,Inf,0.267189613868547,100,43.0262045646661,43.0262045646661,0.0895604805416182
20,repeat_triplet,60,per_orientation,Inf,0.260461953819834,100,43.0262045646661,43.0262045646661,0.0872927585261417
21,repeat_triplet,60,per_orientation,Inf,0.253555849895182,100,43.0262045646661,43.0262045646661,0.0849645320552112
22,repeat_triplet,60,per_orientation,Inf,0.248151241073717,100,43.0262045646661,43.0262045646661,0.0831756047140885
23,repeat_triplet,60,per_orientation,Inf,0.242727508057374,100,43.0262045646661,43.0262045646661,0.0813473461874915
24,repeat_triplet,60,per_orientation,Inf,0.237179779680013,100,43.0262045646661,43.0262045646661,0.0794770422445431
25,repeat_triplet,60,per_orientation,Inf,0.232691382883481,100,43.0262045646661,43.0262045646661,0.0779913590518712
26,repeat_triplet,60,per_orientation,Inf,0.228198439488105,100,43.0262045646661,43.0262045646661,0.076476819557137
27,repeat_triplet,60,per_orientation,Inf,0.223615240762758,100,43.0262045646661,43.0262045646661,0.0749316740263548
28,repeat_triplet,60,per_orientation,Inf,0.219810375834991,100,43.0262045646661,43.0262045646661,0.0736722284625998
29,repeat_triplet,60,per_orientation,Inf,0.216009258639494,100,43.0262045646661,43.0262045646661,0.0723908745692377
30,repeat_triplet,60,per_orientation,Inf,0.212140044101173,100,43.0262045646661,43.0262045646661,0.0710864276437683
1,uniform_cone,85,per_orientation,Inf,NaN,98.9010989010989,0,0,Inf
2,uniform_cone,85,per_orientation,Inf,NaN,100,0,0,Inf
3,uniform_cone,85,per_orientation,Inf,0.750798142035697,100,96.0270498732037,96.0270498732037,0.224795022079064
4,uniform_cone,85,per_orientation,Inf,0.664963632731208,100,99.6618765849535,99.6618765849535,0.194678199764754
5,uniform_cone,85,per_orientation,0.612803978155728,0.612803978155728,100,100,99.6618765849535,0.174125475364509
6,uniform_cone,85,per_orientation,0.554438485485228,0.554438485485228,100,100,100,0.158954084489086
7,uniform_cone,85,per_orientation,0.508937209479552,0.508937209479552,100,100,100,0.14716288636094
8,uniform_cone,85,per_orientation,0.47843367776792,0.47843367776792,100,100,100,0.137658275202847
9,uniform_cone,85,per_orientation,0.448023368647214,0.448023368647214,100,100,100,0.129785466509836
10,uniform_cone,85,per_orientation,0.425208518137967,0.425208518137967,100,100,100,0.123125304407575
11,uniform_cone,85,per_orientation,0.403970626411241,0.403970626411241,100,100,100,0.117395371542099
12,uniform_cone,85,per_orientation,0.388892077836153,0.388892077836153,100,100,100,0.112397511039532
13,uniform_cone,85,per_orientation,0.371493042318917,0.371493042318917,100,100,100,0.107988035610283
14,uniform_cone,85,per_orientation,0.358304693723264,0.358304693723264,100,100,100,0.104059874884806
15,uniform_cone,85,per_orientation,0.346777421029835,0.346777421029835,100,100,100,0.100531390074471
16,uniform_cone,85,per_orientation,0.335346057574513,0.335346057574513,100,100,100,0.0973390998823768
17,uniform_cone,85,per_orientation,0.325513107446783,0.325513107446783,100,100,100,0.0944327977217852
18,uniform_cone,85,per_orientation,0.315909861544044,0.315909861544044,100,100,100,0.0917721834685644
19,uniform_cone,85,per_orientation,0.307541044315105,0.307541044315105,100,100,100,0.0893244841352615
20,uniform_cone,85,per_orientation,0.300008330602834,0.300008330602834,100,100,100,0.0870627376822545
21,uniform_cone,85,per_orientation,0.292474852143078,0.292474852143078,100,100,100,0.0849645320552112
22,uniform_cone,85,per_orientation,0.285261972253066,0.285261972253066,100,100,100,0.0830110632973322
23,uniform_cone,85,per_orientation,0.279216516167048,0.279216516167048,100,100,100,0.0811864215072675
24,uniform_cone,85,per_orientation,0.273679911746999,0.273679911746999,100,100,100,0.0794770422445431
25,uniform_cone,85,per_orientation,0.267854316039923,0.267854316039923,100,100,100,0.0778712799059014
26,uniform_cone,85,per_orientation,0.262345422188824,0.262345422188824,100,100,100,0.0763590722670456
27,uniform_cone,85,per_orientation,0.257779748060318,0.257779748060318,100,100,100,0.0749316740263548
28,uniform_cone,85,per_orientation,0.253167035520295,0.253167035520295,100,100,100,0.0735814431804701
29,uniform_cone,85,per_orientation,0.248890705638101,0.248890705638101,100,100,100,0.0723016682820311
30,uniform_cone,85,per_orientation,0.244991959852964,0.244991959852964,100,100,100,0.0710864276437683
1,golden_prefix,85,per_orientation,Inf,NaN,98.9010989010989,0,0,Inf
2,golden_prefix,85,per_orientation,Inf,NaN,100,0,0,Inf
3,golden_prefix,85,per_orientation,Inf,0.819757638106667,100,96.6187658495351,96.2806424344886,0.245361474931662
4,golden_prefix,85,per_orientation,Inf,0.734936218223444,100,99.4928148774303,98.7320371935756,0.204372273060149
5,golden_prefix,85,per_orientation,0.634662466477022,0.634662466477022,100,100,99.4928148774303,0.176767793779935
6,golden_prefix,85,per_orientation,0.579082352763997,0.579082352763997,100,100,99.8309382924768,0.164649806193653
7,golden_prefix,85,per_orientation,0.530912331899068,0.530912331899068,100,100,99.8309382924768,0.15174670957543
8,golden_prefix,85,per_orientation,0.479507136913919,0.479507136913919,100,100,100,0.13796474009983
9,golden_prefix,85,per_orientation,0.454114051147972,0.454114051147972,100,100,100,0.130857357290039
10,golden_prefix,85,per_orientation,0.430846375233947,0.430846375233947,100,100,100,0.124500197746065
11,golden_prefix,85,per_orientation,0.409113953912061,0.409113953912061,100,100,100,0.118512661417476
12,golden_prefix,85,per_orientation,0.390081875343597,0.390081875343597,100,100,100,0.11309917634925
13,golden_prefix,85,per_orientation,0.372682968789962,0.372682968789962,100,100,100,0.108024266964323
14,golden_prefix,85,per_orientation,0.360618282502781,0.360618282502781,100,100,100,0.104653002395014
15,golden_prefix,85,per_orientation,0.348917089329165,0.348917089329165,100,100,100,0.101187908132557
16,golden_prefix,85,per_orientation,0.335894787659464,0.335894787659464,100,100,100,0.0975325081708862
17,golden_prefix,85,per_orientation,0.326040908662697,0.326040908662697,100,100,100,0.0946252105593277
18,golden_prefix,85,per_orientation,0.316572827205871,0.316572827205871,100,100,100,0.0919510638663105
19,golden_prefix,85,per_orientation,0.308703948823226,0.308703948823226,100,100,100,0.0896563682500736
20,golden_prefix,85,per_orientation,0.300526705822987,0.300526705822987,100,100,100,0.0873187509920738
21,golden_prefix,85,per_orientation,0.292646527445881,0.292646527445881,100,100,100,0.0849687058002294
22,golden_prefix,85,per_orientation,0.286210869340728,0.286210869340728,100,100,100,0.0831566134411271
23,golden_prefix,85,per_orientation,0.28018241595052,0.28018241595052,100,100,100,0.0813836301413915
24,golden_prefix,85,per_orientation,0.273818131448953,0.273818131448953,100,100,100,0.079607171585977
25,golden_prefix,85,per_orientation,0.268239220220239,0.268239220220239,100,100,100,0.0779578991218353
26,golden_prefix,85,per_orientation,0.262787944656202,0.262787944656202,100,100,100,0.0763836183259732
27,golden_prefix,85,per_orientation,0.258255766087443,0.258255766087443,100,100,100,0.0750637516666708
28,golden_prefix,85,per_orientation,0.253590553481306,0.253590553481306,100,100,100,0.0737116122259351
29,golden_prefix,85,per_orientation,0.248839963055525,0.248839963055525,100,100,100,0.0723244187359446
30,golden_prefix,85,per_orientation,0.244815865616517,0.244815865616517,100,100,100,0.0711365501708282
1,repeat_triplet,85,per_orientation,Inf,NaN,98.9010989010989,0,0,Inf
2,repeat_triplet,85,per_orientation,Inf,NaN,100,0,0,Inf
3,repeat_triplet,85,per_orientation,Inf,0.750798142035697,100,96.0270498732037,96.0270498732037,0.224795022079064
4,repeat_triplet,85,per_orientation,Inf,0.684949910634714,100,96.0270498732037,96.0270498732037,0.205208840679292
5,repeat_triplet,85,per_orientation,Inf,0.612782712354318,100,96.0270498732037,96.0270498732037,0.183544366937129
6,repeat_triplet,85,per_orientation,Inf,0.530894457535702,100,96.0270498732037,96.0270498732037,0.158954084489086
7,repeat_triplet,85,per_orientation,Inf,0.500334989488919,100,96.0270498732037,96.0270498732037,0.14986334805271
8,repeat_triplet,85,per_orientation,Inf,0.468099554084542,100,96.0270498732037,96.0270498732037,0.140184325812024
9,repeat_triplet,85,per_orientation,Inf,0.43347350941138,100,96.0270498732037,96.0270498732037,0.129785466509836
10,repeat_triplet,85,per_orientation,Inf,0.414900435880457,100,96.0270498732037,96.0270498732037,0.124260123829319
11,repeat_triplet,85,per_orientation,Inf,0.39564304253636,100,96.0270498732037,96.0270498732037,0.118477379406281
12,repeat_triplet,85,per_orientation,Inf,0.375399071017848,100,96.0270498732037,96.0270498732037,0.112397511039532
13,repeat_triplet,85,per_orientation,Inf,0.36258835546731,100,96.0270498732037,96.0270498732037,0.108586311853857
14,repeat_triplet,85,per_orientation,Inf,0.349435176776279,100,96.0270498732037,96.0270498732037,0.104636388298546
15,repeat_triplet,85,per_orientation,Inf,0.335767136594472,100,96.0270498732037,96.0270498732037,0.100531390074471
16,repeat_triplet,85,per_orientation,Inf,0.326246540747639,100,96.0270498732037,96.0270498732037,0.0976989499076946
17,repeat_triplet,85,per_orientation,Inf,0.316533131781264,100,96.0270498732037,96.0270498732037,0.0947819035250244
18,repeat_triplet,85,per_orientation,Inf,0.306512057969518,100,96.0270498732037,96.0270498732037,0.0917721834685644
19,repeat_triplet,85,per_orientation,Inf,0.299078028144045,100,96.0270498732037,96.0270498732037,0.0895604805416182
20,repeat_triplet,85,per_orientation,Inf,0.291526955199927,100,96.0270498732037,96.0270498732037,0.0872927585261417
21,repeat_triplet,85,per_orientation,Inf,0.283775024090829,100,96.0270498732037,96.0270498732037,0.0849645320552112
22,repeat_triplet,85,per_orientation,Inf,0.277762098253373,100,96.0270498732037,96.0270498732037,0.0831756047140885
23,repeat_triplet,85,per_orientation,Inf,0.271674450847562,100,96.0270498732037,96.0270498732037,0.0813473461874915
24,repeat_triplet,85,per_orientation,Inf,0.265447228767851,100,96.0270498732037,96.0270498732037,0.0794770422445431
25,repeat_triplet,85,per_orientation,Inf,0.260453603000472,100,96.0270498732037,96.0270498732037,0.0779913590518712
26,repeat_triplet,85,per_orientation,Inf,0.255410624064205,100,96.0270498732037,96.0270498732037,0.076476819557137
27,repeat_triplet,85,per_orientation,Inf,0.250266047345232,100,96.0270498732037,96.0270498732037,0.0749316740263548
28,repeat_triplet,85,per_orientation,Inf,0.246032869548202,100,96.0270498732037,96.0270498732037,0.0736722284625998
29,repeat_triplet,85,per_orientation,Inf,0.241766372668479,100,96.0270498732037,96.0270498732037,0.0723908745692377
30,repeat_triplet,85,per_orientation,Inf,0.237423219185541,100,96.0270498732037,96.0270498732037,0.0710864276437683
1,uniform_cone,45,fixed_total,Inf,NaN,54.3533389687236,0,0,Inf
2,uniform_cone,45,fixed_total,Inf,NaN,92.8994082840237,0,0,Inf
3,uniform_cone,45,fixed_total,Inf,0.283197622664499,99.0701606086221,9.63651732882502,9.63651732882502,0.129785466509836
4,uniform_cone,45,fixed_total,Inf,0.459290556962771,99.6618765849535,22.9078613693998,22.9078613693998,0.129785466509836
5,uniform_cone,45,fixed_total,Inf,0.892824183900601,100,49.112426035503,48.0980557903635,0.129785466509836
6,uniform_cone,45,fixed_total,Inf,1.40443782365772,100,72.7810650887574,59.7633136094675,0.129785466509836
7,uniform_cone,45,fixed_total,Inf,1.75999671409774,100,86.8131868131868,67.7937447168216,0.129785470385269
8,uniform_cone,45,fixed_total,Inf,2.1072857055645,100,93.5756551141167,67.2020287404903,0.129785466509836
9,uniform_cone,45,fixed_total,Inf,2.16331312510706,100,97.2104818258665,71.7666948436179,0.129785466509836
10,uniform_cone,45,fixed_total,Inf,2.36635785900095,100,98.9856297548605,71.9357565511412,0.129785466509836
11,uniform_cone,45,fixed_total,Inf,2.63753597571662,100,99.6618765849535,74.218089602705,0.129785471740785
12,uniform_cone,45,fixed_total,Inf,2.51172340816177,100,99.6618765849535,73.2882502113271,0.129785466509836
13,uniform_cone,45,fixed_total,2.9047010320973,2.9047010320973,100,100,75.4015215553677,0.129785479350269
14,uniform_cone,45,fixed_total,2.85336785227421,2.85336785227421,100,100,75.6551141166526,0.129785472167333
15,uniform_cone,45,fixed_total,2.77996539121437,2.77996539121437,100,100,76.9230769230769,0.129785466509836
16,uniform_cone,45,fixed_total,Inf,3.1131076394308,100,98.647506339814,74.9788672865596,0.129785487988821
17,uniform_cone,45,fixed_total,2.47554206292,2.47554206292,100,100,76.5849535080304,0.129785490568222
18,uniform_cone,45,fixed_total,2.52377894311205,2.52377894311205,100,100,76.5004226542688,0.129785466509836
19,uniform_cone,45,fixed_total,2.44885803500805,2.44885803500805,100,100,76.0777683854607,0.129785493913893
20,uniform_cone,45,fixed_total,2.66212976430668,2.66212976430668,100,100,78.021978021978,0.129785466509836
21,uniform_cone,45,fixed_total,2.33797416626333,2.33797416626333,100,100,77.9374471682164,0.129785503200895
22,uniform_cone,45,fixed_total,2.41938887864384,2.41938887864384,100,100,76.669484361792,0.129785472602261
23,uniform_cone,45,fixed_total,2.35446163170393,2.35446163170393,100,100,77.5147928994083,0.129785505487631
24,uniform_cone,45,fixed_total,Inf,2.46090655016017,100,98.647506339814,76.669484361792,0.129785466509836
25,uniform_cone,45,fixed_total,2.28347015645233,2.28347015645233,100,100,77.345731191885,0.129785466509836
26,uniform_cone,45,fixed_total,2.32097891807474,2.32097891807474,100,100,77.0076077768386,0.129785487933431
27,uniform_cone,45,fixed_total,2.30472315172093,2.30472315172093,100,100,77.5993237531699,0.129785523031918
28,uniform_cone,45,fixed_total,2.34675199131147,2.34675199131147,100,100,77.345731191885,0.129785531449921
29,uniform_cone,45,fixed_total,2.35573925876586,2.35573925876586,100,100,77.0076077768386,0.129785532687349
30,uniform_cone,45,fixed_total,2.26394763409952,2.26394763409952,100,100,79.0363482671175,0.129785466509836
1,golden_prefix,45,fixed_total,Inf,NaN,54.3533389687236,0,0,Inf
2,golden_prefix,45,fixed_total,Inf,NaN,86.5595942519019,0,0,Inf
3,golden_prefix,45,fixed_total,Inf,0.31261944731727,98.2248520710059,10.3972950126796,10.3972950126796,0.141659513600559
4,golden_prefix,45,fixed_total,Inf,0.806124959774437,99.0701606086221,30.0084530853762,29.8393913778529,0.136248182040099
5,golden_prefix,45,fixed_total,Inf,0.9914005796658,100,49.7886728655959,47.5908706677937,0.131754934374866
6,golden_prefix,45,fixed_total,Inf,2.03531098517539,100,71.2595097210482,55.7058326289096,0.13443600380753
7,golden_prefix,45,fixed_total,Inf,2.24120581711914,100,85.4606931530008,62.7218934911243,0.13382387653395
8,golden_prefix,45,fixed_total,Inf,2.30069607898422,100,94.0828402366864,67.8782755705833,0.130074404385639
9,golden_prefix,45,fixed_total,Inf,2.74263176485084,100,96.3651732882502,68.8926458157227,0.130857357290039
10,golden_prefix,45,fixed_total,Inf,3.0678632835355,100,98.3093829247675,69.9070160608622,0.131234731339642
11,golden_prefix,45,fixed_total,Inf,3.29024670412231,100,99.323753169907,71.1749788672866,0.131022524539376
12,golden_prefix,45,fixed_total,Inf,3.0571047899727,100,99.5773457311919,72.4429416737109,0.130595679820729
13,golden_prefix,45,fixed_total,3.24116995535127,3.24116995535127,100,100,74.6407438715131,0.129828919241178
14,golden_prefix,45,fixed_total,3.12893229186286,3.12893229186286,100,100,74.4716821639899,0.130523881097572
15,golden_prefix,45,fixed_total,3.04022957590491,3.04022957590491,100,100,74.6407438715131,0.13063302767832
16,golden_prefix,45,fixed_total,2.86532610857526,2.86532610857526,100,100,74.5562130177515,0.13004334425238
17,golden_prefix,45,fixed_total,2.8226810595456,2.8226810595456,100,100,75.3169907016061,0.130050228780306
18,golden_prefix,45,fixed_total,2.64789167787202,2.64789167787202,100,100,75.3169907016061,0.130038441594371
19,golden_prefix,45,fixed_total,2.63443316997445,2.63443316997445,100,100,76.1622992392223,0.130266358505883
20,golden_prefix,45,fixed_total,2.47558473000856,2.47558473000856,100,100,76.5849535080304,0.130167108619103
21,golden_prefix,45,fixed_total,2.46122062093347,2.46122062093347,100,100,77.9374471682164,0.129791907326041
22,golden_prefix,45,fixed_total,2.39385307328433,2.39385307328433,100,100,77.5147928994083,0.130013616743429
23,golden_prefix,45,fixed_total,2.40377943820729,2.40377943820729,100,100,76.9230769230769,0.130101560534811
24,golden_prefix,45,fixed_total,2.41104464729846,2.41104464729846,100,100,77.1766694843618,0.129997966834554
25,golden_prefix,45,fixed_total,2.42942266492373,2.42942266492373,100,100,77.2612003381234,0.129929831869726
26,golden_prefix,45,fixed_total,2.44650719440868,2.44650719440868,100,100,77.1766694843618,0.129827122555864
27,golden_prefix,45,fixed_total,2.4571902954892,2.4571902954892,100,100,76.8385460693153,0.130014492803662
28,golden_prefix,45,fixed_total,2.47063789448469,2.47063789448469,100,100,77.0921386306002,0.13001534764391
29,golden_prefix,45,fixed_total,2.48116079037349,2.48116079037349,100,100,77.1766694843618,0.129826187229544
30,golden_prefix,45,fixed_total,2.48605067110155,2.48605067110155,100,100,77.4302620456467,0.129876977305535
1,repeat_triplet,45,fixed_total,Inf,NaN,54.3533389687236,0,0,Inf
2,repeat_triplet,45,fixed_total,Inf,NaN,83.0092983939138,0,0,Inf
3,repeat_triplet,45,fixed_total,Inf,0.283197622664499,99.0701606086221,9.63651732882502,9.63651732882502,0.129785466509836
4,repeat_triplet,45,fixed_total,Inf,0.298587530213219,99.0701606086221,9.63651732882502,9.63651732882502,0.136805893786195
5,repeat_triplet,45,fixed_total,Inf,0.298560897808881,99.0701606086221,9.63651732882502,9.63651732882502,0.136805893786195
6,repeat_triplet,45,fixed_total,Inf,0.283197622664499,99.0701606086221,9.63651732882502,9.63651732882502,0.129785466509836
7,repeat_triplet,45,fixed_total,Inf,0.288435558891922,99.0701606086221,9.63651732882502,9.63651732882502,0.132166286940492
8,repeat_triplet,45,fixed_total,Inf,0.288418850611674,99.0701606086221,9.63651732882502,9.63651732882502,0.132167049863662
9,repeat_triplet,45,fixed_total,Inf,0.283197622664499,99.0701606086221,9.63651732882502,9.63651732882502,0.129785466509836
10,repeat_triplet,45,fixed_total,Inf,0.28583870586005,99.0701606086221,9.63651732882502,9.63651732882502,0.130981671211737
11,repeat_triplet,45,fixed_total,Inf,0.285830375790667,99.0701606086221,9.63651732882502,9.63651732882502,0.130984219619565
12,repeat_triplet,45,fixed_total,Inf,0.283197622664499,99.0701606086221,9.63651732882502,9.63651732882502,0.129785466509836
13,repeat_triplet,45,fixed_total,Inf,0.284793871329733,99.0701606086221,9.63651732882502,9.63651732882502,0.130505903977686
14,repeat_triplet,45,fixed_total,Inf,0.284775230780216,99.0701606086221,9.63651732882502,9.63651732882502,0.130502498846885
15,repeat_triplet,45,fixed_total,Inf,0.283197622664499,99.0701606086221,9.63651732882502,9.63651732882502,0.129785466509836
16,repeat_triplet,45,fixed_total,Inf,0.284264463368754,99.0701606086221,9.63651732882502,9.63651732882502,0.130265267996661
17,repeat_triplet,45,fixed_total,Inf,0.284255526640526,99.0701606086221,9.63651732882502,9.63651732882502,0.130265433414616
18,repeat_triplet,45,fixed_total,Inf,0.283197622664499,99.0701606086221,9.63651732882502,9.63651732882502,0.129785466509836
19,repeat_triplet,45,fixed_total,Inf,0.283963713002382,99.0701606086221,9.63651732882502,9.63651732882502,0.13012880901041
20,repeat_triplet,45,fixed_total,Inf,0.283954724497112,99.0701606086221,9.63651732882502,9.63651732882502,0.130128361338618
21,repeat_triplet,45,fixed_total,Inf,0.283197622664499,99.0701606086221,9.63651732882502,9.63651732882502,0.129785466509836
22,repeat_triplet,45,fixed_total,Inf,0.283774763833895,99.0701606086221,9.63651732882502,9.63651732882502,0.130043228836993
23,repeat_triplet,45,fixed_total,Inf,0.283767247233305,99.0701606086221,9.63651732882502,9.63651732882502,0.130042987406818
24,repeat_triplet,45,fixed_total,Inf,0.283197622664499,99.0701606086221,9.63651732882502,9.63651732882502,0.129785466509836
25,repeat_triplet,45,fixed_total,Inf,0.283647298304458,99.0701606086221,9.63651732882502,9.63651732882502,0.129985598419785
26,repeat_triplet,45,fixed_total,Inf,0.283641997244933,99.0701606086221,9.63651732882502,9.63651732882502,0.129986008923916
27,repeat_triplet,45,fixed_total,Inf,0.283197622664499,99.0701606086221,9.63651732882502,9.63651732882502,0.129785466509836
28,repeat_triplet,45,fixed_total,Inf,0.283557734747772,99.0701606086221,9.63651732882502,9.63651732882502,0.12994517653541
29,repeat_triplet,45,fixed_total,Inf,0.283553446074693,99.0701606086221,9.63651732882502,9.63651732882502,0.129945761114852
30,repeat_triplet,45,fixed_total,Inf,0.283197622664499,99.0701606086221,9.63651732882502,9.63651732882502,0.129785466509836
1,uniform_cone,60,fixed_total,Inf,NaN,76.5849535080304,0,0,Inf
2,uniform_cone,60,fixed_total,Inf,NaN,99.8309382924768,0,0,Inf
3,uniform_cone,60,fixed_total,Inf,0.387312958347844,100,43.0262045646661,43.0262045646661,0.129785466509836
4,uniform_cone,60,fixed_total,Inf,0.516326849032538,100,67.5401521555368,67.5401521555368,0.129785466509836
5,uniform_cone,60,fixed_total,Inf,0.760320584637217,100,91.1242603550296,89.2645815722739,0.129785466509836
6,uniform_cone,60,fixed_total,Inf,0.915333484524616,100,98.1403212172443,93.7447168216399,0.129785466509836
7,uniform_cone,60,fixed_total,1.00600690841939,1.00600690841939,100,100,94.4209636517329,0.129785470385269
8,uniform_cone,60,fixed_total,Inf,1.03053885071995,100,98.9856297548605,95.9425190194421,0.129785466509836
9,uniform_cone,60,fixed_total,0.983636717631759,0.983636717631759,100,100,95.7734573119188,0.129785466509836
10,uniform_cone,60,fixed_total,0.896818179738299,0.896818179738299,100,100,96.6187658495351,0.129785466509836
11,uniform_cone,60,fixed_total,0.890012227801621,0.890012227801621,100,100,96.9568892645816,0.129785471740785
12,uniform_cone,60,fixed_total,0.945857494903871,0.945857494903871,100,100,96.9568892645816,0.129785466509836
13,uniform_cone,60,fixed_total,0.859923736711684,0.859923736711684,100,100,96.9568892645816,0.129785479350269
14,uniform_cone,60,fixed_total,0.847877087412135,0.847877087412135,100,100,97.2950126796281,0.129785472167333
15,uniform_cone,60,fixed_total,0.854060827957264,0.854060827957264,100,100,96.6187658495351,0.129785466509836
16,uniform_cone,60,fixed_total,Inf,0.816243519415413,100,98.9856297548605,96.9568892645816,0.129785487988821
17,uniform_cone,60,fixed_total,0.850456576534443,0.850456576534443,100,100,96.6187658495351,0.129785490568222
18,uniform_cone,60,fixed_total,0.857897468953531,0.857897468953531,100,100,97.6331360946746,0.129785466509836
19,uniform_cone,60,fixed_total,0.850411212014477,0.850411212014477,100,100,96.6187658495351,0.129785493913893
20,uniform_cone,60,fixed_total,0.830621070073242,0.830621070073242,100,100,96.9568892645816,0.129785466509836
21,uniform_cone,60,fixed_total,0.83731257066715,0.83731257066715,100,100,97.6331360946746,0.129785503200895
22,uniform_cone,60,fixed_total,0.829319784404877,0.829319784404877,100,100,97.6331360946746,0.129785472602261
23,uniform_cone,60,fixed_total,0.830891756355719,0.830891756355719,100,100,97.9712595097211,0.129785505487631
24,uniform_cone,60,fixed_total,Inf,0.838085608088175,100,98.9856297548605,96.6187658495351,0.129785466509836
25,uniform_cone,60,fixed_total,0.832170679527703,0.832170679527703,100,100,97.8021978021978,0.129785466509836
26,uniform_cone,60,fixed_total,0.821743118932408,0.821743118932408,100,100,97.2950126796281,0.129785487933431
27,uniform_cone,60,fixed_total,0.834203602777647,0.834203602777647,100,100,97.6331360946746,0.129785523031918
28,uniform_cone,60,fixed_total,0.823407496478557,0.823407496478557,100,100,96.9568892645816,0.129785531449921
29,uniform_cone,60,fixed_total,0.827113428211682,0.827113428211682,100,100,97.8021978021978,0.129785532687349
30,uniform_cone,60,fixed_total,0.828211644028079,0.828211644028079,100,100,97.2950126796281,0.129785466509836
1,golden_prefix,60,fixed_total,Inf,NaN,76.5849535080304,0,0,Inf
2,golden_prefix,60,fixed_total,Inf,NaN,97.8867286559594,0,0,Inf
3,golden_prefix,60,fixed_total,Inf,0.429500647167783,100,43.956043956044,43.956043956044,0.141659513600559
4,golden_prefix,60,fixed_total,Inf,0.767720779959878,100,72.0202874049028,70.3296703296703,0.136248182040099
5,golden_prefix,60,fixed_total,Inf,0.874644506466907,100,90.5325443786982,86.3905325443787,0.131754934374866
6,golden_prefix,60,fixed_total,Inf,1.14528797693725,100,96.8723584108199,90.5325443786982,0.13443600380753
7,golden_prefix,60,fixed_total,Inf,1.1891159593952,100,99.1546914623838,91.8005071851226,0.13382387653395
8,golden_prefix,60,fixed_total,1.1320471483551,1.1320471483551,100,100,94.5900253592561,0.130074404385639
9,golden_prefix,60,fixed_total,1.12605288689232,1.12605288689232,100,100,95.1817413355875,0.130857357290039
10,golden_prefix,60,fixed_total,1.01940994837026,1.01940994837026,100,100,94.5054945054945,0.131234731339642
11,golden_prefix,60,fixed_total,0.993200177440987,0.993200177440987,100,100,95.6043956043956,0.131022524539376
12,golden_prefix,60,fixed_total,0.910588401865871,0.910588401865871,100,100,95.7734573119188,0.130595679820729
13,golden_prefix,60,fixed_total,0.872200859493957,0.872200859493957,100,100,96.7878275570583,0.129828919241178
14,golden_prefix,60,fixed_total,0.87543390838672,0.87543390838672,100,100,96.5342349957735,0.130523881097572
15,golden_prefix,60,fixed_total,0.864200333508486,0.864200333508486,100,100,97.1259509721048,0.13063302767832
16,golden_prefix,60,fixed_total,0.87054117284369,0.87054117284369,100,100,96.9568892645816,0.13004334425238
17,golden_prefix,60,fixed_total,0.85944857757864,0.85944857757864,100,100,97.1259509721048,0.130050228780306
18,golden_prefix,60,fixed_total,0.868287920028063,0.868287920028063,100,100,96.9568892645816,0.130038441594371
19,golden_prefix,60,fixed_total,0.853774245353596,0.853774245353596,100,100,97.2950126796281,0.130266358505883
20,golden_prefix,60,fixed_total,0.86109507027518,0.86109507027518,100,100,97.0414201183432,0.130167108619103
21,golden_prefix,60,fixed_total,0.847312993234886,0.847312993234886,100,100,97.3795435333897,0.129791907326041
22,golden_prefix,60,fixed_total,0.856051138687791,0.856051138687791,100,100,97.1259509721048,0.130013616743429
23,golden_prefix,60,fixed_total,0.851396424305549,0.851396424305549,100,100,97.3795435333897,0.130101560534811
24,golden_prefix,60,fixed_total,0.856828147658125,0.856828147658125,100,100,97.3795435333897,0.129997966834554
25,golden_prefix,60,fixed_total,0.850806403246226,0.850806403246226,100,100,97.3795435333897,0.129929831869726
26,golden_prefix,60,fixed_total,0.846922934462039,0.846922934462039,100,100,97.3795435333897,0.129827122555864
27,golden_prefix,60,fixed_total,0.841363820601588,0.841363820601588,100,100,97.3795435333897,0.130014492803662
28,golden_prefix,60,fixed_total,0.839190972033523,0.839190972033523,100,100,97.4640743871513,0.13001534764391
29,golden_prefix,60,fixed_total,0.83617129431277,0.83617129431277,100,100,97.3795435333897,0.129826187229544
30,golden_prefix,60,fixed_total,0.831085551177782,0.831085551177782,100,100,97.7176669484362,0.129876977305535
1,repeat_triplet,60,fixed_total,Inf,NaN,76.5849535080304,0,0,Inf
2,repeat_triplet,60,fixed_total,Inf,NaN,95.3508030431107,0,0,Inf
3,repeat_triplet,60,fixed_total,Inf,0.387312958347844,100,43.0262045646661,43.0262045646661,0.129785466509836
4,repeat_triplet,60,fixed_total,Inf,0.407764162319617,100,43.0262045646661,43.0262045646661,0.136805893786195
5,repeat_triplet,60,fixed_total,Inf,0.407951562592754,100,43.0262045646661,43.0262045646661,0.136805893786195
6,repeat_triplet,60,fixed_total,Inf,0.387312958347844,100,43.0262045646661,43.0262045646661,0.129785466509836
7,repeat_triplet,60,fixed_total,Inf,0.394116421467568,100,43.0262045646661,43.0262045646661,0.132166286940492
8,repeat_triplet,60,fixed_total,Inf,0.394247920087744,100,43.0262045646661,43.0262045646661,0.132167049863662
9,repeat_triplet,60,fixed_total,Inf,0.387312958347844,100,43.0262045646661,43.0262045646661,0.129785466509836
10,repeat_triplet,60,fixed_total,Inf,0.390665412937638,100,43.0262045646661,43.0262045646661,0.130981671211737
11,repeat_triplet,60,fixed_total,Inf,0.390770695669031,100,43.0262045646661,43.0262045646661,0.130984219619565
12,repeat_triplet,60,fixed_total,Inf,0.387312958347844,100,43.0262045646661,43.0262045646661,0.129785466509836
13,repeat_triplet,60,fixed_total,Inf,0.389292644221606,100,43.0262045646661,43.0262045646661,0.130505903977686
14,repeat_triplet,60,fixed_total,Inf,0.389361303010764,100,43.0262045646661,43.0262045646661,0.130502498846885
15,repeat_triplet,60,fixed_total,Inf,0.387312958347844,100,43.0262045646661,43.0262045646661,0.129785466509836
16,repeat_triplet,60,fixed_total,Inf,0.388604968864763,100,43.0262045646661,43.0262045646661,0.130265267996661
17,repeat_triplet,60,fixed_total,Inf,0.388670829951297,100,43.0262045646661,43.0262045646661,0.130265433414616
18,repeat_triplet,60,fixed_total,Inf,0.387312958347844,100,43.0262045646661,43.0262045646661,0.129785466509836
19,repeat_triplet,60,fixed_total,Inf,0.388218768888886,100,43.0262045646661,43.0262045646661,0.13012880901041
20,repeat_triplet,60,fixed_total,Inf,0.388273756195707,100,43.0262045646661,43.0262045646661,0.130128361338618
21,repeat_triplet,60,fixed_total,Inf,0.387312958347844,100,43.0262045646661,43.0262045646661,0.129785466509836
22,repeat_triplet,60,fixed_total,Inf,0.387978909544391,100,43.0262045646661,43.0262045646661,0.130043228836993
23,repeat_triplet,60,fixed_total,Inf,0.388027326579416,100,43.0262045646661,43.0262045646661,0.130042987406818
24,repeat_triplet,60,fixed_total,Inf,0.387312958347844,100,43.0262045646661,43.0262045646661,0.129785466509836
25,repeat_triplet,60,fixed_total,Inf,0.387818971472468,100,43.0262045646661,43.0262045646661,0.129985598419785
26,repeat_triplet,60,fixed_total,Inf,0.387863758156253,100,43.0262045646661,43.0262045646661,0.129986008923916
27,repeat_triplet,60,fixed_total,Inf,0.387312958347844,100,43.0262045646661,43.0262045646661,0.129785466509836
28,repeat_triplet,60,fixed_total,Inf,0.387707911711715,100,43.0262045646661,43.0262045646661,0.12994517653541
29,repeat_triplet,60,fixed_total,Inf,0.387748770385838,100,43.0262045646661,43.0262045646661,0.129945761114852
30,repeat_triplet,60,fixed_total,Inf,0.387312958347844,100,43.0262045646661,43.0262045646661,0.129785466509836
1,uniform_cone,85,fixed_total,Inf,NaN,98.9010989010989,0,0,Inf
2,uniform_cone,85,fixed_total,Inf,NaN,100,0,0,Inf
3,uniform_cone,85,fixed_total,Inf,0.43347350941138,100,96.0270498732037,96.0270498732037,0.129785466509836
4,uniform_cone,85,fixed_total,Inf,0.443309088487472,100,99.6618765849535,99.6618765849535,0.129785466509836
5,uniform_cone,85,fixed_total,0.456757117346168,0.456757117346168,100,100,99.8309382924768,0.129785466509836
6,uniform_cone,85,fixed_total,0.452697127733436,0.452697127733436,100,100,100,0.129785466509836
7,uniform_cone,85,fixed_total,0.448840829995705,0.448840829995705,100,100,100,0.129785470385269
8,uniform_cone,85,fixed_total,0.451071597196954,0.451071597196954,100,100,100,0.129785466509836
9,uniform_cone,85,fixed_total,0.448023368647214,0.448023368647214,100,100,100,0.129785466509836
10,uniform_cone,85,fixed_total,0.448209132606998,0.448209132606998,100,100,100,0.129785466509836
11,uniform_cone,85,fixed_total,0.446606668223987,0.446606668223987,100,100,100,0.129785471740785
12,uniform_cone,85,fixed_total,0.449053891648831,0.449053891648831,100,100,100,0.129785466509836
13,uniform_cone,85,fixed_total,0.446479181017972,0.446479181017972,100,100,100,0.129785479350269
14,uniform_cone,85,fixed_total,0.44688392811684,0.44688392811684,100,100,100,0.129785472167333
15,uniform_cone,85,fixed_total,0.447687725496437,0.447687725496437,100,100,100,0.129785466509836
16,uniform_cone,85,fixed_total,0.447128153653252,0.447128153653252,100,100,100,0.129785487988821
17,uniform_cone,85,fixed_total,0.447375373063012,0.447375373063012,100,100,100,0.129785490568222
18,uniform_cone,85,fixed_total,0.446764010682994,0.446764010682994,100,100,100,0.129785466509836
19,uniform_cone,85,fixed_total,0.446846792846247,0.446846792846247,100,100,100,0.129785493913893
20,uniform_cone,85,fixed_total,0.447226014029444,0.447226014029444,100,100,100,0.129785466509836
21,uniform_cone,85,fixed_total,0.446761909617161,0.446761909617161,100,100,100,0.129785503200895
22,uniform_cone,85,fixed_total,0.445998625336532,0.445998625336532,100,100,100,0.129785472602261
23,uniform_cone,85,fixed_total,0.446358569126228,0.446358569126228,100,100,100,0.129785505487631
24,uniform_cone,85,fixed_total,0.446917424420053,0.446917424420053,100,100,100,0.129785466509836
25,uniform_cone,85,fixed_total,0.446423860066539,0.446423860066539,100,100,100,0.129785466509836
26,uniform_cone,85,fixed_total,0.445901706817042,0.445901706817042,100,100,100,0.129785487933431
27,uniform_cone,85,fixed_total,0.446487160253364,0.446487160253364,100,100,100,0.129785523031918
28,uniform_cone,85,fixed_total,0.446545243516235,0.446545243516235,100,100,100,0.129785531449921
29,uniform_cone,85,fixed_total,0.446771750443054,0.446771750443054,100,100,100,0.129785532687349
30,uniform_cone,85,fixed_total,0.447292076062894,0.447292076062894,100,100,100,0.129785466509836
1,golden_prefix,85,fixed_total,Inf,NaN,98.9010989010989,0,0,Inf
2,golden_prefix,85,fixed_total,Inf,NaN,100,0,0,Inf
3,golden_prefix,85,fixed_total,Inf,0.473287293031136,100,96.6187658495351,96.6187658495351,0.141659513600559
4,golden_prefix,85,fixed_total,Inf,0.48995747881563,100,99.4928148774303,99.323753169907,0.136248182040099
5,golden_prefix,85,fixed_total,0.473049472603434,0.473049472603434,100,100,99.7464074387151,0.131754934374866
6,golden_prefix,85,fixed_total,0.472818761107387,0.472818761107387,100,100,99.9154691462384,0.13443600380753
7,golden_prefix,85,fixed_total,0.468206681141961,0.468206681141961,100,100,99.9154691462384,0.13382387653395
8,golden_prefix,85,fixed_total,0.452083664185572,0.452083664185572,100,100,100,0.130074404385639
9,golden_prefix,85,fixed_total,0.454114051147972,0.454114051147972,100,100,100,0.130857357290039
10,golden_prefix,85,fixed_total,0.454151955788944,0.454151955788944,100,100,100,0.131234731339642
11,golden_prefix,85,fixed_total,0.452299870536584,0.452299870536584,100,100,100,0.131022524539376
12,golden_prefix,85,fixed_total,0.450427751471239,0.450427751471239,100,100,100,0.130595679820729
13,golden_prefix,85,fixed_total,0.447910255898714,0.447910255898714,100,100,100,0.129828919241178
14,golden_prefix,85,fixed_total,0.449765024450268,0.449765024450268,100,100,100,0.130523881097572
15,golden_prefix,85,fixed_total,0.450450025393007,0.450450025393007,100,100,100,0.13063302767832
16,golden_prefix,85,fixed_total,0.447861161776188,0.447861161776188,100,100,100,0.13004334425238
17,golden_prefix,85,fixed_total,0.448101690230806,0.448101690230806,100,100,100,0.130050228780306
18,golden_prefix,85,fixed_total,0.447701585713338,0.447701585713338,100,100,100,0.130038441594371
19,golden_prefix,85,fixed_total,0.448532202359856,0.448532202359856,100,100,100,0.130266358505883
20,golden_prefix,85,fixed_total,0.447998762182855,0.447998762182855,100,100,100,0.130167108619103
21,golden_prefix,85,fixed_total,0.447024254218598,0.447024254218598,100,100,100,0.129791907326041
22,golden_prefix,85,fixed_total,0.447485166369831,0.447485166369831,100,100,100,0.130013616743429
23,golden_prefix,85,fixed_total,0.447905449551131,0.447905449551131,100,100,100,0.130101560534811
24,golden_prefix,85,fixed_total,0.447143136248177,0.447143136248177,100,100,100,0.129997966834554
25,golden_prefix,85,fixed_total,0.447065367033732,0.447065367033732,100,100,100,0.129929831869726
26,golden_prefix,85,fixed_total,0.446654515053299,0.446654515053299,100,100,100,0.129827122555864
27,golden_prefix,85,fixed_total,0.447313467656374,0.447313467656374,100,100,100,0.130014492803662
28,golden_prefix,85,fixed_total,0.447292788762636,0.447292788762636,100,100,100,0.13001534764391
29,golden_prefix,85,fixed_total,0.44668152255037,0.44668152255037,100,100,100,0.129826187229544
30,golden_prefix,85,fixed_total,0.4469705734444,0.4469705734444,100,100,100,0.129876977305535
1,repeat_triplet,85,fixed_total,Inf,NaN,98.9010989010989,0,0,Inf
2,repeat_triplet,85,fixed_total,Inf,NaN,100,0,0,Inf
3,repeat_triplet,85,fixed_total,Inf,0.43347350941138,100,96.0270498732037,96.0270498732037,0.129785466509836
4,repeat_triplet,85,fixed_total,Inf,0.456633273756476,100,96.0270498732037,96.0270498732037,0.136805893786195
5,repeat_triplet,85,fixed_total,Inf,0.456741266753652,100,96.0270498732037,96.0270498732037,0.136805893786195
6,repeat_triplet,85,fixed_total,Inf,0.43347350941138,100,96.0270498732037,96.0270498732037,0.129785466509836
7,repeat_triplet,85,fixed_total,Inf,0.441251463043307,100,96.0270498732037,96.0270498732037,0.132166286940492
8,repeat_triplet,85,fixed_total,Inf,0.441328491951439,100,96.0270498732037,96.0270498732037,0.132167049863662
9,repeat_triplet,85,fixed_total,Inf,0.43347350941138,100,96.0270498732037,96.0270498732037,0.129785466509836
10,repeat_triplet,85,fixed_total,Inf,0.43734345985963,100,96.0270498732037,96.0270498732037,0.130981671211737
11,repeat_triplet,85,fixed_total,Inf,0.437408275343338,100,96.0270498732037,96.0270498732037,0.130984219619565
12,repeat_triplet,85,fixed_total,Inf,0.43347350941138,100,96.0270498732037,96.0270498732037,0.129785466509836
13,repeat_triplet,85,fixed_total,Inf,0.435781549302559,100,96.0270498732037,96.0270498732037,0.130505903977686
14,repeat_triplet,85,fixed_total,Inf,0.43581561280319,100,96.0270498732037,96.0270498732037,0.130502498846885
15,repeat_triplet,85,fixed_total,Inf,0.43347350941138,100,96.0270498732037,96.0270498732037,0.129785466509836
16,repeat_triplet,85,fixed_total,Inf,0.434995392502264,100,96.0270498732037,96.0270498732037,0.130265267996661
17,repeat_triplet,85,fixed_total,Inf,0.435033627364025,100,96.0270498732037,96.0270498732037,0.130265433414616
18,repeat_triplet,85,fixed_total,Inf,0.43347350941138,100,96.0270498732037,96.0270498732037,0.129785466509836
19,repeat_triplet,85,fixed_total,Inf,0.434551751903644,100,96.0270498732037,96.0270498732037,0.13012880901041
20,repeat_triplet,85,fixed_total,Inf,0.434582726067049,100,96.0270498732037,96.0270498732037,0.130128361338618
21,repeat_triplet,85,fixed_total,Inf,0.43347350941138,100,96.0270498732037,96.0270498732037,0.129785466509836
22,repeat_triplet,85,fixed_total,Inf,0.434274875378227,100,96.0270498732037,96.0270498732037,0.130043228836993
23,repeat_triplet,85,fixed_total,Inf,0.434302396338371,100,96.0270498732037,96.0270498732037,0.130042987406818
24,repeat_triplet,85,fixed_total,Inf,0.433473509411381,100,96.0270498732037,96.0270498732037,0.129785466509836
25,repeat_triplet,85,fixed_total,Inf,0.43408933833412,100,96.0270498732037,96.0270498732037,0.129985598419785
26,repeat_triplet,85,fixed_total,Inf,0.434115822546811,100,96.0270498732037,96.0270498732037,0.129986008923916
27,repeat_triplet,85,fixed_total,Inf,0.43347350941138,100,96.0270498732037,96.0270498732037,0.129785466509836
28,repeat_triplet,85,fixed_total,Inf,0.433959848988931,100,96.0270498732037,96.0270498732037,0.12994517653541
29,repeat_triplet,85,fixed_total,Inf,0.433984350838074,100,96.0270498732037,96.0270498732037,0.129945761114852
30,repeat_triplet,85,fixed_total,Inf,0.43347350941138,100,96.0270498732037,96.0270498732037,0.129785466509836
