BaseIndex,HalfAngle_deg,FOV_deg,K,Pattern,Budget,RequiredArea_mm2,TotalSamples
1,15,45,3,uniform_cone,per_orientation,Inf,3000
2,30,45,3,uniform_cone,per_orientation,Inf,3000
3,45,45,3,uniform_cone,per_orientation,Inf,3000
4,60,45,3,uniform_cone,per_orientation,Inf,3000
5,75,45,3,uniform_cone,per_orientation,Inf,3000
6,15,60,3,uniform_cone,per_orientation,Inf,3000
7,30,60,3,uniform_cone,per_orientation,Inf,3000
8,45,60,3,uniform_cone,per_orientation,Inf,3000
9,60,60,3,uniform_cone,per_orientation,Inf,3000
10,75,60,3,uniform_cone,per_orientation,Inf,3000
11,15,65,3,uniform_cone,per_orientation,Inf,3000
12,30,65,3,uniform_cone,per_orientation,Inf,3000
13,45,65,3,uniform_cone,per_orientation,Inf,3000
14,60,65,3,uniform_cone,per_orientation,Inf,3000
15,75,65,3,uniform_cone,per_orientation,Inf,3000
16,15,70,3,uniform_cone,per_orientation,191112927.977673,3000
17,30,70,3,uniform_cone,per_orientation,1531.77220514554,3000
18,45,70,3,uniform_cone,per_orientation,513.579670054111,3000
19,60,70,3,uniform_cone,per_orientation,464.533583750488,3000
20,75,70,3,uniform_cone,per_orientation,540.501795769431,3000
21,15,75,3,uniform_cone,per_orientation,191112927.977673,3000
22,30,75,3,uniform_cone,per_orientation,1531.77220514554,3000
23,45,75,3,uniform_cone,per_orientation,513.579670054111,3000
24,60,75,3,uniform_cone,per_orientation,464.533583750488,3000
25,75,75,3,uniform_cone,per_orientation,540.501795769431,3000
26,15,85,3,uniform_cone,per_orientation,191112927.977673,3000
27,30,85,3,uniform_cone,per_orientation,1531.77220514554,3000
28,45,85,3,uniform_cone,per_orientation,513.579670054111,3000
29,60,85,3,uniform_cone,per_orientation,464.533583750488,3000
30,75,85,3,uniform_cone,per_orientation,540.501795769431,3000
31,15,45,5,uniform_cone,per_orientation,Inf,5000
32,30,45,5,uniform_cone,per_orientation,Inf,5000
33,45,45,5,uniform_cone,per_orientation,Inf,5000
34,60,45,5,uniform_cone,per_orientation,Inf,5000
35,75,45,5,uniform_cone,per_orientation,Inf,5000
36,15,60,5,uniform_cone,per_orientation,Inf,5000
37,30,60,5,uniform_cone,per_orientation,Inf,5000
38,45,60,5,uniform_cone,per_orientation,Inf,5000
39,60,60,5,uniform_cone,per_orientation,Inf,5000
40,75,60,5,uniform_cone,per_orientation,Inf,5000
41,15,65,5,uniform_cone,per_orientation,Inf,5000
42,30,65,5,uniform_cone,per_orientation,Inf,5000
43,45,65,5,uniform_cone,per_orientation,Inf,5000
44,60,65,5,uniform_cone,per_orientation,Inf,5000
45,75,65,5,uniform_cone,per_orientation,Inf,5000
46,15,70,5,uniform_cone,per_orientation,148035437.460512,5000
47,30,70,5,uniform_cone,per_orientation,1186.50564814241,5000
48,45,70,5,uniform_cone,per_orientation,397.817101814055,5000
49,60,70,5,uniform_cone,per_orientation,359.826166723939,5000
50,75,70,5,uniform_cone,per_orientation,418.670890722042,5000
51,15,75,5,uniform_cone,per_orientation,148035437.460512,5000
52,30,75,5,uniform_cone,per_orientation,1186.50564814241,5000
53,45,75,5,uniform_cone,per_orientation,397.817101814055,5000
54,60,75,5,uniform_cone,per_orientation,359.826166723939,5000
55,75,75,5,uniform_cone,per_orientation,418.670890722042,5000
56,15,85,5,uniform_cone,per_orientation,148035437.460512,5000
57,30,85,5,uniform_cone,per_orientation,1186.50564814241,5000
58,45,85,5,uniform_cone,per_orientation,397.817101814055,5000
59,60,85,5,uniform_cone,per_orientation,359.826166723939,5000
60,75,85,5,uniform_cone,per_orientation,418.670890722042,5000
61,15,45,9,uniform_cone,per_orientation,Inf,9000
62,30,45,9,uniform_cone,per_orientation,Inf,9000
63,45,45,9,uniform_cone,per_orientation,Inf,9000
64,60,45,9,uniform_cone,per_orientation,Inf,9000
65,75,45,9,uniform_cone,per_orientation,Inf,9000
66,15,60,9,uniform_cone,per_orientation,Inf,9000
67,30,60,9,uniform_cone,per_orientation,Inf,9000
68,45,60,9,uniform_cone,per_orientation,Inf,9000
69,60,60,9,uniform_cone,per_orientation,Inf,9000
70,75,60,9,uniform_cone,per_orientation,Inf,9000
71,15,65,9,uniform_cone,per_orientation,443310123.925552,9000
72,30,65,9,uniform_cone,per_orientation,1191.89164919522,9000
73,45,65,9,uniform_cone,per_orientation,296.515360756061,9000
74,60,65,9,uniform_cone,per_orientation,268.198589625967,9000
75,75,65,9,uniform_cone,per_orientation,315.802422934077,9000
76,15,70,9,uniform_cone,per_orientation,110339100.413535,9000
77,30,70,9,uniform_cone,per_orientation,884.369094977969,9000
78,45,70,9,uniform_cone,per_orientation,296.515360756061,9000
79,60,70,9,uniform_cone,per_orientation,268.198589625966,9000
80,75,70,9,uniform_cone,per_orientation,312.058857284957,9000
81,15,75,9,uniform_cone,per_orientation,110339100.413535,9000
82,30,75,9,uniform_cone,per_orientation,884.369094977969,9000
83,45,75,9,uniform_cone,per_orientation,296.515360756061,9000
84,60,75,9,uniform_cone,per_orientation,268.198589625966,9000
85,75,75,9,uniform_cone,per_orientation,312.058857284957,9000
86,15,85,9,uniform_cone,per_orientation,110339100.413535,9000
87,30,85,9,uniform_cone,per_orientation,884.369094977969,9000
88,45,85,9,uniform_cone,per_orientation,296.515360756061,9000
89,60,85,9,uniform_cone,per_orientation,268.198589625966,9000
90,75,85,9,uniform_cone,per_orientation,312.058857284957,9000
91,15,45,15,uniform_cone,per_orientation,Inf,15000
92,30,45,15,uniform_cone,per_orientation,Inf,15000
93,45,45,15,uniform_cone,per_orientation,Inf,15000
94,60,45,15,uniform_cone,per_orientation,Inf,15000
95,75,45,15,uniform_cone,per_orientation,Inf,15000
96,15,60,15,uniform_cone,per_orientation,Inf,15000
97,30,60,15,uniform_cone,per_orientation,Inf,15000
98,45,60,15,uniform_cone,per_orientation,Inf,15000
99,60,60,15,uniform_cone,per_orientation,Inf,15000
100,75,60,15,uniform_cone,per_orientation,Inf,15000
101,15,65,15,uniform_cone,per_orientation,252387108.953851,15000
102,30,65,15,uniform_cone,per_orientation,728.759351466226,15000
103,45,65,15,uniform_cone,per_orientation,229.679810820582,15000
104,60,65,15,uniform_cone,per_orientation,207.937220963647,15000
105,75,65,15,uniform_cone,per_orientation,244.619504943127,15000
106,15,70,15,uniform_cone,per_orientation,85468299.6674324,15000
107,30,70,15,uniform_cone,per_orientation,685.029355350033,15000
108,45,70,15,uniform_cone,per_orientation,229.679810820582,15000
109,60,70,15,uniform_cone,per_orientation,207.745734219537,15000
110,75,70,15,uniform_cone,per_orientation,241.719751460231,15000
111,15,75,15,uniform_cone,per_orientation,85468299.6674324,15000
112,30,75,15,uniform_cone,per_orientation,685.029355350033,15000
113,45,75,15,uniform_cone,per_orientation,229.679810820582,15000
114,60,75,15,uniform_cone,per_orientation,207.745734219537,15000
115,75,75,15,uniform_cone,per_orientation,241.719751460231,15000
116,15,85,15,uniform_cone,per_orientation,85468299.6674324,15000
117,30,85,15,uniform_cone,per_orientation,685.029355350033,15000
118,45,85,15,uniform_cone,per_orientation,229.679810820582,15000
119,60,85,15,uniform_cone,per_orientation,207.745734219537,15000
120,75,85,15,uniform_cone,per_orientation,241.719751460231,15000
121,15,45,25,uniform_cone,per_orientation,Inf,25000
122,30,45,25,uniform_cone,per_orientation,Inf,25000
123,45,45,25,uniform_cone,per_orientation,Inf,25000
124,60,45,25,uniform_cone,per_orientation,Inf,25000
125,75,45,25,uniform_cone,per_orientation,Inf,25000
126,15,60,25,uniform_cone,per_orientation,Inf,25000
127,30,60,25,uniform_cone,per_orientation,Inf,25000
128,45,60,25,uniform_cone,per_orientation,Inf,25000
129,60,60,25,uniform_cone,per_orientation,Inf,25000
130,75,60,25,uniform_cone,per_orientation,Inf,25000
131,15,65,25,uniform_cone,per_orientation,203473321.909021,25000
132,30,65,25,uniform_cone,per_orientation,580.339546301537,25000
133,45,65,25,uniform_cone,per_orientation,177.909216453636,25000
134,60,65,25,uniform_cone,per_orientation,160.91915377558,25000
135,75,65,25,uniform_cone,per_orientation,189.481453760447,25000
136,15,70,25,uniform_cone,per_orientation,66203460.2481274,25000
137,30,70,25,uniform_cone,per_orientation,530.621456986786,25000
138,45,70,25,uniform_cone,per_orientation,177.909216453636,25000
139,60,70,25,uniform_cone,per_orientation,160.91915377558,25000
140,75,70,25,uniform_cone,per_orientation,187.235314370974,25000
141,15,75,25,uniform_cone,per_orientation,66203460.2481274,25000
142,30,75,25,uniform_cone,per_orientation,530.621456986786,25000
143,45,75,25,uniform_cone,per_orientation,177.909216453636,25000
144,60,75,25,uniform_cone,per_orientation,160.91915377558,25000
145,75,75,25,uniform_cone,per_orientation,187.235314370974,25000
146,15,85,25,uniform_cone,per_orientation,66203460.2481274,25000
147,30,85,25,uniform_cone,per_orientation,530.621456986786,25000
148,45,85,25,uniform_cone,per_orientation,177.909216453636,25000
149,60,85,25,uniform_cone,per_orientation,160.91915377558,25000
150,75,85,25,uniform_cone,per_orientation,187.235314370974,25000
151,15,45,49,uniform_cone,per_orientation,Inf,49000
152,30,45,49,uniform_cone,per_orientation,Inf,49000
153,45,45,49,uniform_cone,per_orientation,Inf,49000
154,60,45,49,uniform_cone,per_orientation,Inf,49000
155,75,45,49,uniform_cone,per_orientation,Inf,49000
156,15,60,49,uniform_cone,per_orientation,Inf,49000
157,30,60,49,uniform_cone,per_orientation,Inf,49000
158,45,60,49,uniform_cone,per_orientation,Inf,49000
159,60,60,49,uniform_cone,per_orientation,Inf,49000
160,75,60,49,uniform_cone,per_orientation,Inf,49000
161,15,65,49,uniform_cone,per_orientation,144619276.101201,49000
162,30,65,49,uniform_cone,per_orientation,413.350634850172,49000
163,45,65,49,uniform_cone,per_orientation,127.078011752598,49000
164,60,65,49,uniform_cone,per_orientation,114.942252696843,49000
165,75,65,49,uniform_cone,per_orientation,135.343895543176,49000
166,15,70,49,uniform_cone,per_orientation,47288185.8915212,49000
167,30,70,49,uniform_cone,per_orientation,379.01532641913,49000
168,45,70,49,uniform_cone,per_orientation,127.078011752598,49000
169,60,70,49,uniform_cone,per_orientation,114.942252696843,49000
170,75,70,49,uniform_cone,per_orientation,133.739510264981,49000
171,15,75,49,uniform_cone,per_orientation,47288185.8915212,49000
172,30,75,49,uniform_cone,per_orientation,379.01532641913,49000
173,45,75,49,uniform_cone,per_orientation,127.078011752598,49000
174,60,75,49,uniform_cone,per_orientation,114.942252696843,49000
175,75,75,49,uniform_cone,per_orientation,133.739510264981,49000
176,15,85,49,uniform_cone,per_orientation,47288185.8915212,49000
177,30,85,49,uniform_cone,per_orientation,379.01532641913,49000
178,45,85,49,uniform_cone,per_orientation,127.078011752598,49000
179,60,85,49,uniform_cone,per_orientation,114.942252696843,49000
180,75,85,49,uniform_cone,per_orientation,133.739510264981,49000
181,15,45,81,uniform_cone,per_orientation,Inf,81000
182,30,45,81,uniform_cone,per_orientation,Inf,81000
183,45,45,81,uniform_cone,per_orientation,Inf,81000
184,60,45,81,uniform_cone,per_orientation,Inf,81000
185,75,45,81,uniform_cone,per_orientation,Inf,81000
186,15,60,81,uniform_cone,per_orientation,Inf,81000
187,30,60,81,uniform_cone,per_orientation,Inf,81000
188,45,60,81,uniform_cone,per_orientation,Inf,81000
189,60,60,81,uniform_cone,per_orientation,Inf,81000
190,75,60,81,uniform_cone,per_orientation,Inf,81000
191,15,65,81,uniform_cone,per_orientation,112883341.402296,81000
192,30,65,81,uniform_cone,per_orientation,322.147583279272,81000
193,45,65,81,uniform_cone,per_orientation,98.8384535853537,81000
194,60,65,81,uniform_cone,per_orientation,89.3995298753222,81000
195,75,65,81,uniform_cone,per_orientation,105.267474311359,81000
196,15,70,81,uniform_cone,per_orientation,36779700.1378485,81000
197,30,70,81,uniform_cone,per_orientation,294.789698325992,81000
198,45,70,81,uniform_cone,per_orientation,98.8384535853537,81000
199,60,70,81,uniform_cone,per_orientation,89.3995298753222,81000
200,75,70,81,uniform_cone,per_orientation,104.019619094986,81000
201,15,75,81,uniform_cone,per_orientation,36779700.1378485,81000
202,30,75,81,uniform_cone,per_orientation,294.789698325992,81000
203,45,75,81,uniform_cone,per_orientation,98.8384535853537,81000
204,60,75,81,uniform_cone,per_orientation,89.3995298753222,81000
205,75,75,81,uniform_cone,per_orientation,104.019619094986,81000
206,15,85,81,uniform_cone,per_orientation,36779700.1378485,81000
207,30,85,81,uniform_cone,per_orientation,294.789698325992,81000
208,45,85,81,uniform_cone,per_orientation,98.8384535853537,81000
209,60,85,81,uniform_cone,per_orientation,89.3995298753222,81000
210,75,85,81,uniform_cone,per_orientation,104.019619094986,81000
211,15,45,3,golden_prefix,per_orientation,Inf,3000
212,30,45,3,golden_prefix,per_orientation,Inf,3000
213,45,45,3,golden_prefix,per_orientation,Inf,3000
214,60,45,3,golden_prefix,per_orientation,Inf,3000
215,75,45,3,golden_prefix,per_orientation,Inf,3000
216,15,60,3,golden_prefix,per_orientation,Inf,3000
217,30,60,3,golden_prefix,per_orientation,Inf,3000
218,45,60,3,golden_prefix,per_orientation,Inf,3000
219,60,60,3,golden_prefix,per_orientation,Inf,3000
220,75,60,3,golden_prefix,per_orientation,Inf,3000
221,15,65,3,golden_prefix,per_orientation,Inf,3000
222,30,65,3,golden_prefix,per_orientation,Inf,3000
223,45,65,3,golden_prefix,per_orientation,Inf,3000
224,60,65,3,golden_prefix,per_orientation,Inf,3000
225,75,65,3,golden_prefix,per_orientation,Inf,3000
226,15,70,3,golden_prefix,per_orientation,208805498.935427,3000
227,30,70,3,golden_prefix,per_orientation,1746.01321586962,3000
228,45,70,3,golden_prefix,per_orientation,549.589038431188,3000
229,60,70,3,golden_prefix,per_orientation,507.288187679645,3000
230,75,70,3,golden_prefix,per_orientation,590.353467593317,3000
231,15,75,3,golden_prefix,per_orientation,208805498.935427,3000
232,30,75,3,golden_prefix,per_orientation,1746.01321586962,3000
233,45,75,3,golden_prefix,per_orientation,549.589038431188,3000
234,60,75,3,golden_prefix,per_orientation,507.288187679645,3000
235,75,75,3,golden_prefix,per_orientation,590.353467593317,3000
236,15,85,3,golden_prefix,per_orientation,208805498.935427,3000
237,30,85,3,golden_prefix,per_orientation,1746.01321586962,3000
238,45,85,3,golden_prefix,per_orientation,549.589038431188,3000
239,60,85,3,golden_prefix,per_orientation,507.288187679645,3000
240,75,85,3,golden_prefix,per_orientation,590.353467593317,3000
241,15,45,5,golden_prefix,per_orientation,Inf,5000
242,30,45,5,golden_prefix,per_orientation,Inf,5000
243,45,45,5,golden_prefix,per_orientation,Inf,5000
244,60,45,5,golden_prefix,per_orientation,Inf,5000
245,75,45,5,golden_prefix,per_orientation,Inf,5000
246,15,60,5,golden_prefix,per_orientation,Inf,5000
247,30,60,5,golden_prefix,per_orientation,Inf,5000
248,45,60,5,golden_prefix,per_orientation,Inf,5000
249,60,60,5,golden_prefix,per_orientation,Inf,5000
250,75,60,5,golden_prefix,per_orientation,Inf,5000
251,15,65,5,golden_prefix,per_orientation,Inf,5000
252,30,65,5,golden_prefix,per_orientation,Inf,5000
253,45,65,5,golden_prefix,per_orientation,Inf,5000
254,60,65,5,golden_prefix,per_orientation,Inf,5000
255,75,65,5,golden_prefix,per_orientation,Inf,5000
256,15,70,5,golden_prefix,per_orientation,150306508.245768,5000
257,30,70,5,golden_prefix,per_orientation,1205.34130733707,5000
258,45,70,5,golden_prefix,per_orientation,399.874307900849,5000
259,60,70,5,golden_prefix,per_orientation,365.188526609022,5000
260,75,70,5,golden_prefix,per_orientation,426.552207961136,5000
261,15,75,5,golden_prefix,per_orientation,150306508.245768,5000
262,30,75,5,golden_prefix,per_orientation,1205.34130733707,5000
263,45,75,5,golden_prefix,per_orientation,399.874307900849,5000
264,60,75,5,golden_prefix,per_orientation,365.188526609022,5000
265,75,75,5,golden_prefix,per_orientation,426.552207961136,5000
266,15,85,5,golden_prefix,per_orientation,150306508.245768,5000
267,30,85,5,golden_prefix,per_orientation,1205.34130733707,5000
268,45,85,5,golden_prefix,per_orientation,399.874307900849,5000
269,60,85,5,golden_prefix,per_orientation,365.188526609022,5000
270,75,85,5,golden_prefix,per_orientation,426.552207961136,5000
271,15,45,9,golden_prefix,per_orientation,Inf,9000
272,30,45,9,golden_prefix,per_orientation,Inf,9000
273,45,45,9,golden_prefix,per_orientation,Inf,9000
274,60,45,9,golden_prefix,per_orientation,Inf,9000
275,75,45,9,golden_prefix,per_orientation,Inf,9000
276,15,60,9,golden_prefix,per_orientation,Inf,9000
277,30,60,9,golden_prefix,per_orientation,Inf,9000
278,45,60,9,golden_prefix,per_orientation,Inf,9000
279,60,60,9,golden_prefix,per_orientation,Inf,9000
280,75,60,9,golden_prefix,per_orientation,Inf,9000
281,15,65,9,golden_prefix,per_orientation,391760740.805295,9000
282,30,65,9,golden_prefix,per_orientation,1092.23735443629,9000
283,45,65,9,golden_prefix,per_orientation,296.842583799925,9000
284,60,65,9,golden_prefix,per_orientation,275.024294970579,9000
285,75,65,9,golden_prefix,per_orientation,317.943777139663,9000
286,15,70,9,golden_prefix,per_orientation,111242097.950866,9000
287,30,70,9,golden_prefix,per_orientation,891.100172942493,9000
288,45,70,9,golden_prefix,per_orientation,296.842583799925,9000
289,60,70,9,golden_prefix,per_orientation,270.165442361344,9000
290,75,70,9,golden_prefix,per_orientation,314.611984688427,9000
291,15,75,9,golden_prefix,per_orientation,111242097.950866,9000
292,30,75,9,golden_prefix,per_orientation,891.100172942493,9000
293,45,75,9,golden_prefix,per_orientation,296.842583799925,9000
294,60,75,9,golden_prefix,per_orientation,270.165442361344,9000
295,75,75,9,golden_prefix,per_orientation,314.611984688427,9000
296,15,85,9,golden_prefix,per_orientation,111242097.950866,9000
297,30,85,9,golden_prefix,per_orientation,891.100172942493,9000
298,45,85,9,golden_prefix,per_orientation,296.842583799925,9000
299,60,85,9,golden_prefix,per_orientation,270.165442361344,9000
300,75,85,9,golden_prefix,per_orientation,314.611984688427,9000
301,15,45,15,golden_prefix,per_orientation,Inf,15000
302,30,45,15,golden_prefix,per_orientation,Inf,15000
303,45,45,15,golden_prefix,per_orientation,Inf,15000
304,60,45,15,golden_prefix,per_orientation,Inf,15000
305,75,45,15,golden_prefix,per_orientation,Inf,15000
306,15,60,15,golden_prefix,per_orientation,Inf,15000
307,30,60,15,golden_prefix,per_orientation,Inf,15000
308,45,60,15,golden_prefix,per_orientation,Inf,15000
309,60,60,15,golden_prefix,per_orientation,Inf,15000
310,75,60,15,golden_prefix,per_orientation,Inf,15000
311,15,65,15,golden_prefix,per_orientation,300015033.286311,15000
312,30,65,15,golden_prefix,per_orientation,831.450012767659,15000
313,45,65,15,golden_prefix,per_orientation,227.819536590784,15000
314,60,65,15,golden_prefix,per_orientation,209.211413193639,15000
315,75,65,15,golden_prefix,per_orientation,245.342284045643,15000
316,15,70,15,golden_prefix,per_orientation,86030807.3465856,15000
317,30,70,15,golden_prefix,per_orientation,700.995244134954,15000
318,45,70,15,golden_prefix,per_orientation,227.819536590784,15000
319,60,70,15,golden_prefix,per_orientation,209.014761304138,15000
320,75,70,15,golden_prefix,per_orientation,243.38122009022,15000
321,15,75,15,golden_prefix,per_orientation,86030807.3465856,15000
322,30,75,15,golden_prefix,per_orientation,700.995244134954,15000
323,45,75,15,golden_prefix,per_orientation,227.819536590784,15000
324,60,75,15,golden_prefix,per_orientation,209.014761304138,15000
325,75,75,15,golden_prefix,per_orientation,243.38122009022,15000
326,15,85,15,golden_prefix,per_orientation,86030807.3465856,15000
327,30,85,15,golden_prefix,per_orientation,700.995244134954,15000
328,45,85,15,golden_prefix,per_orientation,227.819536590784,15000
329,60,85,15,golden_prefix,per_orientation,209.014761304138,15000
330,75,85,15,golden_prefix,per_orientation,243.38122009022,15000
331,15,45,25,golden_prefix,per_orientation,Inf,25000
332,30,45,25,golden_prefix,per_orientation,Inf,25000
333,45,45,25,golden_prefix,per_orientation,Inf,25000
334,60,45,25,golden_prefix,per_orientation,Inf,25000
335,75,45,25,golden_prefix,per_orientation,Inf,25000
336,15,60,25,golden_prefix,per_orientation,Inf,25000
337,30,60,25,golden_prefix,per_orientation,Inf,25000
338,45,60,25,golden_prefix,per_orientation,Inf,25000
339,60,60,25,golden_prefix,per_orientation,Inf,25000
340,75,60,25,golden_prefix,per_orientation,Inf,25000
341,15,65,25,golden_prefix,per_orientation,208565280.027929,25000
342,30,65,25,golden_prefix,per_orientation,591.386466658739,25000
343,45,65,25,golden_prefix,per_orientation,177.550695504094,25000
344,60,65,25,golden_prefix,per_orientation,161.11692564868,25000
345,75,65,25,golden_prefix,per_orientation,189.497947959298,25000
346,15,70,25,golden_prefix,per_orientation,66276362.0219582,25000
347,30,70,25,golden_prefix,per_orientation,532.404322117448,25000
348,45,70,25,golden_prefix,per_orientation,177.550695504094,25000
349,60,70,25,golden_prefix,per_orientation,161.037958656627,25000
350,75,70,25,golden_prefix,per_orientation,187.4794793028,25000
351,15,75,25,golden_prefix,per_orientation,66276362.0219582,25000
352,30,75,25,golden_prefix,per_orientation,532.404322117448,25000
353,45,75,25,golden_prefix,per_orientation,177.550695504094,25000
354,60,75,25,golden_prefix,per_orientation,161.037958656627,25000
355,75,75,25,golden_prefix,per_orientation,187.4794793028,25000
356,15,85,25,golden_prefix,per_orientation,66276362.0219582,25000
357,30,85,25,golden_prefix,per_orientation,532.404322117448,25000
358,45,85,25,golden_prefix,per_orientation,177.550695504094,25000
359,60,85,25,golden_prefix,per_orientation,161.037958656627,25000
360,75,85,25,golden_prefix,per_orientation,187.4794793028,25000
361,15,45,49,golden_prefix,per_orientation,Inf,49000
362,30,45,49,golden_prefix,per_orientation,Inf,49000
363,45,45,49,golden_prefix,per_orientation,Inf,49000
364,60,45,49,golden_prefix,per_orientation,Inf,49000
365,75,45,49,golden_prefix,per_orientation,Inf,49000
366,15,60,49,golden_prefix,per_orientation,Inf,49000
367,30,60,49,golden_prefix,per_orientation,Inf,49000
368,45,60,49,golden_prefix,per_orientation,Inf,49000
369,60,60,49,golden_prefix,per_orientation,Inf,49000
370,75,60,49,golden_prefix,per_orientation,Inf,49000
371,15,65,49,golden_prefix,per_orientation,146466325.443945,49000
372,30,65,49,golden_prefix,per_orientation,417.509733405096,49000
373,45,65,49,golden_prefix,per_orientation,126.592223596116,49000
374,60,65,49,golden_prefix,per_orientation,115.016333511543,49000
375,75,65,49,golden_prefix,per_orientation,135.275217775585,49000
376,15,70,49,golden_prefix,per_orientation,47316039.4816306,49000
377,30,70,49,golden_prefix,per_orientation,381.375078007386,49000
378,45,70,49,golden_prefix,per_orientation,126.592223596116,49000
379,60,70,49,golden_prefix,per_orientation,114.993406866824,49000
380,75,70,49,golden_prefix,per_orientation,133.819405129956,49000
381,15,75,49,golden_prefix,per_orientation,47316039.4816306,49000
382,30,75,49,golden_prefix,per_orientation,381.375078007386,49000
383,45,75,49,golden_prefix,per_orientation,126.592223596116,49000
384,60,75,49,golden_prefix,per_orientation,114.993406866824,49000
385,75,75,49,golden_prefix,per_orientation,133.819405129956,49000
386,15,85,49,golden_prefix,per_orientation,47316039.4816306,49000
387,30,85,49,golden_prefix,per_orientation,381.375078007386,49000
388,45,85,49,golden_prefix,per_orientation,126.592223596116,49000
389,60,85,49,golden_prefix,per_orientation,114.993406866824,49000
390,75,85,49,golden_prefix,per_orientation,133.819405129956,49000
391,15,45,81,golden_prefix,per_orientation,Inf,81000
392,30,45,81,golden_prefix,per_orientation,Inf,81000
393,45,45,81,golden_prefix,per_orientation,Inf,81000
394,60,45,81,golden_prefix,per_orientation,Inf,81000
395,75,45,81,golden_prefix,per_orientation,Inf,81000
396,15,60,81,golden_prefix,per_orientation,Inf,81000
397,30,60,81,golden_prefix,per_orientation,Inf,81000
398,45,60,81,golden_prefix,per_orientation,Inf,81000
399,60,60,81,golden_prefix,per_orientation,Inf,81000
400,75,60,81,golden_prefix,per_orientation,Inf,81000
401,15,65,81,golden_prefix,per_orientation,111864218.593417,81000
402,30,65,81,golden_prefix,per_orientation,320.24249759305,81000
403,45,65,81,golden_prefix,per_orientation,98.7838295382282,81000
404,60,65,81,golden_prefix,per_orientation,89.4027884753568,81000
405,75,65,81,golden_prefix,per_orientation,105.255105052963,81000
406,15,70,81,golden_prefix,per_orientation,36780666.4207403,81000
407,30,70,81,golden_prefix,per_orientation,294.74694311062,81000
408,45,70,81,golden_prefix,per_orientation,98.7838295382282,81000
409,60,70,81,golden_prefix,per_orientation,89.4002181103365,81000
410,75,70,81,golden_prefix,per_orientation,104.033643084662,81000
411,15,75,81,golden_prefix,per_orientation,36780666.4207403,81000
412,30,75,81,golden_prefix,per_orientation,294.74694311062,81000
413,45,75,81,golden_prefix,per_orientation,98.7838295382282,81000
414,60,75,81,golden_prefix,per_orientation,89.4002181103365,81000
415,75,75,81,golden_prefix,per_orientation,104.033643084662,81000
416,15,85,81,golden_prefix,per_orientation,36780666.4207403,81000
417,30,85,81,golden_prefix,per_orientation,294.74694311062,81000
418,45,85,81,golden_prefix,per_orientation,98.7838295382282,81000
419,60,85,81,golden_prefix,per_orientation,89.4002181103365,81000
420,75,85,81,golden_prefix,per_orientation,104.033643084662,81000
421,15,45,3,center_ring,per_orientation,Inf,3000
422,30,45,3,center_ring,per_orientation,Inf,3000
423,45,45,3,center_ring,per_orientation,Inf,3000
424,60,45,3,center_ring,per_orientation,Inf,3000
425,75,45,3,center_ring,per_orientation,Inf,3000
426,15,60,3,center_ring,per_orientation,Inf,3000
427,30,60,3,center_ring,per_orientation,Inf,3000
428,45,60,3,center_ring,per_orientation,Inf,3000
429,60,60,3,center_ring,per_orientation,Inf,3000
430,75,60,3,center_ring,per_orientation,Inf,3000
431,15,65,3,center_ring,per_orientation,Inf,3000
432,30,65,3,center_ring,per_orientation,Inf,3000
433,45,65,3,center_ring,per_orientation,Inf,3000
434,60,65,3,center_ring,per_orientation,Inf,3000
435,75,65,3,center_ring,per_orientation,Inf,3000
436,15,70,3,center_ring,per_orientation,Inf,3000
437,30,70,3,center_ring,per_orientation,Inf,3000
438,45,70,3,center_ring,per_orientation,Inf,3000
439,60,70,3,center_ring,per_orientation,Inf,3000
440,75,70,3,center_ring,per_orientation,Inf,3000
441,15,75,3,center_ring,per_orientation,Inf,3000
442,30,75,3,center_ring,per_orientation,Inf,3000
443,45,75,3,center_ring,per_orientation,Inf,3000
444,60,75,3,center_ring,per_orientation,Inf,3000
445,75,75,3,center_ring,per_orientation,Inf,3000
446,15,85,3,center_ring,per_orientation,Inf,3000
447,30,85,3,center_ring,per_orientation,Inf,3000
448,45,85,3,center_ring,per_orientation,Inf,3000
449,60,85,3,center_ring,per_orientation,Inf,3000
450,75,85,3,center_ring,per_orientation,Inf,3000
451,15,45,5,center_ring,per_orientation,Inf,5000
452,30,45,5,center_ring,per_orientation,Inf,5000
453,45,45,5,center_ring,per_orientation,Inf,5000
454,60,45,5,center_ring,per_orientation,Inf,5000
455,75,45,5,center_ring,per_orientation,Inf,5000
456,15,60,5,center_ring,per_orientation,Inf,5000
457,30,60,5,center_ring,per_orientation,Inf,5000
458,45,60,5,center_ring,per_orientation,Inf,5000
459,60,60,5,center_ring,per_orientation,Inf,5000
460,75,60,5,center_ring,per_orientation,Inf,5000
461,15,65,5,center_ring,per_orientation,409173457.473895,5000
462,30,65,5,center_ring,per_orientation,1326.36502696307,5000
463,45,65,5,center_ring,per_orientation,444.734829692735,5000
464,60,65,5,center_ring,per_orientation,409.044874599926,5000
465,75,65,5,center_ring,per_orientation,473.689686800505,5000
466,15,70,5,center_ring,per_orientation,165420512.290103,5000
467,30,70,5,center_ring,per_orientation,1326.36502696307,5000
468,45,70,5,center_ring,per_orientation,444.734829692735,5000
469,60,70,5,center_ring,per_orientation,402.288128001976,5000
470,75,70,5,center_ring,per_orientation,468.074616429763,5000
471,15,75,5,center_ring,per_orientation,165420512.290103,5000
472,30,75,5,center_ring,per_orientation,1326.36502696307,5000
473,45,75,5,center_ring,per_orientation,444.734829692735,5000
474,60,75,5,center_ring,per_orientation,402.288128001976,5000
475,75,75,5,center_ring,per_orientation,468.074616429763,5000
476,15,85,5,center_ring,per_orientation,165420512.290103,5000
477,30,85,5,center_ring,per_orientation,1326.36502696307,5000
478,45,85,5,center_ring,per_orientation,444.734829692735,5000
479,60,85,5,center_ring,per_orientation,402.288128001976,5000
480,75,85,5,center_ring,per_orientation,468.074616429763,5000
481,15,45,9,center_ring,per_orientation,Inf,9000
482,30,45,9,center_ring,per_orientation,Inf,9000
483,45,45,9,center_ring,per_orientation,Inf,9000
484,60,45,9,center_ring,per_orientation,Inf,9000
485,75,45,9,center_ring,per_orientation,Inf,9000
486,15,60,9,center_ring,per_orientation,Inf,9000
487,30,60,9,center_ring,per_orientation,Inf,9000
488,45,60,9,center_ring,per_orientation,Inf,9000
489,60,60,9,center_ring,per_orientation,Inf,9000
490,75,60,9,center_ring,per_orientation,Inf,9000
491,15,65,9,center_ring,per_orientation,233773960.663714,9000
492,30,65,9,center_ring,per_orientation,937.940965285539,9000
493,45,65,9,center_ring,per_orientation,314.487019225986,9000
494,60,65,9,center_ring,per_orientation,284.463728538596,9000
495,75,65,9,center_ring,per_orientation,334.953571721338,9000
496,15,70,9,center_ring,per_orientation,116997660.840413,9000
497,30,70,9,center_ring,per_orientation,937.940965285539,9000
498,45,70,9,center_ring,per_orientation,314.487019225986,9000
499,60,70,9,center_ring,per_orientation,284.463728538596,9000
500,75,70,9,center_ring,per_orientation,330.983030011686,9000
501,15,75,9,center_ring,per_orientation,116997660.840413,9000
502,30,75,9,center_ring,per_orientation,937.940965285539,9000
503,45,75,9,center_ring,per_orientation,314.487019225986,9000
504,60,75,9,center_ring,per_orientation,284.463728538596,9000
505,75,75,9,center_ring,per_orientation,330.983030011686,9000
506,15,85,9,center_ring,per_orientation,116997660.840413,9000
507,30,85,9,center_ring,per_orientation,937.940965285539,9000
508,45,85,9,center_ring,per_orientation,314.487019225986,9000
509,60,85,9,center_ring,per_orientation,284.463728538596,9000
510,75,85,9,center_ring,per_orientation,330.983030011686,9000
511,15,45,15,center_ring,per_orientation,Inf,15000
512,30,45,15,center_ring,per_orientation,Inf,15000
513,45,45,15,center_ring,per_orientation,Inf,15000
514,60,45,15,center_ring,per_orientation,Inf,15000
515,75,45,15,center_ring,per_orientation,Inf,15000
516,15,60,15,center_ring,per_orientation,Inf,15000
517,30,60,15,center_ring,per_orientation,Inf,15000
518,45,60,15,center_ring,per_orientation,Inf,15000
519,60,60,15,center_ring,per_orientation,Inf,15000
520,75,60,15,center_ring,per_orientation,Inf,15000
521,15,65,15,center_ring,per_orientation,240073145.44286,15000
522,30,65,15,center_ring,per_orientation,712.174306258711,15000
523,45,65,15,center_ring,per_orientation,237.734380096016,15000
524,60,65,15,center_ring,per_orientation,220.101077928106,15000
525,75,65,15,center_ring,per_orientation,253.202757269394,15000
526,15,70,15,center_ring,per_orientation,88452388.0897305,15000
527,30,70,15,center_ring,per_orientation,709.039130777516,15000
528,45,70,15,center_ring,per_orientation,237.734380096016,15000
529,60,70,15,center_ring,per_orientation,215.035525460387,15000
530,75,70,15,center_ring,per_orientation,250.201276823919,15000
531,15,75,15,center_ring,per_orientation,88452388.0897305,15000
532,30,75,15,center_ring,per_orientation,709.039130777516,15000
533,45,75,15,center_ring,per_orientation,237.734380096016,15000
534,60,75,15,center_ring,per_orientation,215.035525460387,15000
535,75,75,15,center_ring,per_orientation,250.201276823919,15000
536,15,85,15,center_ring,per_orientation,88452388.0897305,15000
537,30,85,15,center_ring,per_orientation,709.039130777516,15000
538,45,85,15,center_ring,per_orientation,237.734380096016,15000
539,60,85,15,center_ring,per_orientation,215.035525460387,15000
540,75,85,15,center_ring,per_orientation,250.201276823919,15000
541,15,45,25,center_ring,per_orientation,Inf,25000
542,30,45,25,center_ring,per_orientation,Inf,25000
543,45,45,25,center_ring,per_orientation,Inf,25000
544,60,45,25,center_ring,per_orientation,Inf,25000
545,75,45,25,center_ring,per_orientation,Inf,25000
546,15,60,25,center_ring,per_orientation,Inf,25000
547,30,60,25,center_ring,per_orientation,Inf,25000
548,45,60,25,center_ring,per_orientation,Inf,25000
549,60,60,25,center_ring,per_orientation,Inf,25000
550,75,60,25,center_ring,per_orientation,Inf,25000
551,15,65,25,center_ring,per_orientation,173679316.401112,25000
552,30,65,25,center_ring,per_orientation,541.547850463551,25000
553,45,65,25,center_ring,per_orientation,181.57471247262,25000
554,60,65,25,center_ring,per_orientation,164.236626627384,25000
555,75,65,25,center_ring,per_orientation,193.38755962697,25000
556,15,70,25,center_ring,per_orientation,67561425.5796482,25000
557,30,70,25,center_ring,per_orientation,541.547850463551,25000
558,45,70,25,center_ring,per_orientation,181.57471247262,25000
559,60,70,25,center_ring,per_orientation,164.236626627384,25000
560,75,70,25,center_ring,per_orientation,191.095125928843,25000
561,15,75,25,center_ring,per_orientation,67561425.5796482,25000
562,30,75,25,center_ring,per_orientation,541.547850463551,25000
563,45,75,25,center_ring,per_orientation,181.57471247262,25000
564,60,75,25,center_ring,per_orientation,164.236626627384,25000
565,75,75,25,center_ring,per_orientation,191.095125928843,25000
566,15,85,25,center_ring,per_orientation,67561425.5796482,25000
567,30,85,25,center_ring,per_orientation,541.547850463551,25000
568,45,85,25,center_ring,per_orientation,181.57471247262,25000
569,60,85,25,center_ring,per_orientation,164.236626627384,25000
570,75,85,25,center_ring,per_orientation,191.095125928843,25000
571,15,45,49,center_ring,per_orientation,Inf,49000
572,30,45,49,center_ring,per_orientation,Inf,49000
573,45,45,49,center_ring,per_orientation,Inf,49000
574,60,45,49,center_ring,per_orientation,Inf,49000
575,75,45,49,center_ring,per_orientation,Inf,49000
576,15,60,49,center_ring,per_orientation,Inf,49000
577,30,60,49,center_ring,per_orientation,Inf,49000
578,45,60,49,center_ring,per_orientation,Inf,49000
579,60,60,49,center_ring,per_orientation,Inf,49000
580,75,60,49,center_ring,per_orientation,Inf,49000
581,15,65,49,center_ring,per_orientation,136568856.272642,49000
582,30,65,49,center_ring,per_orientation,397.600409705191,49000
583,45,65,49,center_ring,per_orientation,128.393791420873,49000
584,60,65,49,center_ring,per_orientation,116.133108407087,49000
585,75,65,49,center_ring,per_orientation,136.746049372044,49000
586,15,70,49,center_ring,per_orientation,47775635.0752952,49000
587,30,70,49,center_ring,per_orientation,382.937492920629,49000
588,45,70,49,center_ring,per_orientation,128.393791420873,49000
589,60,70,49,center_ring,per_orientation,116.133108407087,49000
590,75,70,49,center_ring,per_orientation,135.125046091475,49000
591,15,75,49,center_ring,per_orientation,47775635.0752952,49000
592,30,75,49,center_ring,per_orientation,382.937492920629,49000
593,45,75,49,center_ring,per_orientation,128.393791420873,49000
594,60,75,49,center_ring,per_orientation,116.133108407087,49000
595,75,75,49,center_ring,per_orientation,135.125046091475,49000
596,15,85,49,center_ring,per_orientation,47775635.0752952,49000
597,30,85,49,center_ring,per_orientation,382.937492920629,49000
598,45,85,49,center_ring,per_orientation,128.393791420873,49000
599,60,85,49,center_ring,per_orientation,116.133108407087,49000
600,75,85,49,center_ring,per_orientation,135.125046091475,49000
601,15,45,81,center_ring,per_orientation,Inf,81000
602,30,45,81,center_ring,per_orientation,Inf,81000
603,45,45,81,center_ring,per_orientation,Inf,81000
604,60,45,81,center_ring,per_orientation,Inf,81000
605,75,45,81,center_ring,per_orientation,Inf,81000
606,15,60,81,center_ring,per_orientation,Inf,81000
607,30,60,81,center_ring,per_orientation,Inf,81000
608,45,60,81,center_ring,per_orientation,Inf,81000
609,60,60,81,center_ring,per_orientation,Inf,81000
610,75,60,81,center_ring,per_orientation,Inf,81000
611,15,65,81,center_ring,per_orientation,111505298.386649,81000
612,30,65,81,center_ring,per_orientation,319.643763285394,81000
613,45,65,81,center_ring,per_orientation,99.4537477746772,81000
614,60,65,81,center_ring,per_orientation,89.9564069460975,81000
615,75,65,81,center_ring,per_orientation,105.92316015722,81000
616,15,70,81,center_ring,per_orientation,37007642.478648,81000
617,30,70,81,center_ring,per_orientation,296.623807428752,81000
618,45,70,81,center_ring,per_orientation,99.4537477746772,81000
619,60,70,81,center_ring,per_orientation,89.9564069460974,81000
620,75,70,81,center_ring,per_orientation,104.667533907298,81000
621,15,75,81,center_ring,per_orientation,37007642.478648,81000
622,30,75,81,center_ring,per_orientation,296.623807428752,81000
623,45,75,81,center_ring,per_orientation,99.4537477746772,81000
624,60,75,81,center_ring,per_orientation,89.9564069460974,81000
625,75,75,81,center_ring,per_orientation,104.667533907298,81000
626,15,85,81,center_ring,per_orientation,37007642.478648,81000
627,30,85,81,center_ring,per_orientation,296.623807428752,81000
628,45,85,81,center_ring,per_orientation,99.4537477746772,81000
629,60,85,81,center_ring,per_orientation,89.9564069460974,81000
630,75,85,81,center_ring,per_orientation,104.667533907298,81000
631,15,45,3,two_rings,per_orientation,Inf,3000
632,30,45,3,two_rings,per_orientation,Inf,3000
633,45,45,3,two_rings,per_orientation,Inf,3000
634,60,45,3,two_rings,per_orientation,Inf,3000
635,75,45,3,two_rings,per_orientation,Inf,3000
636,15,60,3,two_rings,per_orientation,Inf,3000
637,30,60,3,two_rings,per_orientation,Inf,3000
638,45,60,3,two_rings,per_orientation,Inf,3000
639,60,60,3,two_rings,per_orientation,Inf,3000
640,75,60,3,two_rings,per_orientation,Inf,3000
641,15,65,3,two_rings,per_orientation,Inf,3000
642,30,65,3,two_rings,per_orientation,Inf,3000
643,45,65,3,two_rings,per_orientation,Inf,3000
644,60,65,3,two_rings,per_orientation,Inf,3000
645,75,65,3,two_rings,per_orientation,Inf,3000
646,15,70,3,two_rings,per_orientation,421189427.402139,3000
647,30,70,3,two_rings,per_orientation,3517.55334378294,3000
648,45,70,3,two_rings,per_orientation,1112.58213676141,3000
649,60,70,3,two_rings,per_orientation,1023.50624409372,3000
650,75,70,3,two_rings,per_orientation,1197.52600204184,3000
651,15,75,3,two_rings,per_orientation,421189427.402139,3000
652,30,75,3,two_rings,per_orientation,3517.55334378294,3000
653,45,75,3,two_rings,per_orientation,1112.58213676141,3000
654,60,75,3,two_rings,per_orientation,1023.50624409372,3000
655,75,75,3,two_rings,per_orientation,1197.52600204184,3000
656,15,85,3,two_rings,per_orientation,421189427.402139,3000
657,30,85,3,two_rings,per_orientation,3517.55334378294,3000
658,45,85,3,two_rings,per_orientation,1112.58213676141,3000
659,60,85,3,two_rings,per_orientation,1023.50624409372,3000
660,75,85,3,two_rings,per_orientation,1197.52600204184,3000
661,15,45,5,two_rings,per_orientation,Inf,5000
662,30,45,5,two_rings,per_orientation,Inf,5000
663,45,45,5,two_rings,per_orientation,Inf,5000
664,60,45,5,two_rings,per_orientation,Inf,5000
665,75,45,5,two_rings,per_orientation,Inf,5000
666,15,60,5,two_rings,per_orientation,Inf,5000
667,30,60,5,two_rings,per_orientation,Inf,5000
668,45,60,5,two_rings,per_orientation,Inf,5000
669,60,60,5,two_rings,per_orientation,Inf,5000
670,75,60,5,two_rings,per_orientation,Inf,5000
671,15,65,5,two_rings,per_orientation,Inf,5000
672,30,65,5,two_rings,per_orientation,Inf,5000
673,45,65,5,two_rings,per_orientation,Inf,5000
674,60,65,5,two_rings,per_orientation,Inf,5000
675,75,65,5,two_rings,per_orientation,Inf,5000
676,15,70,5,two_rings,per_orientation,178613674.699573,5000
677,30,70,5,two_rings,per_orientation,1443.56597665531,5000
678,45,70,5,two_rings,per_orientation,478.423250208984,5000
679,60,70,5,two_rings,per_orientation,434.498868893476,5000
680,75,70,5,two_rings,per_orientation,507.42923779289,5000
681,15,75,5,two_rings,per_orientation,178613674.699573,5000
682,30,75,5,two_rings,per_orientation,1443.56597665531,5000
683,45,75,5,two_rings,per_orientation,478.423250208984,5000
684,60,75,5,two_rings,per_orientation,434.498868893476,5000
685,75,75,5,two_rings,per_orientation,507.42923779289,5000
686,15,85,5,two_rings,per_orientation,178613674.699573,5000
687,30,85,5,two_rings,per_orientation,1443.56597665531,5000
688,45,85,5,two_rings,per_orientation,478.423250208984,5000
689,60,85,5,two_rings,per_orientation,434.498868893476,5000
690,75,85,5,two_rings,per_orientation,507.42923779289,5000
691,15,45,9,two_rings,per_orientation,Inf,9000
692,30,45,9,two_rings,per_orientation,Inf,9000
693,45,45,9,two_rings,per_orientation,Inf,9000
694,60,45,9,two_rings,per_orientation,Inf,9000
695,75,45,9,two_rings,per_orientation,Inf,9000
696,15,60,9,two_rings,per_orientation,Inf,9000
697,30,60,9,two_rings,per_orientation,Inf,9000
698,45,60,9,two_rings,per_orientation,Inf,9000
699,60,60,9,two_rings,per_orientation,Inf,9000
700,75,60,9,two_rings,per_orientation,Inf,9000
701,15,65,9,two_rings,per_orientation,453461964.840731,9000
702,30,65,9,two_rings,per_orientation,1254.83275527599,9000
703,45,65,9,two_rings,per_orientation,363.082950951008,9000
704,60,65,9,two_rings,per_orientation,328.442810809586,9000
705,75,65,9,two_rings,per_orientation,386.736330465093,9000
706,15,70,9,two_rings,per_orientation,135009641.784083,9000
707,30,70,9,two_rings,per_orientation,1082.80810874436,9000
708,45,70,9,two_rings,per_orientation,363.082950951008,9000
709,60,70,9,two_rings,per_orientation,328.442810809585,9000
710,75,70,9,two_rings,per_orientation,382.152057812568,9000
711,15,75,9,two_rings,per_orientation,135009641.784083,9000
712,30,75,9,two_rings,per_orientation,1082.80810874436,9000
713,45,75,9,two_rings,per_orientation,363.082950951008,9000
714,60,75,9,two_rings,per_orientation,328.442810809585,9000
715,75,75,9,two_rings,per_orientation,382.152057812568,9000
716,15,85,9,two_rings,per_orientation,135009641.784083,9000
717,30,85,9,two_rings,per_orientation,1082.80810874436,9000
718,45,85,9,two_rings,per_orientation,363.082950951008,9000
719,60,85,9,two_rings,per_orientation,328.442810809585,9000
720,75,85,9,two_rings,per_orientation,382.152057812568,9000
721,15,45,15,two_rings,per_orientation,Inf,15000
722,30,45,15,two_rings,per_orientation,Inf,15000
723,45,45,15,two_rings,per_orientation,Inf,15000
724,60,45,15,two_rings,per_orientation,Inf,15000
725,75,45,15,two_rings,per_orientation,Inf,15000
726,15,60,15,two_rings,per_orientation,Inf,15000
727,30,60,15,two_rings,per_orientation,Inf,15000
728,45,60,15,two_rings,per_orientation,Inf,15000
729,60,60,15,two_rings,per_orientation,Inf,15000
730,75,60,15,two_rings,per_orientation,Inf,15000
731,15,65,15,two_rings,per_orientation,278072408.918709,15000
732,30,65,15,two_rings,per_orientation,849.410779298193,15000
733,45,65,15,two_rings,per_orientation,284.822411999243,15000
734,60,65,15,two_rings,per_orientation,257.650086366654,15000
735,75,65,15,two_rings,per_orientation,303.37886114306,15000
736,15,70,15,two_rings,per_orientation,105905111.236228,15000
737,30,70,15,two_rings,per_orientation,849.410779298193,15000
738,45,70,15,two_rings,per_orientation,284.822411999243,15000
739,60,70,15,two_rings,per_orientation,257.650086366654,15000
740,75,70,15,two_rings,per_orientation,299.782692429015,15000
741,15,75,15,two_rings,per_orientation,105905111.236228,15000
742,30,75,15,two_rings,per_orientation,849.410779298193,15000
743,45,75,15,two_rings,per_orientation,284.822411999243,15000
744,60,75,15,two_rings,per_orientation,257.650086366654,15000
745,75,75,15,two_rings,per_orientation,299.782692429015,15000
746,15,85,15,two_rings,per_orientation,105905111.236228,15000
747,30,85,15,two_rings,per_orientation,849.410779298193,15000
748,45,85,15,two_rings,per_orientation,284.822411999243,15000
749,60,85,15,two_rings,per_orientation,257.650086366654,15000
750,75,85,15,two_rings,per_orientation,299.782692429015,15000
751,15,45,25,two_rings,per_orientation,Inf,25000
752,30,45,25,two_rings,per_orientation,Inf,25000
753,45,45,25,two_rings,per_orientation,Inf,25000
754,60,45,25,two_rings,per_orientation,Inf,25000
755,75,45,25,two_rings,per_orientation,Inf,25000
756,15,60,25,two_rings,per_orientation,Inf,25000
757,30,60,25,two_rings,per_orientation,Inf,25000
758,45,60,25,two_rings,per_orientation,Inf,25000
759,60,60,25,two_rings,per_orientation,Inf,25000
760,75,60,25,two_rings,per_orientation,Inf,25000
761,15,65,25,two_rings,per_orientation,217508500.620765,25000
762,30,65,25,two_rings,per_orientation,663.064547439081,25000
763,45,65,25,two_rings,per_orientation,222.337859594802,25000
764,60,65,25,two_rings,per_orientation,201.127238230094,25000
765,75,65,25,two_rings,per_orientation,236.824048936569,25000
766,15,70,25,two_rings,per_orientation,82669722.6464415,25000
767,30,70,25,two_rings,per_orientation,663.064547439081,25000
768,45,70,25,two_rings,per_orientation,222.337859594802,25000
769,60,70,25,two_rings,per_orientation,201.127238230094,25000
770,75,70,25,two_rings,per_orientation,234.016805286247,25000
771,15,75,25,two_rings,per_orientation,82669722.6464415,25000
772,30,75,25,two_rings,per_orientation,663.064547439081,25000
773,45,75,25,two_rings,per_orientation,222.337859594802,25000
774,60,75,25,two_rings,per_orientation,201.127238230094,25000
775,75,75,25,two_rings,per_orientation,234.016805286247,25000
776,15,85,25,two_rings,per_orientation,82669722.6464415,25000
777,30,85,25,two_rings,per_orientation,663.064547439081,25000
778,45,85,25,two_rings,per_orientation,222.337859594802,25000
779,60,85,25,two_rings,per_orientation,201.127238230094,25000
780,75,85,25,two_rings,per_orientation,234.016805286247,25000
781,15,45,49,two_rings,per_orientation,Inf,49000
782,30,45,49,two_rings,per_orientation,Inf,49000
783,45,45,49,two_rings,per_orientation,Inf,49000
784,60,45,49,two_rings,per_orientation,Inf,49000
785,75,45,49,two_rings,per_orientation,Inf,49000
786,15,60,49,two_rings,per_orientation,Inf,49000
787,30,60,49,two_rings,per_orientation,Inf,49000
788,45,60,49,two_rings,per_orientation,Inf,49000
789,60,60,49,two_rings,per_orientation,Inf,49000
790,75,60,49,two_rings,per_orientation,Inf,49000
791,15,65,49,two_rings,per_orientation,150498110.139572,49000
792,30,65,49,two_rings,per_orientation,476.356160520875,49000
793,45,65,49,two_rings,per_orientation,159.73139910728,49000
794,60,65,49,two_rings,per_orientation,144.493645354017,49000
795,75,65,49,two_rings,per_orientation,170.138882842432,49000
796,15,70,49,two_rings,per_orientation,59390397.0537005,49000
797,30,70,49,two_rings,per_orientation,476.356160520875,49000
798,45,70,49,two_rings,per_orientation,159.73139910728,49000
799,60,70,49,two_rings,per_orientation,144.493645354016,49000
800,75,70,49,two_rings,per_orientation,168.12210731288,49000
801,15,75,49,two_rings,per_orientation,59390397.0537005,49000
802,30,75,49,two_rings,per_orientation,476.356160520875,49000
803,45,75,49,two_rings,per_orientation,159.73139910728,49000
804,60,75,49,two_rings,per_orientation,144.493645354016,49000
805,75,75,49,two_rings,per_orientation,168.12210731288,49000
806,15,85,49,two_rings,per_orientation,59390397.0537005,49000
807,30,85,49,two_rings,per_orientation,476.356160520875,49000
808,45,85,49,two_rings,per_orientation,159.73139910728,49000
809,60,85,49,two_rings,per_orientation,144.493645354016,49000
810,75,85,49,two_rings,per_orientation,168.12210731288,49000
811,15,45,81,two_rings,per_orientation,Inf,81000
812,30,45,81,two_rings,per_orientation,Inf,81000
813,45,45,81,two_rings,per_orientation,Inf,81000
814,60,45,81,two_rings,per_orientation,Inf,81000
815,75,45,81,two_rings,per_orientation,Inf,81000
816,15,60,81,two_rings,per_orientation,Inf,81000
817,30,60,81,two_rings,per_orientation,Inf,81000
818,45,60,81,two_rings,per_orientation,Inf,81000
819,60,60,81,two_rings,per_orientation,Inf,81000
820,75,60,81,two_rings,per_orientation,Inf,81000
821,15,65,81,two_rings,per_orientation,118719505.855003,81000
822,30,65,81,two_rings,per_orientation,371.386605232428,81000
823,45,65,81,two_rings,per_orientation,124.53319048792,81000
824,60,65,81,two_rings,per_orientation,112.653313700748,81000
825,75,65,81,two_rings,per_orientation,132.647407382792,81000
826,15,70,81,two_rings,per_orientation,46302891.7438484,81000
827,30,70,81,two_rings,per_orientation,371.386605232428,81000
828,45,70,81,two_rings,per_orientation,124.53319048792,81000
829,60,70,81,two_rings,per_orientation,112.653313700748,81000
830,75,70,81,two_rings,per_orientation,131.075045088499,81000
831,15,75,81,two_rings,per_orientation,46302891.7438484,81000
832,30,75,81,two_rings,per_orientation,371.386605232428,81000
833,45,75,81,two_rings,per_orientation,124.53319048792,81000
834,60,75,81,two_rings,per_orientation,112.653313700748,81000
835,75,75,81,two_rings,per_orientation,131.075045088499,81000
836,15,85,81,two_rings,per_orientation,46302891.7438484,81000
837,30,85,81,two_rings,per_orientation,371.386605232428,81000
838,45,85,81,two_rings,per_orientation,124.53319048792,81000
839,60,85,81,two_rings,per_orientation,112.653313700748,81000
840,75,85,81,two_rings,per_orientation,131.075045088499,81000
841,15,45,3,uniform_cone,fixed_total,Inf,9000
842,30,45,3,uniform_cone,fixed_total,Inf,9000
843,45,45,3,uniform_cone,fixed_total,Inf,9000
844,60,45,3,uniform_cone,fixed_total,Inf,9000
845,75,45,3,uniform_cone,fixed_total,Inf,9000
846,15,60,3,uniform_cone,fixed_total,Inf,9000
847,30,60,3,uniform_cone,fixed_total,Inf,9000
848,45,60,3,uniform_cone,fixed_total,Inf,9000
849,60,60,3,uniform_cone,fixed_total,Inf,9000
850,75,60,3,uniform_cone,fixed_total,Inf,9000
851,15,65,3,uniform_cone,fixed_total,Inf,9000
852,30,65,3,uniform_cone,fixed_total,Inf,9000
853,45,65,3,uniform_cone,fixed_total,Inf,9000
854,60,65,3,uniform_cone,fixed_total,Inf,9000
855,75,65,3,uniform_cone,fixed_total,Inf,9000
856,15,70,3,uniform_cone,fixed_total,110339100.41354,9000
857,30,70,3,uniform_cone,fixed_total,884.369094977969,9000
858,45,70,3,uniform_cone,fixed_total,296.515360756061,9000
859,60,70,3,uniform_cone,fixed_total,268.198589625966,9000
860,75,70,3,uniform_cone,fixed_total,312.058857284957,9000
861,15,75,3,uniform_cone,fixed_total,110339100.41354,9000
862,30,75,3,uniform_cone,fixed_total,884.369094977969,9000
863,45,75,3,uniform_cone,fixed_total,296.515360756061,9000
864,60,75,3,uniform_cone,fixed_total,268.198589625966,9000
865,75,75,3,uniform_cone,fixed_total,312.058857284957,9000
866,15,85,3,uniform_cone,fixed_total,110339100.41354,9000
867,30,85,3,uniform_cone,fixed_total,884.369094977969,9000
868,45,85,3,uniform_cone,fixed_total,296.515360756061,9000
869,60,85,3,uniform_cone,fixed_total,268.198589625966,9000
870,75,85,3,uniform_cone,fixed_total,312.058857284957,9000
871,15,45,5,uniform_cone,fixed_total,Inf,9000
872,30,45,5,uniform_cone,fixed_total,Inf,9000
873,45,45,5,uniform_cone,fixed_total,Inf,9000
874,60,45,5,uniform_cone,fixed_total,Inf,9000
875,75,45,5,uniform_cone,fixed_total,Inf,9000
876,15,60,5,uniform_cone,fixed_total,Inf,9000
877,30,60,5,uniform_cone,fixed_total,Inf,9000
878,45,60,5,uniform_cone,fixed_total,Inf,9000
879,60,60,5,uniform_cone,fixed_total,Inf,9000
880,75,60,5,uniform_cone,fixed_total,Inf,9000
881,15,65,5,uniform_cone,fixed_total,Inf,9000
882,30,65,5,uniform_cone,fixed_total,Inf,9000
883,45,65,5,uniform_cone,fixed_total,Inf,9000
884,60,65,5,uniform_cone,fixed_total,Inf,9000
885,75,65,5,uniform_cone,fixed_total,Inf,9000
886,15,70,5,uniform_cone,fixed_total,110339100.413541,9000
887,30,70,5,uniform_cone,fixed_total,884.369094977981,9000
888,45,70,5,uniform_cone,fixed_total,296.515360756061,9000
889,60,70,5,uniform_cone,fixed_total,268.198589625967,9000
890,75,70,5,uniform_cone,fixed_total,312.058857284957,9000
891,15,75,5,uniform_cone,fixed_total,110339100.413541,9000
892,30,75,5,uniform_cone,fixed_total,884.369094977981,9000
893,45,75,5,uniform_cone,fixed_total,296.515360756061,9000
894,60,75,5,uniform_cone,fixed_total,268.198589625967,9000
895,75,75,5,uniform_cone,fixed_total,312.058857284957,9000
896,15,85,5,uniform_cone,fixed_total,110339100.413541,9000
897,30,85,5,uniform_cone,fixed_total,884.369094977981,9000
898,45,85,5,uniform_cone,fixed_total,296.515360756061,9000
899,60,85,5,uniform_cone,fixed_total,268.198589625967,9000
900,75,85,5,uniform_cone,fixed_total,312.058857284957,9000
901,15,45,9,uniform_cone,fixed_total,Inf,9000
902,30,45,9,uniform_cone,fixed_total,Inf,9000
903,45,45,9,uniform_cone,fixed_total,Inf,9000
904,60,45,9,uniform_cone,fixed_total,Inf,9000
905,75,45,9,uniform_cone,fixed_total,Inf,9000
906,15,60,9,uniform_cone,fixed_total,Inf,9000
907,30,60,9,uniform_cone,fixed_total,Inf,9000
908,45,60,9,uniform_cone,fixed_total,Inf,9000
909,60,60,9,uniform_cone,fixed_total,Inf,9000
910,75,60,9,uniform_cone,fixed_total,Inf,9000
911,15,65,9,uniform_cone,fixed_total,443310123.925552,9000
912,30,65,9,uniform_cone,fixed_total,1191.89164919522,9000
913,45,65,9,uniform_cone,fixed_total,296.515360756061,9000
914,60,65,9,uniform_cone,fixed_total,268.198589625967,9000
915,75,65,9,uniform_cone,fixed_total,315.802422934077,9000
916,15,70,9,uniform_cone,fixed_total,110339100.413535,9000
917,30,70,9,uniform_cone,fixed_total,884.369094977969,9000
918,45,70,9,uniform_cone,fixed_total,296.515360756061,9000
919,60,70,9,uniform_cone,fixed_total,268.198589625966,9000
920,75,70,9,uniform_cone,fixed_total,312.058857284957,9000
921,15,75,9,uniform_cone,fixed_total,110339100.413535,9000
922,30,75,9,uniform_cone,fixed_total,884.369094977969,9000
923,45,75,9,uniform_cone,fixed_total,296.515360756061,9000
924,60,75,9,uniform_cone,fixed_total,268.198589625966,9000
925,75,75,9,uniform_cone,fixed_total,312.058857284957,9000
926,15,85,9,uniform_cone,fixed_total,110339100.413535,9000
927,30,85,9,uniform_cone,fixed_total,884.369094977969,9000
928,45,85,9,uniform_cone,fixed_total,296.515360756061,9000
929,60,85,9,uniform_cone,fixed_total,268.198589625966,9000
930,75,85,9,uniform_cone,fixed_total,312.058857284957,9000
931,15,45,15,uniform_cone,fixed_total,Inf,9000
932,30,45,15,uniform_cone,fixed_total,Inf,9000
933,45,45,15,uniform_cone,fixed_total,Inf,9000
934,60,45,15,uniform_cone,fixed_total,Inf,9000
935,75,45,15,uniform_cone,fixed_total,Inf,9000
936,15,60,15,uniform_cone,fixed_total,Inf,9000
937,30,60,15,uniform_cone,fixed_total,Inf,9000
938,45,60,15,uniform_cone,fixed_total,Inf,9000
939,60,60,15,uniform_cone,fixed_total,Inf,9000
940,75,60,15,uniform_cone,fixed_total,Inf,9000
941,15,65,15,uniform_cone,fixed_total,325830356.59195,9000
942,30,65,15,uniform_cone,fixed_total,940.824277207207,9000
943,45,65,15,uniform_cone,fixed_total,296.515360756061,9000
944,60,65,15,uniform_cone,fixed_total,268.445797949619,9000
945,75,65,15,uniform_cone,fixed_total,315.802422934077,9000
946,15,70,15,uniform_cone,fixed_total,110339100.413537,9000
947,30,70,15,uniform_cone,fixed_total,884.369094977971,9000
948,45,70,15,uniform_cone,fixed_total,296.515360756061,9000
949,60,70,15,uniform_cone,fixed_total,268.198589625966,9000
950,75,70,15,uniform_cone,fixed_total,312.058857284957,9000
951,15,75,15,uniform_cone,fixed_total,110339100.413537,9000
952,30,75,15,uniform_cone,fixed_total,884.369094977971,9000
953,45,75,15,uniform_cone,fixed_total,296.515360756061,9000
954,60,75,15,uniform_cone,fixed_total,268.198589625966,9000
955,75,75,15,uniform_cone,fixed_total,312.058857284957,9000
956,15,85,15,uniform_cone,fixed_total,110339100.413537,9000
957,30,85,15,uniform_cone,fixed_total,884.369094977971,9000
958,45,85,15,uniform_cone,fixed_total,296.515360756061,9000
959,60,85,15,uniform_cone,fixed_total,268.198589625966,9000
960,75,85,15,uniform_cone,fixed_total,312.058857284957,9000
961,15,45,25,uniform_cone,fixed_total,Inf,9000
962,30,45,25,uniform_cone,fixed_total,Inf,9000
963,45,45,25,uniform_cone,fixed_total,Inf,9000
964,60,45,25,uniform_cone,fixed_total,Inf,9000
965,75,45,25,uniform_cone,fixed_total,Inf,9000
966,15,60,25,uniform_cone,fixed_total,Inf,9000
967,30,60,25,uniform_cone,fixed_total,Inf,9000
968,45,60,25,uniform_cone,fixed_total,Inf,9000
969,60,60,25,uniform_cone,fixed_total,Inf,9000
970,75,60,25,uniform_cone,fixed_total,Inf,9000
971,15,65,25,uniform_cone,fixed_total,339122203.18168,9000
972,30,65,25,uniform_cone,fixed_total,967.232577169236,9000
973,45,65,25,uniform_cone,fixed_total,296.515360756061,9000
974,60,65,25,uniform_cone,fixed_total,268.198589625966,9000
975,75,65,25,uniform_cone,fixed_total,315.802422934078,9000
976,15,70,25,uniform_cone,fixed_total,110339100.413546,9000
977,30,70,25,uniform_cone,fixed_total,884.369094977975,9000
978,45,70,25,uniform_cone,fixed_total,296.515360756061,9000
979,60,70,25,uniform_cone,fixed_total,268.198589625966,9000
980,75,70,25,uniform_cone,fixed_total,312.058857284957,9000
981,15,75,25,uniform_cone,fixed_total,110339100.413546,9000
982,30,75,25,uniform_cone,fixed_total,884.369094977975,9000
983,45,75,25,uniform_cone,fixed_total,296.515360756061,9000
984,60,75,25,uniform_cone,fixed_total,268.198589625966,9000
985,75,75,25,uniform_cone,fixed_total,312.058857284957,9000
986,15,85,25,uniform_cone,fixed_total,110339100.413546,9000
987,30,85,25,uniform_cone,fixed_total,884.369094977975,9000
988,45,85,25,uniform_cone,fixed_total,296.515360756061,9000
989,60,85,25,uniform_cone,fixed_total,268.198589625966,9000
990,75,85,25,uniform_cone,fixed_total,312.058857284957,9000
991,15,45,49,uniform_cone,fixed_total,Inf,9000
992,30,45,49,uniform_cone,fixed_total,Inf,9000
993,45,45,49,uniform_cone,fixed_total,Inf,9000
994,60,45,49,uniform_cone,fixed_total,Inf,9000
995,75,45,49,uniform_cone,fixed_total,Inf,9000
996,15,60,49,uniform_cone,fixed_total,Inf,9000
997,30,60,49,uniform_cone,fixed_total,Inf,9000
998,45,60,49,uniform_cone,fixed_total,Inf,9000
999,60,60,49,uniform_cone,fixed_total,Inf,9000
1000,75,60,49,uniform_cone,fixed_total,Inf,9000
1001,15,65,49,uniform_cone,fixed_total,337421138.588052,9000
1002,30,65,49,uniform_cone,fixed_total,964.436932303149,9000
1003,45,65,49,uniform_cone,fixed_total,296.480782161183,9000
1004,60,65,49,uniform_cone,fixed_total,268.199607878241,9000
1005,75,65,49,uniform_cone,fixed_total,315.791284242083,9000
1006,15,70,49,uniform_cone,fixed_total,110339255.145207,9000
1007,30,70,49,uniform_cone,fixed_total,884.124751183761,9000
1008,45,70,49,uniform_cone,fixed_total,296.480782161183,9000
1009,60,70,49,uniform_cone,fixed_total,268.195688642585,9000
1010,75,70,49,uniform_cone,fixed_total,312.061959879163,9000
1011,15,75,49,uniform_cone,fixed_total,110339255.145207,9000
1012,30,75,49,uniform_cone,fixed_total,884.124751183761,9000
1013,45,75,49,uniform_cone,fixed_total,296.480782161183,9000
1014,60,75,49,uniform_cone,fixed_total,268.195688642585,9000
1015,75,75,49,uniform_cone,fixed_total,312.061959879163,9000
1016,15,85,49,uniform_cone,fixed_total,110339255.145207,9000
1017,30,85,49,uniform_cone,fixed_total,884.124751183761,9000
1018,45,85,49,uniform_cone,fixed_total,296.480782161183,9000
1019,60,85,49,uniform_cone,fixed_total,268.195688642585,9000
1020,75,85,49,uniform_cone,fixed_total,312.061959879163,9000
1021,15,45,81,uniform_cone,fixed_total,Inf,9000
1022,30,45,81,uniform_cone,fixed_total,Inf,9000
1023,45,45,81,uniform_cone,fixed_total,Inf,9000
1024,60,45,81,uniform_cone,fixed_total,Inf,9000
1025,75,45,81,uniform_cone,fixed_total,Inf,9000
1026,15,60,81,uniform_cone,fixed_total,Inf,9000
1027,30,60,81,uniform_cone,fixed_total,Inf,9000
1028,45,60,81,uniform_cone,fixed_total,Inf,9000
1029,60,60,81,uniform_cone,fixed_total,Inf,9000
1030,75,60,81,uniform_cone,fixed_total,Inf,9000
1031,15,65,81,uniform_cone,fixed_total,338714113.042118,9000
1032,30,65,81,uniform_cone,fixed_total,966.571521900513,9000
1033,45,65,81,uniform_cone,fixed_total,296.476853337794,9000
1034,60,65,81,uniform_cone,fixed_total,268.199617205943,9000
1035,75,65,81,uniform_cone,fixed_total,315.794537322285,9000
1036,15,70,81,uniform_cone,fixed_total,110339200.203206,9000
1037,30,70,81,uniform_cone,fixed_total,884.081600508523,9000
1038,45,70,81,uniform_cone,fixed_total,296.476853337794,9000
1039,60,70,81,uniform_cone,fixed_total,268.196774187909,9000
1040,75,70,81,uniform_cone,fixed_total,312.059789065348,9000
1041,15,75,81,uniform_cone,fixed_total,110339200.203206,9000
1042,30,75,81,uniform_cone,fixed_total,884.081600508523,9000
1043,45,75,81,uniform_cone,fixed_total,296.476853337794,9000
1044,60,75,81,uniform_cone,fixed_total,268.196774187909,9000
1045,75,75,81,uniform_cone,fixed_total,312.059789065348,9000
1046,15,85,81,uniform_cone,fixed_total,110339200.203206,9000
1047,30,85,81,uniform_cone,fixed_total,884.081600508523,9000
1048,45,85,81,uniform_cone,fixed_total,296.476853337794,9000
1049,60,85,81,uniform_cone,fixed_total,268.196774187909,9000
1050,75,85,81,uniform_cone,fixed_total,312.059789065348,9000
1051,15,45,3,golden_prefix,fixed_total,Inf,9000
1052,30,45,3,golden_prefix,fixed_total,Inf,9000
1053,45,45,3,golden_prefix,fixed_total,Inf,9000
1054,60,45,3,golden_prefix,fixed_total,Inf,9000
1055,75,45,3,golden_prefix,fixed_total,Inf,9000
1056,15,60,3,golden_prefix,fixed_total,Inf,9000
1057,30,60,3,golden_prefix,fixed_total,Inf,9000
1058,45,60,3,golden_prefix,fixed_total,Inf,9000
1059,60,60,3,golden_prefix,fixed_total,Inf,9000
1060,75,60,3,golden_prefix,fixed_total,Inf,9000
1061,15,65,3,golden_prefix,fixed_total,Inf,9000
1062,30,65,3,golden_prefix,fixed_total,Inf,9000
1063,45,65,3,golden_prefix,fixed_total,Inf,9000
1064,60,65,3,golden_prefix,fixed_total,Inf,9000
1065,75,65,3,golden_prefix,fixed_total,Inf,9000
1066,15,70,3,golden_prefix,fixed_total,120553911.018664,9000
1067,30,70,3,golden_prefix,fixed_total,1008.06120019091,9000
1068,45,70,3,golden_prefix,fixed_total,317.305379281914,9000
1069,60,70,3,golden_prefix,fixed_total,292.882971713562,9000
1070,75,70,3,golden_prefix,fixed_total,340.84073343203,9000
1071,15,75,3,golden_prefix,fixed_total,120553911.018664,9000
1072,30,75,3,golden_prefix,fixed_total,1008.06120019091,9000
1073,45,75,3,golden_prefix,fixed_total,317.305379281914,9000
1074,60,75,3,golden_prefix,fixed_total,292.882971713562,9000
1075,75,75,3,golden_prefix,fixed_total,340.84073343203,9000
1076,15,85,3,golden_prefix,fixed_total,120553911.018664,9000
1077,30,85,3,golden_prefix,fixed_total,1008.06120019091,9000
1078,45,85,3,golden_prefix,fixed_total,317.305379281914,9000
1079,60,85,3,golden_prefix,fixed_total,292.882971713562,9000
1080,75,85,3,golden_prefix,fixed_total,340.84073343203,9000
1081,15,45,5,golden_prefix,fixed_total,Inf,9000
1082,30,45,5,golden_prefix,fixed_total,Inf,9000
1083,45,45,5,golden_prefix,fixed_total,Inf,9000
1084,60,45,5,golden_prefix,fixed_total,Inf,9000
1085,75,45,5,golden_prefix,fixed_total,Inf,9000
1086,15,60,5,golden_prefix,fixed_total,Inf,9000
1087,30,60,5,golden_prefix,fixed_total,Inf,9000
1088,45,60,5,golden_prefix,fixed_total,Inf,9000
1089,60,60,5,golden_prefix,fixed_total,Inf,9000
1090,75,60,5,golden_prefix,fixed_total,Inf,9000
1091,15,65,5,golden_prefix,fixed_total,Inf,9000
1092,30,65,5,golden_prefix,fixed_total,Inf,9000
1093,45,65,5,golden_prefix,fixed_total,Inf,9000
1094,60,65,5,golden_prefix,fixed_total,Inf,9000
1095,75,65,5,golden_prefix,fixed_total,Inf,9000
1096,15,70,5,golden_prefix,fixed_total,112031856.632706,9000
1097,30,70,5,golden_prefix,fixed_total,898.408366431399,9000
1098,45,70,5,golden_prefix,fixed_total,298.04871164066,9000
1099,60,70,5,golden_prefix,fixed_total,272.195456700255,9000
1100,75,70,5,golden_prefix,fixed_total,317.933244317909,9000
1101,15,75,5,golden_prefix,fixed_total,112031856.632706,9000
1102,30,75,5,golden_prefix,fixed_total,898.408366431399,9000
1103,45,75,5,golden_prefix,fixed_total,298.04871164066,9000
1104,60,75,5,golden_prefix,fixed_total,272.195456700255,9000
1105,75,75,5,golden_prefix,fixed_total,317.933244317909,9000
1106,15,85,5,golden_prefix,fixed_total,112031856.632706,9000
1107,30,85,5,golden_prefix,fixed_total,898.408366431399,9000
1108,45,85,5,golden_prefix,fixed_total,298.04871164066,9000
1109,60,85,5,golden_prefix,fixed_total,272.195456700255,9000
1110,75,85,5,golden_prefix,fixed_total,317.933244317909,9000
1111,15,45,9,golden_prefix,fixed_total,Inf,9000
1112,30,45,9,golden_prefix,fixed_total,Inf,9000
1113,45,45,9,golden_prefix,fixed_total,Inf,9000
1114,60,45,9,golden_prefix,fixed_total,Inf,9000
1115,75,45,9,golden_prefix,fixed_total,Inf,9000
1116,15,60,9,golden_prefix,fixed_total,Inf,9000
1117,30,60,9,golden_prefix,fixed_total,Inf,9000
1118,45,60,9,golden_prefix,fixed_total,Inf,9000
1119,60,60,9,golden_prefix,fixed_total,Inf,9000
1120,75,60,9,golden_prefix,fixed_total,Inf,9000
1121,15,65,9,golden_prefix,fixed_total,391760740.805295,9000
1122,30,65,9,golden_prefix,fixed_total,1092.23735443629,9000
1123,45,65,9,golden_prefix,fixed_total,296.842583799925,9000
1124,60,65,9,golden_prefix,fixed_total,275.024294970579,9000
1125,75,65,9,golden_prefix,fixed_total,317.943777139663,9000
1126,15,70,9,golden_prefix,fixed_total,111242097.950866,9000
1127,30,70,9,golden_prefix,fixed_total,891.100172942493,9000
1128,45,70,9,golden_prefix,fixed_total,296.842583799925,9000
1129,60,70,9,golden_prefix,fixed_total,270.165442361344,9000
1130,75,70,9,golden_prefix,fixed_total,314.611984688427,9000
1131,15,75,9,golden_prefix,fixed_total,111242097.950866,9000
1132,30,75,9,golden_prefix,fixed_total,891.100172942493,9000
1133,45,75,9,golden_prefix,fixed_total,296.842583799925,9000
1134,60,75,9,golden_prefix,fixed_total,270.165442361344,9000
1135,75,75,9,golden_prefix,fixed_total,314.611984688427,9000
1136,15,85,9,golden_prefix,fixed_total,111242097.950866,9000
1137,30,85,9,golden_prefix,fixed_total,891.100172942493,9000
1138,45,85,9,golden_prefix,fixed_total,296.842583799925,9000
1139,60,85,9,golden_prefix,fixed_total,270.165442361344,9000
1140,75,85,9,golden_prefix,fixed_total,314.611984688427,9000
1141,15,45,15,golden_prefix,fixed_total,Inf,9000
1142,30,45,15,golden_prefix,fixed_total,Inf,9000
1143,45,45,15,golden_prefix,fixed_total,Inf,9000
1144,60,45,15,golden_prefix,fixed_total,Inf,9000
1145,75,45,15,golden_prefix,fixed_total,Inf,9000
1146,15,60,15,golden_prefix,fixed_total,Inf,9000
1147,30,60,15,golden_prefix,fixed_total,Inf,9000
1148,45,60,15,golden_prefix,fixed_total,Inf,9000
1149,60,60,15,golden_prefix,fixed_total,Inf,9000
1150,75,60,15,golden_prefix,fixed_total,Inf,9000
1151,15,65,15,golden_prefix,fixed_total,387317742.509876,9000
1152,30,65,15,golden_prefix,fixed_total,1073.39735088436,9000
1153,45,65,15,golden_prefix,fixed_total,294.113757052265,9000
1154,60,65,15,golden_prefix,fixed_total,270.09077304516,9000
1155,75,65,15,golden_prefix,fixed_total,316.735526743088,9000
1156,15,70,15,golden_prefix,fixed_total,111065294.704702,9000
1157,30,70,15,golden_prefix,fixed_total,904.980968768436,9000
1158,45,70,15,golden_prefix,fixed_total,294.113757052265,9000
1159,60,70,15,golden_prefix,fixed_total,269.836896547481,9000
1160,75,70,15,golden_prefix,fixed_total,314.203804063021,9000
1161,15,75,15,golden_prefix,fixed_total,111065294.704702,9000
1162,30,75,15,golden_prefix,fixed_total,904.980968768436,9000
1163,45,75,15,golden_prefix,fixed_total,294.113757052265,9000
1164,60,75,15,golden_prefix,fixed_total,269.836896547481,9000
1165,75,75,15,golden_prefix,fixed_total,314.203804063021,9000
1166,15,85,15,golden_prefix,fixed_total,111065294.704702,9000
1167,30,85,15,golden_prefix,fixed_total,904.980968768436,9000
1168,45,85,15,golden_prefix,fixed_total,294.113757052265,9000
1169,60,85,15,golden_prefix,fixed_total,269.836896547481,9000
1170,75,85,15,golden_prefix,fixed_total,314.203804063021,9000
1171,15,45,25,golden_prefix,fixed_total,Inf,9000
1172,30,45,25,golden_prefix,fixed_total,Inf,9000
1173,45,45,25,golden_prefix,fixed_total,Inf,9000
1174,60,45,25,golden_prefix,fixed_total,Inf,9000
1175,75,45,25,golden_prefix,fixed_total,Inf,9000
1176,15,60,25,golden_prefix,fixed_total,Inf,9000
1177,30,60,25,golden_prefix,fixed_total,Inf,9000
1178,45,60,25,golden_prefix,fixed_total,Inf,9000
1179,60,60,25,golden_prefix,fixed_total,Inf,9000
1180,75,60,25,golden_prefix,fixed_total,Inf,9000
1181,15,65,25,golden_prefix,fixed_total,347608800.046557,9000
1182,30,65,25,golden_prefix,fixed_total,985.644111097902,9000
1183,45,65,25,golden_prefix,fixed_total,295.917825840157,9000
1184,60,65,25,golden_prefix,fixed_total,268.528209414467,9000
1185,75,65,25,golden_prefix,fixed_total,315.829913265497,9000
1186,15,70,25,golden_prefix,fixed_total,110460603.369928,9000
1187,30,70,25,golden_prefix,fixed_total,887.340536862413,9000
1188,45,70,25,golden_prefix,fixed_total,295.917825840157,9000
1189,60,70,25,golden_prefix,fixed_total,268.396597761044,9000
1190,75,70,25,golden_prefix,fixed_total,312.465798838,9000
1191,15,75,25,golden_prefix,fixed_total,110460603.369928,9000
1192,30,75,25,golden_prefix,fixed_total,887.340536862413,9000
1193,45,75,25,golden_prefix,fixed_total,295.917825840157,9000
1194,60,75,25,golden_prefix,fixed_total,268.396597761044,9000
1195,75,75,25,golden_prefix,fixed_total,312.465798838,9000
1196,15,85,25,golden_prefix,fixed_total,110460603.369928,9000
1197,30,85,25,golden_prefix,fixed_total,887.340536862413,9000
1198,45,85,25,golden_prefix,fixed_total,295.917825840157,9000
1199,60,85,25,golden_prefix,fixed_total,268.396597761044,9000
1200,75,85,25,golden_prefix,fixed_total,312.465798838,9000
1201,15,45,49,golden_prefix,fixed_total,Inf,9000
1202,30,45,49,golden_prefix,fixed_total,Inf,9000
1203,45,45,49,golden_prefix,fixed_total,Inf,9000
1204,60,45,49,golden_prefix,fixed_total,Inf,9000
1205,75,45,49,golden_prefix,fixed_total,Inf,9000
1206,15,60,49,golden_prefix,fixed_total,Inf,9000
1207,30,60,49,golden_prefix,fixed_total,Inf,9000
1208,45,60,49,golden_prefix,fixed_total,Inf,9000
1209,60,60,49,golden_prefix,fixed_total,Inf,9000
1210,75,60,49,golden_prefix,fixed_total,Inf,9000
1211,15,65,49,golden_prefix,fixed_total,341805364.965974,9000
1212,30,65,49,golden_prefix,fixed_total,974.287837582613,9000
1213,45,65,49,golden_prefix,fixed_total,295.382349183614,9000
1214,60,65,49,golden_prefix,fixed_total,268.371362010448,9000
1215,75,65,49,golden_prefix,fixed_total,315.642076051061,9000
1216,15,70,49,golden_prefix,fixed_total,110404077.23075,9000
1217,30,70,49,golden_prefix,fixed_total,889.883597071003,9000
1218,45,70,49,golden_prefix,fixed_total,295.382349183614,9000
1219,60,70,49,golden_prefix,fixed_total,268.317798966615,9000
1220,75,70,49,golden_prefix,fixed_total,312.245866659199,9000
1221,15,75,49,golden_prefix,fixed_total,110404077.23075,9000
1222,30,75,49,golden_prefix,fixed_total,889.883597071003,9000
1223,45,75,49,golden_prefix,fixed_total,295.382349183614,9000
1224,60,75,49,golden_prefix,fixed_total,268.317798966615,9000
1225,75,75,49,golden_prefix,fixed_total,312.245866659199,9000
1226,15,85,49,golden_prefix,fixed_total,110404077.23075,9000
1227,30,85,49,golden_prefix,fixed_total,889.883597071003,9000
1228,45,85,49,golden_prefix,fixed_total,295.382349183614,9000
1229,60,85,49,golden_prefix,fixed_total,268.317798966615,9000
1230,75,85,49,golden_prefix,fixed_total,312.245866659199,9000
1231,15,45,81,golden_prefix,fixed_total,Inf,9000
1232,30,45,81,golden_prefix,fixed_total,Inf,9000
1233,45,45,81,golden_prefix,fixed_total,Inf,9000
1234,60,45,81,golden_prefix,fixed_total,Inf,9000
1235,75,45,81,golden_prefix,fixed_total,Inf,9000
1236,15,60,81,golden_prefix,fixed_total,Inf,9000
1237,30,60,81,golden_prefix,fixed_total,Inf,9000
1238,45,60,81,golden_prefix,fixed_total,Inf,9000
1239,60,60,81,golden_prefix,fixed_total,Inf,9000
1240,75,60,81,golden_prefix,fixed_total,Inf,9000
1241,15,65,81,golden_prefix,fixed_total,335591789.205788,9000
1242,30,65,81,golden_prefix,fixed_total,960.726398652529,9000
1243,45,65,81,golden_prefix,fixed_total,296.349384859481,9000
1244,60,65,81,golden_prefix,fixed_total,268.208694544759,9000
1245,75,65,81,golden_prefix,fixed_total,315.765286924565,9000
1246,15,70,81,golden_prefix,fixed_total,110342041.162792,9000
1247,30,70,81,golden_prefix,fixed_total,884.243893176249,9000
1248,45,70,81,golden_prefix,fixed_total,296.349384859481,9000
1249,60,70,81,golden_prefix,fixed_total,268.200886620142,9000
1250,75,70,81,golden_prefix,fixed_total,312.101647801187,9000
1251,15,75,81,golden_prefix,fixed_total,110342041.162792,9000
1252,30,75,81,golden_prefix,fixed_total,884.243893176249,9000
1253,45,75,81,golden_prefix,fixed_total,296.349384859481,9000
1254,60,75,81,golden_prefix,fixed_total,268.200886620142,9000
1255,75,75,81,golden_prefix,fixed_total,312.101647801187,9000
1256,15,85,81,golden_prefix,fixed_total,110342041.162792,9000
1257,30,85,81,golden_prefix,fixed_total,884.243893176249,9000
1258,45,85,81,golden_prefix,fixed_total,296.349384859481,9000
1259,60,85,81,golden_prefix,fixed_total,268.200886620142,9000
1260,75,85,81,golden_prefix,fixed_total,312.101647801187,9000
1261,15,45,3,center_ring,fixed_total,Inf,9000
1262,30,45,3,center_ring,fixed_total,Inf,9000
1263,45,45,3,center_ring,fixed_total,Inf,9000
1264,60,45,3,center_ring,fixed_total,Inf,9000
1265,75,45,3,center_ring,fixed_total,Inf,9000
1266,15,60,3,center_ring,fixed_total,Inf,9000
1267,30,60,3,center_ring,fixed_total,Inf,9000
1268,45,60,3,center_ring,fixed_total,Inf,9000
1269,60,60,3,center_ring,fixed_total,Inf,9000
1270,75,60,3,center_ring,fixed_total,Inf,9000
1271,15,65,3,center_ring,fixed_total,Inf,9000
1272,30,65,3,center_ring,fixed_total,Inf,9000
1273,45,65,3,center_ring,fixed_total,Inf,9000
1274,60,65,3,center_ring,fixed_total,Inf,9000
1275,75,65,3,center_ring,fixed_total,Inf,9000
1276,15,70,3,center_ring,fixed_total,Inf,9000
1277,30,70,3,center_ring,fixed_total,Inf,9000
1278,45,70,3,center_ring,fixed_total,Inf,9000
1279,60,70,3,center_ring,fixed_total,Inf,9000
1280,75,70,3,center_ring,fixed_total,Inf,9000
1281,15,75,3,center_ring,fixed_total,Inf,9000
1282,30,75,3,center_ring,fixed_total,Inf,9000
1283,45,75,3,center_ring,fixed_total,Inf,9000
1284,60,75,3,center_ring,fixed_total,Inf,9000
1285,75,75,3,center_ring,fixed_total,Inf,9000
1286,15,85,3,center_ring,fixed_total,Inf,9000
1287,30,85,3,center_ring,fixed_total,Inf,9000
1288,45,85,3,center_ring,fixed_total,Inf,9000
1289,60,85,3,center_ring,fixed_total,Inf,9000
1290,75,85,3,center_ring,fixed_total,Inf,9000
1291,15,45,5,center_ring,fixed_total,Inf,9000
1292,30,45,5,center_ring,fixed_total,Inf,9000
1293,45,45,5,center_ring,fixed_total,Inf,9000
1294,60,45,5,center_ring,fixed_total,Inf,9000
1295,75,45,5,center_ring,fixed_total,Inf,9000
1296,15,60,5,center_ring,fixed_total,Inf,9000
1297,30,60,5,center_ring,fixed_total,Inf,9000
1298,45,60,5,center_ring,fixed_total,Inf,9000
1299,60,60,5,center_ring,fixed_total,Inf,9000
1300,75,60,5,center_ring,fixed_total,Inf,9000
1301,15,65,5,center_ring,fixed_total,304979888.499905,9000
1302,30,65,5,center_ring,fixed_total,988.614121089263,9000
1303,45,65,5,center_ring,fixed_total,331.485770384916,9000
1304,60,65,5,center_ring,fixed_total,304.884048484437,9000
1305,75,65,5,center_ring,fixed_total,353.067446642172,9000
1306,15,70,5,center_ring,fixed_total,123297170.117814,9000
1307,30,70,5,center_ring,fixed_total,988.614121089263,9000
1308,45,70,5,center_ring,fixed_total,331.485770384916,9000
1309,60,70,5,center_ring,fixed_total,299.847866917852,9000
1310,75,70,5,center_ring,fixed_total,348.88222029303,9000
1311,15,75,5,center_ring,fixed_total,123297170.117814,9000
1312,30,75,5,center_ring,fixed_total,988.614121089263,9000
1313,45,75,5,center_ring,fixed_total,331.485770384916,9000
1314,60,75,5,center_ring,fixed_total,299.847866917852,9000
1315,75,75,5,center_ring,fixed_total,348.88222029303,9000
1316,15,85,5,center_ring,fixed_total,123297170.117814,9000
1317,30,85,5,center_ring,fixed_total,988.614121089263,9000
1318,45,85,5,center_ring,fixed_total,331.485770384916,9000
1319,60,85,5,center_ring,fixed_total,299.847866917852,9000
1320,75,85,5,center_ring,fixed_total,348.88222029303,9000
1321,15,45,9,center_ring,fixed_total,Inf,9000
1322,30,45,9,center_ring,fixed_total,Inf,9000
1323,45,45,9,center_ring,fixed_total,Inf,9000
1324,60,45,9,center_ring,fixed_total,Inf,9000
1325,75,45,9,center_ring,fixed_total,Inf,9000
1326,15,60,9,center_ring,fixed_total,Inf,9000
1327,30,60,9,center_ring,fixed_total,Inf,9000
1328,45,60,9,center_ring,fixed_total,Inf,9000
1329,60,60,9,center_ring,fixed_total,Inf,9000
1330,75,60,9,center_ring,fixed_total,Inf,9000
1331,15,65,9,center_ring,fixed_total,233773960.663714,9000
1332,30,65,9,center_ring,fixed_total,937.940965285539,9000
1333,45,65,9,center_ring,fixed_total,314.487019225986,9000
1334,60,65,9,center_ring,fixed_total,284.463728538596,9000
1335,75,65,9,center_ring,fixed_total,334.953571721338,9000
1336,15,70,9,center_ring,fixed_total,116997660.840413,9000
1337,30,70,9,center_ring,fixed_total,937.940965285539,9000
1338,45,70,9,center_ring,fixed_total,314.487019225986,9000
1339,60,70,9,center_ring,fixed_total,284.463728538596,9000
1340,75,70,9,center_ring,fixed_total,330.983030011686,9000
1341,15,75,9,center_ring,fixed_total,116997660.840413,9000
1342,30,75,9,center_ring,fixed_total,937.940965285539,9000
1343,45,75,9,center_ring,fixed_total,314.487019225986,9000
1344,60,75,9,center_ring,fixed_total,284.463728538596,9000
1345,75,75,9,center_ring,fixed_total,330.983030011686,9000
1346,15,85,9,center_ring,fixed_total,116997660.840413,9000
1347,30,85,9,center_ring,fixed_total,937.940965285539,9000
1348,45,85,9,center_ring,fixed_total,314.487019225986,9000
1349,60,85,9,center_ring,fixed_total,284.463728538596,9000
1350,75,85,9,center_ring,fixed_total,330.983030011686,9000
1351,15,45,15,center_ring,fixed_total,Inf,9000
1352,30,45,15,center_ring,fixed_total,Inf,9000
1353,45,45,15,center_ring,fixed_total,Inf,9000
1354,60,45,15,center_ring,fixed_total,Inf,9000
1355,75,45,15,center_ring,fixed_total,Inf,9000
1356,15,60,15,center_ring,fixed_total,Inf,9000
1357,30,60,15,center_ring,fixed_total,Inf,9000
1358,45,60,15,center_ring,fixed_total,Inf,9000
1359,60,60,15,center_ring,fixed_total,Inf,9000
1360,75,60,15,center_ring,fixed_total,Inf,9000
1361,15,65,15,center_ring,fixed_total,309933098.057377,9000
1362,30,65,15,center_ring,fixed_total,919.413075912269,9000
1363,45,65,15,center_ring,fixed_total,306.913764977605,9000
1364,60,65,15,center_ring,fixed_total,284.149269765951,9000
1365,75,65,15,center_ring,fixed_total,326.883354039388,9000
1366,15,70,15,center_ring,fixed_total,114191542.001266,9000
1367,30,70,15,center_ring,fixed_total,915.365581770237,9000
1368,45,70,15,center_ring,fixed_total,306.913764977605,9000
1369,60,70,15,center_ring,fixed_total,277.609669650346,9000
1370,75,70,15,center_ring,fixed_total,323.00845944629,9000
1371,15,75,15,center_ring,fixed_total,114191542.001266,9000
1372,30,75,15,center_ring,fixed_total,915.365581770237,9000
1373,45,75,15,center_ring,fixed_total,306.913764977605,9000
1374,60,75,15,center_ring,fixed_total,277.609669650346,9000
1375,75,75,15,center_ring,fixed_total,323.00845944629,9000
1376,15,85,15,center_ring,fixed_total,114191542.001266,9000
1377,30,85,15,center_ring,fixed_total,915.365581770237,9000
1378,45,85,15,center_ring,fixed_total,306.913764977605,9000
1379,60,85,15,center_ring,fixed_total,277.609669650346,9000
1380,75,85,15,center_ring,fixed_total,323.00845944629,9000
1381,15,45,25,center_ring,fixed_total,Inf,9000
1382,30,45,25,center_ring,fixed_total,Inf,9000
1383,45,45,25,center_ring,fixed_total,Inf,9000
1384,60,45,25,center_ring,fixed_total,Inf,9000
1385,75,45,25,center_ring,fixed_total,Inf,9000
1386,15,60,25,center_ring,fixed_total,Inf,9000
1387,30,60,25,center_ring,fixed_total,Inf,9000
1388,45,60,25,center_ring,fixed_total,Inf,9000
1389,60,60,25,center_ring,fixed_total,Inf,9000
1390,75,60,25,center_ring,fixed_total,Inf,9000
1391,15,65,25,center_ring,fixed_total,289465527.33513,9000
1392,30,65,25,center_ring,fixed_total,902.579750772583,9000
1393,45,65,25,center_ring,fixed_total,302.6245207877,9000
1394,60,65,25,center_ring,fixed_total,273.72771104564,9000
1395,75,65,25,center_ring,fixed_total,322.312599378283,9000
1396,15,70,25,center_ring,fixed_total,112602375.966076,9000
1397,30,70,25,center_ring,fixed_total,902.579750772583,9000
1398,45,70,25,center_ring,fixed_total,302.6245207877,9000
1399,60,70,25,center_ring,fixed_total,273.72771104564,9000
1400,75,70,25,center_ring,fixed_total,318.491876548072,9000
1401,15,75,25,center_ring,fixed_total,112602375.966076,9000
1402,30,75,25,center_ring,fixed_total,902.579750772583,9000
1403,45,75,25,center_ring,fixed_total,302.6245207877,9000
1404,60,75,25,center_ring,fixed_total,273.72771104564,9000
1405,75,75,25,center_ring,fixed_total,318.491876548072,9000
1406,15,85,25,center_ring,fixed_total,112602375.966076,9000
1407,30,85,25,center_ring,fixed_total,902.579750772583,9000
1408,45,85,25,center_ring,fixed_total,302.6245207877,9000
1409,60,85,25,center_ring,fixed_total,273.72771104564,9000
1410,75,85,25,center_ring,fixed_total,318.491876548072,9000
1411,15,45,49,center_ring,fixed_total,Inf,9000
1412,30,45,49,center_ring,fixed_total,Inf,9000
1413,45,45,49,center_ring,fixed_total,Inf,9000
1414,60,45,49,center_ring,fixed_total,Inf,9000
1415,75,45,49,center_ring,fixed_total,Inf,9000
1416,15,60,49,center_ring,fixed_total,Inf,9000
1417,30,60,49,center_ring,fixed_total,Inf,9000
1418,45,60,49,center_ring,fixed_total,Inf,9000
1419,60,60,49,center_ring,fixed_total,Inf,9000
1420,75,60,49,center_ring,fixed_total,Inf,9000
1421,15,65,49,center_ring,fixed_total,318607929.731153,9000
1422,30,65,49,center_ring,fixed_total,927.634369826491,9000
1423,45,65,49,center_ring,fixed_total,299.557254827093,9000
1424,60,65,49,center_ring,fixed_total,270.983365748328,9000
1425,75,65,49,center_ring,fixed_total,319.069136326899,9000
1426,15,70,49,center_ring,fixed_total,111478690.90499,9000
1427,30,70,49,center_ring,fixed_total,893.297159533517,9000
1428,45,70,49,center_ring,fixed_total,299.557254827093,9000
1429,60,70,49,center_ring,fixed_total,270.979378538743,9000
1430,75,70,49,center_ring,fixed_total,315.300874005337,9000
1431,15,75,49,center_ring,fixed_total,111478690.90499,9000
1432,30,75,49,center_ring,fixed_total,893.297159533517,9000
1433,45,75,49,center_ring,fixed_total,299.557254827093,9000
1434,60,75,49,center_ring,fixed_total,270.979378538743,9000
1435,75,75,49,center_ring,fixed_total,315.300874005337,9000
1436,15,85,49,center_ring,fixed_total,111478690.90499,9000
1437,30,85,49,center_ring,fixed_total,893.297159533517,9000
1438,45,85,49,center_ring,fixed_total,299.557254827093,9000
1439,60,85,49,center_ring,fixed_total,270.979378538743,9000
1440,75,85,49,center_ring,fixed_total,315.300874005337,9000
1441,15,45,81,center_ring,fixed_total,Inf,9000
1442,30,45,81,center_ring,fixed_total,Inf,9000
1443,45,45,81,center_ring,fixed_total,Inf,9000
1444,60,45,81,center_ring,fixed_total,Inf,9000
1445,75,45,81,center_ring,fixed_total,Inf,9000
1446,15,60,81,center_ring,fixed_total,Inf,9000
1447,30,60,81,center_ring,fixed_total,Inf,9000
1448,45,60,81,center_ring,fixed_total,Inf,9000
1449,60,60,81,center_ring,fixed_total,Inf,9000
1450,75,60,81,center_ring,fixed_total,Inf,9000
1451,15,65,81,center_ring,fixed_total,334487188.477065,9000
1452,30,65,81,center_ring,fixed_total,958.881930681834,9000
1453,45,65,81,center_ring,fixed_total,298.342958331601,9000
1454,60,65,81,center_ring,fixed_total,269.883682253068,9000
1455,75,65,81,center_ring,fixed_total,317.778455906186,9000
1456,15,70,81,center_ring,fixed_total,111028532.174018,9000
1457,30,70,81,center_ring,fixed_total,889.663046819924,9000
1458,45,70,81,center_ring,fixed_total,298.342958331601,9000
1459,60,70,81,center_ring,fixed_total,269.881090372229,9000
1460,75,70,81,center_ring,fixed_total,314.019702385023,9000
1461,15,75,81,center_ring,fixed_total,111028532.174018,9000
1462,30,75,81,center_ring,fixed_total,889.663046819924,9000
1463,45,75,81,center_ring,fixed_total,298.342958331601,9000
1464,60,75,81,center_ring,fixed_total,269.881090372229,9000
1465,75,75,81,center_ring,fixed_total,314.019702385023,9000
1466,15,85,81,center_ring,fixed_total,111028532.174018,9000
1467,30,85,81,center_ring,fixed_total,889.663046819924,9000
1468,45,85,81,center_ring,fixed_total,298.342958331601,9000
1469,60,85,81,center_ring,fixed_total,269.881090372229,9000
1470,75,85,81,center_ring,fixed_total,314.019702385023,9000
1471,15,45,3,two_rings,fixed_total,Inf,9000
1472,30,45,3,two_rings,fixed_total,Inf,9000
1473,45,45,3,two_rings,fixed_total,Inf,9000
1474,60,45,3,two_rings,fixed_total,Inf,9000
1475,75,45,3,two_rings,fixed_total,Inf,9000
1476,15,60,3,two_rings,fixed_total,Inf,9000
1477,30,60,3,two_rings,fixed_total,Inf,9000
1478,45,60,3,two_rings,fixed_total,Inf,9000
1479,60,60,3,two_rings,fixed_total,Inf,9000
1480,75,60,3,two_rings,fixed_total,Inf,9000
1481,15,65,3,two_rings,fixed_total,Inf,9000
1482,30,65,3,two_rings,fixed_total,Inf,9000
1483,45,65,3,two_rings,fixed_total,Inf,9000
1484,60,65,3,two_rings,fixed_total,Inf,9000
1485,75,65,3,two_rings,fixed_total,Inf,9000
1486,15,70,3,two_rings,fixed_total,243173829.290543,9000
1487,30,70,3,two_rings,fixed_total,2030.86036992192,9000
1488,45,70,3,two_rings,fixed_total,642.349596154777,9000
1489,60,70,3,two_rings,fixed_total,590.921605544774,9000
1490,75,70,3,two_rings,fixed_total,691.391959640435,9000
1491,15,75,3,two_rings,fixed_total,243173829.290543,9000
1492,30,75,3,two_rings,fixed_total,2030.86036992192,9000
1493,45,75,3,two_rings,fixed_total,642.349596154777,9000
1494,60,75,3,two_rings,fixed_total,590.921605544774,9000
1495,75,75,3,two_rings,fixed_total,691.391959640435,9000
1496,15,85,3,two_rings,fixed_total,243173829.290543,9000
1497,30,85,3,two_rings,fixed_total,2030.86036992192,9000
1498,45,85,3,two_rings,fixed_total,642.349596154777,9000
1499,60,85,3,two_rings,fixed_total,590.921605544774,9000
1500,75,85,3,two_rings,fixed_total,691.391959640435,9000
1501,15,45,5,two_rings,fixed_total,Inf,9000
1502,30,45,5,two_rings,fixed_total,Inf,9000
1503,45,45,5,two_rings,fixed_total,Inf,9000
1504,60,45,5,two_rings,fixed_total,Inf,9000
1505,75,45,5,two_rings,fixed_total,Inf,9000
1506,15,60,5,two_rings,fixed_total,Inf,9000
1507,30,60,5,two_rings,fixed_total,Inf,9000
1508,45,60,5,two_rings,fixed_total,Inf,9000
1509,60,60,5,two_rings,fixed_total,Inf,9000
1510,75,60,5,two_rings,fixed_total,Inf,9000
1511,15,65,5,two_rings,fixed_total,Inf,9000
1512,30,65,5,two_rings,fixed_total,Inf,9000
1513,45,65,5,two_rings,fixed_total,Inf,9000
1514,60,65,5,two_rings,fixed_total,Inf,9000
1515,75,65,5,two_rings,fixed_total,Inf,9000
1516,15,70,5,two_rings,fixed_total,133130772.779752,9000
1517,30,70,5,two_rings,fixed_total,1075.97055126906,9000
1518,45,70,5,two_rings,fixed_total,356.59563649456,9000
1519,60,70,5,two_rings,fixed_total,323.856335664194,9000
1520,75,70,5,two_rings,fixed_total,378.215423158603,9000
1521,15,75,5,two_rings,fixed_total,133130772.779752,9000
1522,30,75,5,two_rings,fixed_total,1075.97055126906,9000
1523,45,75,5,two_rings,fixed_total,356.59563649456,9000
1524,60,75,5,two_rings,fixed_total,323.856335664194,9000
1525,75,75,5,two_rings,fixed_total,378.215423158603,9000
1526,15,85,5,two_rings,fixed_total,133130772.779752,9000
1527,30,85,5,two_rings,fixed_total,1075.97055126906,9000
1528,45,85,5,two_rings,fixed_total,356.59563649456,9000
1529,60,85,5,two_rings,fixed_total,323.856335664194,9000
1530,75,85,5,two_rings,fixed_total,378.215423158603,9000
1531,15,45,9,two_rings,fixed_total,Inf,9000
1532,30,45,9,two_rings,fixed_total,Inf,9000
1533,45,45,9,two_rings,fixed_total,Inf,9000
1534,60,45,9,two_rings,fixed_total,Inf,9000
1535,75,45,9,two_rings,fixed_total,Inf,9000
1536,15,60,9,two_rings,fixed_total,Inf,9000
1537,30,60,9,two_rings,fixed_total,Inf,9000
1538,45,60,9,two_rings,fixed_total,Inf,9000
1539,60,60,9,two_rings,fixed_total,Inf,9000
1540,75,60,9,two_rings,fixed_total,Inf,9000
1541,15,65,9,two_rings,fixed_total,453461964.840731,9000
1542,30,65,9,two_rings,fixed_total,1254.83275527599,9000
1543,45,65,9,two_rings,fixed_total,363.082950951008,9000
1544,60,65,9,two_rings,fixed_total,328.442810809586,9000
1545,75,65,9,two_rings,fixed_total,386.736330465093,9000
1546,15,70,9,two_rings,fixed_total,135009641.784083,9000
1547,30,70,9,two_rings,fixed_total,1082.80810874436,9000
1548,45,70,9,two_rings,fixed_total,363.082950951008,9000
1549,60,70,9,two_rings,fixed_total,328.442810809585,9000
1550,75,70,9,two_rings,fixed_total,382.152057812568,9000
1551,15,75,9,two_rings,fixed_total,135009641.784083,9000
1552,30,75,9,two_rings,fixed_total,1082.80810874436,9000
1553,45,75,9,two_rings,fixed_total,363.082950951008,9000
1554,60,75,9,two_rings,fixed_total,328.442810809585,9000
1555,75,75,9,two_rings,fixed_total,382.152057812568,9000
1556,15,85,9,two_rings,fixed_total,135009641.784083,9000
1557,30,85,9,two_rings,fixed_total,1082.80810874436,9000
1558,45,85,9,two_rings,fixed_total,363.082950951008,9000
1559,60,85,9,two_rings,fixed_total,328.442810809585,9000
1560,75,85,9,two_rings,fixed_total,382.152057812568,9000
1561,15,45,15,two_rings,fixed_total,Inf,9000
1562,30,45,15,two_rings,fixed_total,Inf,9000
1563,45,45,15,two_rings,fixed_total,Inf,9000
1564,60,45,15,two_rings,fixed_total,Inf,9000
1565,75,45,15,two_rings,fixed_total,Inf,9000
1566,15,60,15,two_rings,fixed_total,Inf,9000
1567,30,60,15,two_rings,fixed_total,Inf,9000
1568,45,60,15,two_rings,fixed_total,Inf,9000
1569,60,60,15,two_rings,fixed_total,Inf,9000
1570,75,60,15,two_rings,fixed_total,Inf,9000
1571,15,65,15,two_rings,fixed_total,358989936.260563,9000
1572,30,65,15,two_rings,fixed_total,1096.58460077033,9000
1573,45,65,15,two_rings,fixed_total,367.704152766566,9000
1574,60,65,15,two_rings,fixed_total,332.624831215651,9000
1575,75,65,15,two_rings,fixed_total,391.660425599481,9000
1576,15,70,15,two_rings,fixed_total,136722910.69872,9000
1577,30,70,15,two_rings,fixed_total,1096.58460077033,9000
1578,45,70,15,two_rings,fixed_total,367.704152766566,9000
1579,60,70,15,two_rings,fixed_total,332.62483121565,9000
1580,75,70,15,two_rings,fixed_total,387.017791752931,9000
1581,15,75,15,two_rings,fixed_total,136722910.69872,9000
1582,30,75,15,two_rings,fixed_total,1096.58460077033,9000
1583,45,75,15,two_rings,fixed_total,367.704152766566,9000
1584,60,75,15,two_rings,fixed_total,332.62483121565,9000
1585,75,75,15,two_rings,fixed_total,387.017791752931,9000
1586,15,85,15,two_rings,fixed_total,136722910.69872,9000
1587,30,85,15,two_rings,fixed_total,1096.58460077033,9000
1588,45,85,15,two_rings,fixed_total,367.704152766566,9000
1589,60,85,15,two_rings,fixed_total,332.62483121565,9000
1590,75,85,15,two_rings,fixed_total,387.017791752931,9000
1591,15,45,25,two_rings,fixed_total,Inf,9000
1592,30,45,25,two_rings,fixed_total,Inf,9000
1593,45,45,25,two_rings,fixed_total,Inf,9000
1594,60,45,25,two_rings,fixed_total,Inf,9000
1595,75,45,25,two_rings,fixed_total,Inf,9000
1596,15,60,25,two_rings,fixed_total,Inf,9000
1597,30,60,25,two_rings,fixed_total,Inf,9000
1598,45,60,25,two_rings,fixed_total,Inf,9000
1599,60,60,25,two_rings,fixed_total,Inf,9000
1600,75,60,25,two_rings,fixed_total,Inf,9000
1601,15,65,25,two_rings,fixed_total,362514167.701333,9000
1602,30,65,25,two_rings,fixed_total,1105.10757906513,9000
1603,45,65,25,two_rings,fixed_total,370.563099324669,9000
1604,60,65,25,two_rings,fixed_total,335.212063716823,9000
1605,75,65,25,two_rings,fixed_total,394.706748227616,9000
1606,15,70,25,two_rings,fixed_total,137782871.077412,9000
1607,30,70,25,two_rings,fixed_total,1105.10757906513,9000
1608,45,70,25,two_rings,fixed_total,370.563099324669,9000
1609,60,70,25,two_rings,fixed_total,335.212063716823,9000
1610,75,70,25,two_rings,fixed_total,390.028008810412,9000
1611,15,75,25,two_rings,fixed_total,137782871.077412,9000
1612,30,75,25,two_rings,fixed_total,1105.10757906513,9000
1613,45,75,25,two_rings,fixed_total,370.563099324669,9000
1614,60,75,25,two_rings,fixed_total,335.212063716823,9000
1615,75,75,25,two_rings,fixed_total,390.028008810412,9000
1616,15,85,25,two_rings,fixed_total,137782871.077412,9000
1617,30,85,25,two_rings,fixed_total,1105.10757906513,9000
1618,45,85,25,two_rings,fixed_total,370.563099324669,9000
1619,60,85,25,two_rings,fixed_total,335.212063716823,9000
1620,75,85,25,two_rings,fixed_total,390.028008810412,9000
1621,15,45,49,two_rings,fixed_total,Inf,9000
1622,30,45,49,two_rings,fixed_total,Inf,9000
1623,45,45,49,two_rings,fixed_total,Inf,9000
1624,60,45,49,two_rings,fixed_total,Inf,9000
1625,75,45,49,two_rings,fixed_total,Inf,9000
1626,15,60,49,two_rings,fixed_total,Inf,9000
1627,30,60,49,two_rings,fixed_total,Inf,9000
1628,45,60,49,two_rings,fixed_total,Inf,9000
1629,60,60,49,two_rings,fixed_total,Inf,9000
1630,75,60,49,two_rings,fixed_total,Inf,9000
1631,15,65,49,two_rings,fixed_total,351293318.102986,9000
1632,30,65,49,two_rings,fixed_total,1111.82168418679,9000
1633,45,65,49,two_rings,fixed_total,372.862711698911,9000
1634,60,65,49,two_rings,fixed_total,337.326647086896,9000
1635,75,65,49,two_rings,fixed_total,397.188889479695,9000
1636,15,70,49,two_rings,fixed_total,138648996.650835,9000
1637,30,70,49,two_rings,fixed_total,1111.82168418679,9000
1638,45,70,49,two_rings,fixed_total,372.862711698911,9000
1639,60,70,49,two_rings,fixed_total,337.323915667723,9000
1640,75,70,49,two_rings,fixed_total,392.489272242421,9000
1641,15,75,49,two_rings,fixed_total,138648996.650835,9000
1642,30,75,49,two_rings,fixed_total,1111.82168418679,9000
1643,45,75,49,two_rings,fixed_total,372.862711698911,9000
1644,60,75,49,two_rings,fixed_total,337.323915667723,9000
1645,75,75,49,two_rings,fixed_total,392.489272242421,9000
1646,15,85,49,two_rings,fixed_total,138648996.650835,9000
1647,30,85,49,two_rings,fixed_total,1111.82168418679,9000
1648,45,85,49,two_rings,fixed_total,372.862711698911,9000
1649,60,85,49,two_rings,fixed_total,337.323915667723,9000
1650,75,85,49,two_rings,fixed_total,392.489272242421,9000
1651,15,45,81,two_rings,fixed_total,Inf,9000
1652,30,45,81,two_rings,fixed_total,Inf,9000
1653,45,45,81,two_rings,fixed_total,Inf,9000
1654,60,45,81,two_rings,fixed_total,Inf,9000
1655,75,45,81,two_rings,fixed_total,Inf,9000
1656,15,60,81,two_rings,fixed_total,Inf,9000
1657,30,60,81,two_rings,fixed_total,Inf,9000
1658,45,60,81,two_rings,fixed_total,Inf,9000
1659,60,60,81,two_rings,fixed_total,Inf,9000
1660,75,60,81,two_rings,fixed_total,Inf,9000
1661,15,65,81,two_rings,fixed_total,356224657.017116,9000
1662,30,65,81,two_rings,fixed_total,1114.35979789645,9000
1663,45,65,81,two_rings,fixed_total,373.69086542134,9000
1664,60,65,81,two_rings,fixed_total,338.061950165511,9000
1665,75,65,81,two_rings,fixed_total,398.058524759626,9000
1666,15,70,81,two_rings,fixed_total,138950444.227136,9000
1667,30,70,81,two_rings,fixed_total,1114.35979789645,9000
1668,45,70,81,two_rings,fixed_total,373.69086542134,9000
1669,60,70,81,two_rings,fixed_total,338.060586924347,9000
1670,75,70,81,two_rings,fixed_total,393.343607134592,9000
1671,15,75,81,two_rings,fixed_total,138950444.227136,9000
1672,30,75,81,two_rings,fixed_total,1114.35979789645,9000
1673,45,75,81,two_rings,fixed_total,373.69086542134,9000
1674,60,75,81,two_rings,fixed_total,338.060586924347,9000
1675,75,75,81,two_rings,fixed_total,393.343607134592,9000
1676,15,85,81,two_rings,fixed_total,138950444.227136,9000
1677,30,85,81,two_rings,fixed_total,1114.35979789645,9000
1678,45,85,81,two_rings,fixed_total,373.69086542134,9000
1679,60,85,81,two_rings,fixed_total,338.060586924347,9000
1680,75,85,81,two_rings,fixed_total,393.343607134592,9000
