2.02103086836924e-08,9.31106068598111e-09,1.25390764040186e-07,2.05060237281298e-08,-1.5,-1.5
2.2953374821973e-08,9.37674385754946e-09,1.36213190321472e-07,2.09269847257521e-08,-1.5,-1.4
2.57578278533691e-08,9.88821392645437e-09,1.47921812989775e-07,2.24016969554414e-08,-1.5,-1.3
3.02582990208148e-08,1.04915134248625e-08,1.57752687931376e-07,2.2316789363933e-08,-1.5,-1.2
3.42702409554661e-08,1.10065699843464e-08,1.66450849336869e-07,2.31740102661526e-08,-1.5,-1.1
3.92619335858335e-08,1.15352186376422e-08,1.72444887153712e-07,2.36663589822392e-08,-1.5,-1
4.43997772057914e-08,1.17580798609822e-08,1.77432769134229e-07,2.41534107416183e-08,-1.5,-0.9
5.01414927848723e-08,1.3481107919229e-08,1.79488394718486e-07,2.3852509473272e-08,-1.5,-0.8
5.73529301167299e-08,1.38093643249002e-08,1.79742570426244e-07,2.39301520416655e-08,-1.5,-0.7
6.42944564859991e-08,1.44293783908258e-08,1.78225085520835e-07,2.38751778728252e-08,-1.5,-0.6
7.35068556519204e-08,1.56800057548119e-08,1.73257339793817e-07,2.39079325960636e-08,-1.5,-0.5
8.29041584817806e-08,1.68440934307673e-08,1.66588567408227e-07,2.2847275801602e-08,-1.5,-0.4
9.26875644624662e-08,1.7992613947657e-08,1.57668118147665e-07,2.25512493862404e-08,-1.5,-0.3
1.03394839000633e-07,1.88217457985529e-08,1.47695437285741e-07,2.14416056613212e-08,-1.5,-0.2
1.14291071169431e-07,1.94824276123303e-08,1.37007089074786e-07,2.12503678867212e-08,-1.5,-0.0999999999999999
1.25423368333104e-07,2.0447404158592e-08,1.26442981468112e-07,2.03396358190907e-08,-1.5,0
1.36713323134473e-07,2.08605770976105e-08,1.14224113043125e-07,1.96569968753721e-08,-1.5,0.0999999999999999
1.47719815156106e-07,2.22840960298198e-08,1.03488657649516e-07,1.82383848158234e-08,-1.5,0.2
1.57607883645231e-07,2.25780596708464e-08,9.28229291005678e-08,1.72269877656772e-08,-1.5,0.3
1.65926722603267e-07,2.23621982696967e-08,8.28043817437635e-08,1.63751792447688e-08,-1.5,0.4
1.72861867454373e-07,2.35078915175785e-08,7.38548906080139e-08,1.58400800777875e-08,-1.5,0.5
1.76900349202874e-07,2.34474299205573e-08,6.53420797270941e-08,1.51391029251732e-08,-1.5,0.6
1.80404334534795e-07,2.40851594136932e-08,5.72539640244433e-08,1.39525608833541e-08,-1.5,0.7
1.79973719453369e-07,2.39842683208854e-08,5.05718529572855e-08,1.34102605674148e-08,-1.5,0.8
1.77646530806644e-07,2.42181463055655e-08,4.45439899736314e-08,1.2424674950712e-08,-1.5,0.9
1.72510584521127e-07,2.33780263923681e-08,3.88923384716031e-08,1.15214023888222e-08,-1.5,1
1.65682183417358e-07,2.34123434875707e-08,3.429690034342e-08,1.12467473526021e-08,-1.5,1.1
1.57655507101051e-07,2.30740384148844e-08,2.99326718130598e-08,1.01261072577375e-08,-1.5,1.2
1.48268254753813e-07,2.15675418318429e-08,2.58561337379432e-08,9.99536803507857e-09,-1.5,1.3
1.37289372545486e-07,2.14186181447379e-08,2.35504414532298e-08,9.0994427425683e-09,-1.5,1.4
1.25539268397795e-07,2.0890989889468e-08,2.10187596913195e-08,8.82560271322221e-09,-1.5,1.5
2.14169378309922e-08,9.04076429172927e-09,1.36672006423448e-07,2.26109600176236e-08,-1.4,-1.5
2.41479963620503e-08,9.47162675434201e-09,1.49121682268774e-07,2.40982642372455e-08,-1.4,-1.4
2.71009619959763e-08,1.01288473399664e-08,1.61202682442722e-07,2.51599497911706e-08,-1.4,-1.3
3.16051556384099e-08,1.09406485005928e-08,1.72346996966856e-07,2.60802239493645e-08,-1.4,-1.2
3.59045482792594e-08,1.15702857066505e-08,1.82060489204135e-07,2.668623585561e-08,-1.4,-1.1
4.11702527190401e-08,1.28730777932827e-08,1.90217602861144e-07,2.77077595272038e-08,-1.4,-1
4.71172756361939e-08,1.38127344403914e-08,1.95859441367214e-07,2.79743887979032e-08,-1.4,-0.9
5.3916381847942e-08,1.48427716970879e-08,1.99104501031599e-07,2.78345599719372e-08,-1.4,-0.8
6.10795565663381e-08,1.50004358534869e-08,1.98644839480059e-07,2.75794064361638e-08,-1.4,-0.7
6.95682925447415e-08,1.62523842946339e-08,1.96031259261898e-07,2.75778426420518e-08,-1.4,-0.6
7.87945285122036e-08,1.76752963107101e-08,1.90527525098296e-07,2.72915805666461e-08,-1.4,-0.5
8.9554115607388e-08,1.88859411922384e-08,1.82419151585367e-07,2.67037934155172e-08,-1.4,-0.4
1.0002400956376e-07,1.98288943332611e-08,1.72213165143649e-07,2.59880089078979e-08,-1.4,-0.3
1.11153810674063e-07,2.13804724728768e-08,1.61176002314569e-07,2.49145091941135e-08,-1.4,-0.2
1.24121250756736e-07,2.15516432559818e-08,1.49629927061727e-07,2.37140817609174e-08,-1.4,-0.0999999999999999
1.36501082541533e-07,2.27984298428654e-08,1.36779002117407e-07,2.34243450775062e-08,-1.4,0
1.48743346745481e-07,2.41918558380771e-08,1.23988680496245e-07,2.20969259192873e-08,-1.4,0.0999999999999999
1.61094653540482e-07,2.5359666348604e-08,1.12394714887421e-07,2.13505357098236e-08,-1.4,0.2
1.73148214255104e-07,2.64346159027338e-08,9.99983109417649e-08,2.01725437674151e-08,-1.4,0.3
1.82274544305385e-07,2.68465097877123e-08,8.82666093311191e-08,1.87986130874782e-08,-1.4,0.4
1.90709803596614e-07,2.64967875291777e-08,7.86758640414984e-08,1.75675360839354e-08,-1.4,0.5
1.96132342081824e-07,2.74385807669975e-08,6.91797103256932e-08,1.66543050591478e-08,-1.4,0.6
1.98143102691759e-07,2.76997589645937e-08,6.08220455924495e-08,1.541050548818e-08,-1.4,0.7
1.98003872889749e-07,2.77924569243507e-08,5.38447175899709e-08,1.46998941479679e-08,-1.4,0.8
1.95689917933519e-07,2.69886279554419e-08,4.7458549312853e-08,1.33545892941069e-08,-1.4,0.9
1.90811442830828e-07,2.7215452264107e-08,4.11127259008458e-08,1.21788055655931e-08,-1.4,1
1.82654966377572e-07,2.66736319906394e-08,3.56203129097369e-08,1.18447322200303e-08,-1.4,1.1
1.73108522880971e-07,2.58692199234381e-08,3.11474397733881e-08,1.11221621454539e-08,-1.4,1.2
1.61900584589589e-07,2.48818164005953e-08,2.74528627402248e-08,1.02795108698567e-08,-1.4,1.3
1.49189432008135e-07,2.42689512400769e-08,2.40917687767255e-08,9.43186127689278e-09,-1.4,1.4
1.36653915466645e-07,2.36157832361749e-08,2.06367473684261e-08,8.85028810147189e-09,-1.4,1.5
2.19409889210431e-08,9.53684658388142e-09,1.47157392981848e-07,2.62434850054871e-08,-1.3,-1.5
2.51637378888801e-08,1.05886604558858e-08,1.61747096582498e-07,2.74175209812782e-08,-1.3,-1.4
2.91439150014203e-08,1.14017242012967e-08,1.74828337107505e-07,2.90710576750942e-08,-1.3,-1.3
3.32735346314479e-08,1.130572348444e-08,1.87248340690494e-07,2.97233686611995e-08,-1.3,-1.2
3.83412022374357e-08,1.24890742787535e-08,1.99004522520586e-07,3.0167374883078e-08,-1.3,-1.1
4.33270852506543e-08,1.31647402895561e-08,2.0724783189124e-07,3.04295802771782e-08,-1.3,-1
4.95868019410688e-08,1.47133885292758e-08,2.13329728508504e-07,3.08461776670265e-08,-1.3,-0.9
5.60906047579968e-08,1.58403932540099e-08,2.16406371468161e-07,3.18330606716583e-08,-1.3,-0.8
6.48037883133948e-08,1.74693288154076e-08,2.1656003353483e-07,3.18918262580767e-08,-1.3,-0.7
7.35865858855481e-08,1.79898648462737e-08,2.1347219147951e-07,3.14439360348994e-08,-1.3,-0.6
8.35233306969841e-08,1.99033405018462e-08,2.07855844185303e-07,3.10945425216168e-08,-1.3,-0.5
9.44554451707289e-08,2.12891062232151e-08,1.99425291198839e-07,3.09685912536271e-08,-1.3,-0.4
1.0645443807589e-07,2.19893993538191e-08,1.87330995883205e-07,2.95712113926395e-08,-1.3,-0.3
1.20419664771508e-07,2.33643413331262e-08,1.75384993069617e-07,2.87582396505025e-08,-1.3,-0.2
1.33394706898574e-07,2.5630493401619e-08,1.61735928128799e-07,2.73659145191425e-08,-1.3,-0.0999999999999999
1.47318810365244e-07,2.71771792850613e-08,1.47982106318686e-07,2.651692827956e-08,-1.3,0
1.61705864930478e-07,2.76321960786593e-08,1.34051500301873e-07,2.5597059736817e-08,-1.3,0.0999999999999999
1.75294504389905e-07,2.8414142405242e-08,1.19734421156345e-07,2.35808351179737e-08,-1.3,0.2
1.87956501473753e-07,2.96194268475884e-08,1.06904252535684e-07,2.24227181264573e-08,-1.3,0.3
1.97917673855468e-07,2.98851835430689e-08,9.48648739496505e-08,2.0529362436903e-08,-1.3,0.4
2.07511352093627e-07,3.13835504834688e-08,8.37645931662343e-08,1.96214571954358e-08,-1.3,0.5
2.13473996999588e-07,3.11120165299756e-08,7.36128759669696e-08,1.84558608913292e-08,-1.3,0.6
2.16692802901722e-07,3.1667470701135e-08,6.49576792785671e-08,1.70808713591987e-08,-1.3,0.7
2.1656074690843e-07,3.18436324658632e-08,5.60896624414977e-08,1.58547505748147e-08,-1.3,0.8
2.13782656512914e-07,3.1897864637048e-08,4.93257572737228e-08,1.48246457402324e-08,-1.3,0.9
2.07692991823902e-07,3.07759868187757e-08,4.34946854614756e-08,1.36831844599542e-08,-1.3,1
1.98112147718153e-07,3.05687667383007e-08,3.743511462253e-08,1.28392064523878e-08,-1.3,1.1
1.87667992401506e-07,2.98718131822798e-08,3.24827359678956e-08,1.2007792870076e-08,-1.3,1.2
1.75345944190619e-07,2.81299546958095e-08,2.87531468205352e-08,1.10180456920645e-08,-1.3,1.3
1.62222221377018e-07,2.80931800195749e-08,2.44622488315155e-08,1.00564864725834e-08,-1.3,1.4
1.48011065663091e-07,2.63283305774925e-08,2.31223022497696e-08,9.57188463821949e-09,-1.3,1.5
2.22253600526895e-08,1.02181608415463e-08,1.5723132710596e-07,2.9957890508343e-08,-1.2,-1.5
2.57901182539552e-08,1.09387558264727e-08,1.72951733515007e-07,3.17074762180998e-08,-1.2,-1.4
2.94455866802322e-08,1.14570288182183e-08,1.87442359218077e-07,3.26692093833263e-08,-1.2,-1.3
3.38204847837254e-08,1.28257835461581e-08,2.01525482845338e-07,3.4209829726458e-08,-1.2,-1.2
3.92746862025847e-08,1.39666386229913e-08,2.13909904960382e-07,3.49429977299979e-08,-1.2,-1.1
4.40713221579544e-08,1.47992617593482e-08,2.23332073304529e-07,3.58889397056428e-08,-1.2,-1
5.07132332548741e-08,1.58467316422867e-08,2.30164444918514e-07,3.66744099974015e-08,-1.2,-0.9
5.87272956949846e-08,1.72576634360744e-08,2.34294386138282e-07,3.73514522437464e-08,-1.2,-0.8
6.75439461798489e-08,1.91384684531231e-08,2.33491283411207e-07,3.67358279249551e-08,-1.2,-0.7
7.75271645571061e-08,2.02504594606897e-08,2.30212682187029e-07,3.61492480757581e-08,-1.2,-0.6
8.88095729101088e-08,2.18667779343548e-08,2.23477074190616e-07,3.55536833847143e-08,-1.2,-0.5
1.00061311114574e-07,2.34951601092704e-08,2.14005163189775e-07,3.49977871437298e-08,-1.2,-0.4
1.13445883712406e-07,2.47373599292414e-08,2.0162912894429e-07,3.36025159032239e-08,-1.2,-0.3
1.27141508161052e-07,2.68812223703019e-08,1.87662207291699e-07,3.28014599460832e-08,-1.2,-0.2
1.42202311640328e-07,2.88423985240393e-08,1.72873902483968e-07,3.12388608478652e-08,-1.2,-0.0999999999999999
1.57135232856925e-07,3.00083876929028e-08,1.57467356726763e-07,2.98868307217589e-08,-1.2,0
1.72836023962775e-07,3.14691193632134e-08,1.41815982004441e-07,2.79500310101356e-08,-1.2,0.0999999999999999
1.87926690242092e-07,3.27975362357218e-08,1.27110361564971e-07,2.62571741948128e-08,-1.2,0.2
2.00934772367896e-07,3.38902814141817e-08,1.1354706168818e-07,2.43628300269076e-08,-1.2,0.3
2.13271118002845e-07,3.45146611294134e-08,1.00135692353091e-07,2.39270680110176e-08,-1.2,0.4
2.23341321416489e-07,3.54887502567391e-08,8.86702303191117e-08,2.17468754163616e-08,-1.2,0.5
2.30353347914489e-07,3.66566651575781e-08,7.68994831778814e-08,1.96765428293165e-08,-1.2,0.6
2.33634175215361e-07,3.6392895299051e-08,6.74798192026832e-08,1.86250215825195e-08,-1.2,0.7
2.33597676681219e-07,3.66347244970668e-08,5.92236434952405e-08,1.77070132087582e-08,-1.2,0.8
2.2980915004192e-07,3.68023650569349e-08,5.15765215329692e-08,1.58014719678733e-08,-1.2,0.9
2.24165554474432e-07,3.54074963023298e-08,4.4492483713087e-08,1.47865712627096e-08,-1.2,1
2.13595550964977e-07,3.55890878664143e-08,3.8857850899712e-08,1.31897204978037e-08,-1.2,1.1
2.01632905282367e-07,3.38740086133585e-08,3.43948735944386e-08,1.24718108082635e-08,-1.2,1.2
1.87777184327825e-07,3.3180468027629e-08,2.96489035117972e-08,1.19618911104399e-08,-1.2,1.3
1.7287534675452e-07,3.11746193234351e-08,2.58362229943574e-08,1.09536558346725e-08,-1.2,1.4
1.56811915135938e-07,2.9912742507776e-08,2.28511407322771e-08,1.00977116093029e-08,-1.2,1.5
2.29784160557238e-08,1.09699661771794e-08,1.65922489408479e-07,3.4273379648538e-08,-1.1,-1.5
2.64999632428415e-08,1.12276332121699e-08,1.82672175571509e-07,3.58459909764885e-08,-1.1,-1.4
3.05454134916693e-08,1.26835471149434e-08,1.97432287676805e-07,3.75843826523325e-08,-1.1,-1.3
3.49447499870201e-08,1.37480232934403e-08,2.13790069037658e-07,3.8767073698157e-08,-1.1,-1.2
3.98795782109473e-08,1.51541235444109e-08,2.26619812890088e-07,4.01509188198799e-08,-1.1,-1.1
4.6146230077856e-08,1.60375941175774e-08,2.37868137764382e-07,4.06491336708517e-08,-1.1,-1
5.34391228730701e-08,1.72272576527768e-08,2.45410343786882e-07,4.1884253494705e-08,-1.1,-0.9
6.159808641419e-08,1.96551174454815e-08,2.48673568966076e-07,4.29147713498698e-08,-1.1,-0.8
7.02923820466643e-08,2.07242221986061e-08,2.48682600588615e-07,4.22375713371267e-08,-1.1,-0.7
8.09742169394901e-08,2.24840045629852e-08,2.45018846841717e-07,4.16735672035574e-08,-1.1,-0.6
9.21894163790535e-08,2.44925276631791e-08,2.37831887072907e-07,4.09717455537694e-08,-1.1,-0.5
1.04441473050477e-07,2.64376193864752e-08,2.26553115413372e-07,4.04038443215588e-08,-1.1,-0.4
1.18661963765769e-07,2.86214597715509e-08,2.13329012905134e-07,3.85175517519889e-08,-1.1,-0.3
1.33822321302548e-07,3.06022476962005e-08,1.98494505206415e-07,3.75583953751063e-08,-1.1,-0.2
1.49769940226165e-07,3.21966088730501e-08,1.82101882019214e-07,3.57919184561403e-08,-1.1,-0.0999999999999999
1.66506837672981e-07,3.47665535846129e-08,1.65883751834473e-07,3.44732918640172e-08,-1.1,0
1.82915550614284e-07,3.61609433602936e-08,1.49467688653428e-07,3.20075081054084e-08,-1.1,0.0999999999999999
1.98564515928649e-07,3.79817325717558e-08,1.33076608264107e-07,3.0510624779704e-08,-1.1,0.2
2.1391239672378e-07,3.93800807288303e-08,1.18469228830048e-07,2.866286588852e-08,-1.1,0.3
2.26573722464301e-07,4.02919071855816e-08,1.04222808891713e-07,2.65918978223083e-08,-1.1,0.4
2.37760178968852e-07,4.10644580646053e-08,9.19626354185606e-08,2.42956239649828e-08,-1.1,0.5
2.44967686983517e-07,4.18963865765269e-08,8.02704539420799e-08,2.25156376261939e-08,-1.1,0.6
2.48630019562266e-07,4.16643637133178e-08,7.01274828061899e-08,2.07293849126834e-08,-1.1,0.7
2.4885879758382e-07,4.21446578527559e-08,6.13491432293743e-08,1.93622786441815e-08,-1.1,0.8
2.45612653891404e-07,4.18119683500441e-08,5.28382171633422e-08,1.80044086995312e-08,-1.1,0.9
2.37310021855345e-07,4.09985651428409e-08,4.65322363461034e-08,1.67617889615236e-08,-1.1,1
2.26903402422673e-07,4.06172823400161e-08,3.95746061287899e-08,1.53135977739785e-08,-1.1,1.1
2.14043574151275e-07,3.89190509049983e-08,3.43404421137415e-08,1.39750891677675e-08,-1.1,1.2
1.98498398690205e-07,3.70160296247493e-08,3.07505529659584e-08,1.22257536009629e-08,-1.1,1.3
1.82222203588194e-07,3.57890391478965e-08,2.68783259441631e-08,1.13686178930554e-08,-1.1,1.4
1.65730588988981e-07,3.41224201265754e-08,2.39768316260708e-08,1.07589141031426e-08,-1.1,1.5
2.40706033422878e-08,1.16773347872264e-08,1.72516053017224e-07,3.86946003466444e-08,-1,-1.5
2.78156561011846e-08,1.21082775758477e-08,1.89376122205695e-07,4.08348215073841e-08,-1,-1.4
3.12439179238931e-08,1.36975016040217e-08,2.08031408891609e-07,4.30528251190245e-08,-1,-1.3
3.63320038946034e-08,1.52995953002091e-08,2.23609018549685e-07,4.44661407787646e-08,-1,-1.2
4.13484630110068e-08,1.61889585829661e-08,2.36759681571084e-07,4.6376024345171e-08,-1,-1.1
4.73962607298401e-08,1.73353257561306e-08,2.48956459262754e-07,4.74453357969468e-08,-1,-1
5.44734069672559e-08,1.91576780874426e-08,2.56620033939728e-07,4.86458526652584e-08,-1,-0.9
6.28850060220951e-08,2.12865278268746e-08,2.61114728911658e-07,4.8403022969223e-08,-1,-0.8
7.1866772461698e-08,2.35040984184966e-08,2.60892736697861e-07,4.85860746892139e-08,-1,-0.7
8.29933938834632e-08,2.45990527890043e-08,2.56469553933074e-07,4.83577827404868e-08,-1,-0.6
9.47863261483876e-08,2.76580486105242e-08,2.49025863791962e-07,4.73443343293282e-08,-1,-0.5
1.0798049972863e-07,2.96313807707275e-08,2.3718454945933e-07,4.64213805856416e-08,-1,-0.4
1.23315525280386e-07,3.19773111153299e-08,2.23526222436446e-07,4.46596642833885e-08,-1,-0.3
1.38668058713659e-07,3.42998739782183e-08,2.0723975845662e-07,4.32141427363401e-08,-1,-0.2
1.55801697202518e-07,3.67202687198048e-08,1.90426655193708e-07,4.09737076996728e-08,-1,-0.0999999999999999
1.72923036347945e-07,3.84342628471649e-08,1.73401977900327e-07,3.91012303219872e-08,-1,0
1.90605370317924e-07,4.08566315355892e-08,1.55258516806028e-07,3.69896992287744e-08,-1,0.0999999999999999
2.07716683826445e-07,4.32574301569131e-08,1.38280817594887e-07,3.46464479044209e-08,-1,0.2
2.22638341225369e-07,4.46378400683694e-08,1.22761968392531e-07,3.21489071657994e-08,-1,0.3
2.37921633593031e-07,4.58270385640329e-08,1.08356729744995e-07,3.00224125906104e-08,-1,0.4
2.48919951393009e-07,4.80112699294558e-08,9.50164135706292e-08,2.81387898171934e-08,-1,0.5
2.57249798997585e-07,4.76109995330926e-08,8.26060339233768e-08,2.54151976823318e-08,-1,0.6
2.6040823387558e-07,4.86203603741903e-08,7.25187057482289e-08,2.32702149515319e-08,-1,0.7
2.60591830229118e-07,4.82216171182735e-08,6.32735427957183e-08,2.18605446946998e-08,-1,0.8
2.57858654187971e-07,4.80636374401239e-08,5.48915389507516e-08,1.92422447511863e-08,-1,0.9
2.48909898812968e-07,4.73342704116834e-08,4.70533900651899e-08,1.77367573169069e-08,-1,1
2.37370538066041e-07,4.63801867371749e-08,4.11859779293401e-08,1.5856370707849e-08,-1,1.1
2.23469493900261e-07,4.49599130023368e-08,3.52927295450569e-08,1.48674099695187e-08,-1,1.2
2.07309235518154e-07,4.31876200322565e-08,3.1701098607318e-08,1.40589114558182e-08,-1,1.3
1.90084798154694e-07,4.1839245830777e-08,2.67885335186752e-08,1.28555207588157e-08,-1,1.4
1.72550268894926e-07,3.85840004445093e-08,2.34948918702047e-08,1.102043340284e-08,-1,1.5
2.39514739428324e-08,1.21649235307358e-08,1.77518188940782e-07,4.44018220501896e-08,-0.9,-1.5
2.70664035723115e-08,1.39617457590116e-08,1.95494543382451e-07,4.68173756385373e-08,-0.9,-1.4
3.16997326545006e-08,1.45454410703378e-08,2.13513613163094e-07,4.90134043605522e-08,-0.9,-1.3
3.61658935166102e-08,1.60705401678078e-08,2.30010384821386e-07,5.21792988151789e-08,-0.9,-1.2
4.18436986543454e-08,1.79649091042412e-08,2.44685165950388e-07,5.36590961083747e-08,-0.9,-1.1
4.80383824548339e-08,1.95036286744531e-08,2.56703504386643e-07,5.42854191448251e-08,-0.9,-1
5.57564422119103e-08,2.15083002462264e-08,2.64812892081642e-07,5.53664113842913e-08,-0.9,-0.9
6.36738658910076e-08,2.32465889329929e-08,2.6915771498715e-07,5.63565161987144e-08,-0.9,-0.8
7.31424198740037e-08,2.57505258071683e-08,2.69950978622465e-07,5.64372655278853e-08,-0.9,-0.7
8.39086097010148e-08,2.86043584756235e-08,2.65291673168393e-07,5.52185809150081e-08,-0.9,-0.6
9.67765250412484e-08,3.11235630348268e-08,2.57149169249294e-07,5.42881170739392e-08,-0.9,-0.5
1.10792020842351e-07,3.36307583270312e-08,2.44987093331055e-07,5.30546986039937e-08,-0.9,-0.4
1.25414299607069e-07,3.64349579042153e-08,2.29369752398119e-07,5.09868738778618e-08,-0.9,-0.3
1.42672378613626e-07,3.89881035985485e-08,2.13945142022907e-07,4.96875728150232e-08,-0.9,-0.2
1.60219541296546e-07,4.17211165612376e-08,1.95251565010003e-07,4.66434197342105e-08,-0.9,-0.0999999999999999
1.7736356017082e-07,4.38746167199577e-08,1.77394099197204e-07,4.42330347766194e-08,-0.9,0
1.95967475034528e-07,4.67995602542442e-08,1.59522778662781e-07,4.1161004192967e-08,-0.9,0.0999999999999999
2.13541379010952e-07,4.89742554963518e-08,1.42633828763894e-07,3.88099770979792e-08,-0.9,0.2
2.29716413122693e-07,5.14009336221121e-08,1.25409302045114e-07,3.61350473073213e-08,-0.9,0.3
2.44933108287793e-07,5.30375839319799e-08,1.10617560621889e-07,3.36882597029321e-08,-0.9,0.4
2.56768430578376e-07,5.47956425500546e-08,9.71024191252327e-08,3.1373499067759e-08,-0.9,0.5
2.64647062137973e-07,5.59808298157964e-08,8.47033920982164e-08,2.8171230356596e-08,-0.9,0.6
2.69618367096172e-07,5.63269365988012e-08,7.38601470634879e-08,2.57895356600919e-08,-0.9,0.7
2.69355675578096e-07,5.58550431098446e-08,6.34581195998037e-08,2.31610544180833e-08,-0.9,0.8
2.65828878095529e-07,5.60038155013561e-08,5.6260286648678e-08,2.15186191179852e-08,-0.9,0.9
2.56608078465736e-07,5.52345496348815e-08,4.80371616664355e-08,1.93861838916906e-08,-0.9,1
2.45239118161729e-07,5.28833411892856e-08,4.12635148428618e-08,1.78942873549715e-08,-0.9,1.1
2.30578590626493e-07,5.15052483713662e-08,3.62103791295804e-08,1.56321228074296e-08,-0.9,1.2
2.13681594780272e-07,5.00405521722565e-08,3.13781944880078e-08,1.50696911219329e-08,-0.9,1.3
1.95437964576824e-07,4.68195458662304e-08,2.72771826778759e-08,1.38892488141318e-08,-0.9,1.4
1.78019616370752e-07,4.47083370134864e-08,2.41204589454402e-08,1.19379974957896e-08,-0.9,1.5
2.41006826467416e-08,1.22954181186699e-08,1.79707607960659e-07,5.03526238814205e-08,-0.8,-1.5
2.76540141180712e-08,1.42454454345017e-08,1.99069878765844e-07,5.37101282171267e-08,-0.8,-1.4
3.21449790218243e-08,1.531907378278e-08,2.17001750941412e-07,5.65570586697227e-08,-0.8,-1.3
3.65164761221774e-08,1.69835924796028e-08,2.3353809017173e-07,5.88521607342782e-08,-0.8,-1.2
4.19842916871549e-08,1.9675048462042e-08,2.48853682470031e-07,6.04907927295291e-08,-0.8,-1.1
4.88246757079852e-08,2.06165575464136e-08,2.60807491462401e-07,6.24950476747626e-08,-0.8,-1
5.6515274777759e-08,2.37165922853285e-08,2.69260174788808e-07,6.42416198609502e-08,-0.8,-0.9
6.46954563278061e-08,2.63993093684993e-08,2.73989771459565e-07,6.50426565332468e-08,-0.8,-0.8
7.43800442636714e-08,2.91624146559124e-08,2.73859680219184e-07,6.39914523680283e-08,-0.8,-0.7
8.5076416616624e-08,3.15314897854076e-08,2.69812277388964e-07,6.3852196379481e-08,-0.8,-0.6
9.79157908214119e-08,3.39891764126217e-08,2.60469955547656e-07,6.3210815945859e-08,-0.8,-0.5
1.11474262530879e-07,3.79967269697707e-08,2.49005184752247e-07,6.14067867100293e-08,-0.8,-0.4
1.27772214219871e-07,4.07365120169667e-08,2.33234465517904e-07,5.92351436149423e-08,-0.8,-0.3
1.44682646450681e-07,4.38933361304165e-08,2.16417796138018e-07,5.67821951697635e-08,-0.8,-0.2
1.61863563875122e-07,4.73158099731214e-08,1.9845991065762e-07,5.38513206748761e-08,-0.8,-0.0999999999999999
1.80144139522904e-07,5.05671076431568e-08,1.80028881312044e-07,5.03252387334346e-08,-0.8,0
1.98574260103771e-07,5.35039606981362e-08,1.61573919505213e-07,4.72893962514768e-08,-0.8,0.0999999999999999
2.16936438905764e-07,5.67401685972312e-08,1.43666533268427e-07,4.40065295365928e-08,-0.8,0.2
2.33704776810085e-07,5.84997813371683e-08,1.27326841326143e-07,4.04579525009923e-08,-0.8,0.3
2.48966833673714e-07,6.15225110213335e-08,1.11197062665124e-07,3.77261720722344e-08,-0.8,0.4
2.61614281122132e-07,6.28411782481413e-08,9.80313199758099e-08,3.43667184632163e-08,-0.8,0.5
2.69211996877182e-07,6.47633925398621e-08,8.54784552478027e-08,3.13145935217345e-08,-0.8,0.6
2.74375112708141e-07,6.47401116491683e-08,7.41509779572978e-08,2.83992853542758e-08,-0.8,0.7
2.74136791918935e-07,6.44649237265776e-08,6.44523484513022e-08,2.60786090431192e-08,-0.8,0.8
2.69279040938992e-07,6.41919837475389e-08,5.58391852405186e-08,2.379239693751e-08,-0.8,0.9
2.60744489683966e-07,6.28803737349811e-08,4.8760694648139e-08,2.11861694520689e-08,-0.8,1
2.48554915194745e-07,6.08617621362034e-08,4.21267319948416e-08,1.89761560002437e-08,-0.8,1.1
2.33825801048893e-07,5.927157060098e-08,3.66788402469407e-08,1.7535104881452e-08,-0.8,1.2
2.17128147148585e-07,5.72969261671157e-08,3.18879025634565e-08,1.59662803784257e-08,-0.8,1.3
1.98216690616293e-07,5.37254341437691e-08,2.76685682738133e-08,1.46473184798632e-08,-0.8,1.4
1.797353051299e-07,5.0901098460635e-08,2.40866184997542e-08,1.31081961237431e-08,-0.8,1.5
2.36942372255572e-08,1.38432739179084e-08,1.80203175720664e-07,5.6864991082484e-08,-0.7,-1.5
2.7913890731996e-08,1.48789848959998e-08,1.98792280129253e-07,6.10259936984334e-08,-0.7,-1.4
3.14806625799294e-08,1.65026997368012e-08,2.17636392877659e-07,6.43886271507207e-08,-0.7,-1.3
3.65472050315805e-08,1.88397978574026e-08,2.34252745297488e-07,6.72761855241208e-08,-0.7,-1.2
4.21893305921198e-08,2.10409219346959e-08,2.48742892554033e-07,7.00817089025543e-08,-0.7,-1.1
4.88277012757924e-08,2.34124624069024e-08,2.60895181524391e-07,7.1842252182234e-08,-0.7,-1
5.65240465899739e-08,2.55946379450282e-08,2.68853982682713e-07,7.33340793920937e-08,-0.7,-0.9
6.45819862334653e-08,2.82900217524615e-08,2.72919725480223e-07,7.40747034153134e-08,-0.7,-0.8
7.44106111400934e-08,3.21118846783534e-08,2.7390846858852e-07,7.40009128282774e-08,-0.7,-0.7
8.50772469359431e-08,3.53345847262799e-08,2.69478985666048e-07,7.36380377978108e-08,-0.7,-0.6
9.79286488915917e-08,3.86304812386097e-08,2.60751115514805e-07,7.16595816000773e-08,-0.7,-0.5
1.12616572678206e-07,4.15717497259008e-08,2.48608913362538e-07,6.97384704653819e-08,-0.7,-0.4
1.27521499638862e-07,4.54810209959934e-08,2.34074587934541e-07,6.70456491874734e-08,-0.7,-0.3
1.44121782563616e-07,4.98229867010659e-08,2.16800784637393e-07,6.46425352209768e-08,-0.7,-0.2
1.61104564196505e-07,5.3420288099927e-08,1.98962486076059e-07,6.11159435902534e-08,-0.7,-0.0999999999999999
1.80524644587962e-07,5.70845524614428e-08,1.79759727419714e-07,5.76058908110359e-08,-0.7,0
1.98948672396359e-07,6.0980537714558e-08,1.62288125545753e-07,5.36948147047861e-08,-0.7,0.0999999999999999
2.16040835945873e-07,6.39071630142596e-08,1.43822476914871e-07,5.01082810557872e-08,-0.7,0.2
2.33611191890333e-07,6.73671286719483e-08,1.27403283728765e-07,4.61269459537755e-08,-0.7,0.3
2.48359054132151e-07,7.00994700245693e-08,1.11935278463781e-07,4.20016543374571e-08,-0.7,0.4
2.60952966850903e-07,7.22212835281665e-08,9.73379321090546e-08,3.86409150439114e-08,-0.7,0.5
2.69744259139072e-07,7.3659026309839e-08,8.59607412349689e-08,3.49694580992413e-08,-0.7,0.6
2.7414168861198e-07,7.44422999539581e-08,7.39938657632312e-08,3.14770942636975e-08,-0.7,0.7
2.73604251829107e-07,7.40209472835405e-08,6.40146968547583e-08,2.85942349809522e-08,-0.7,0.8
2.69724071989604e-07,7.37138947515783e-08,5.56919350405029e-08,2.55080767896519e-08,-0.7,0.9
2.60704701832173e-07,7.2663632770134e-08,4.84529708430814e-08,2.32471589632893e-08,-0.7,1
2.48301678134163e-07,6.98827139204055e-08,4.12273607410958e-08,2.05889948592843e-08,-0.7,1.1
2.33822621848113e-07,6.78319521925842e-08,3.59843761262005e-08,1.93328041895353e-08,-0.7,1.2
2.17328607567002e-07,6.4220917930528e-08,3.15900140879732e-08,1.7214431351765e-08,-0.7,1.3
1.97938727646836e-07,6.12963682280382e-08,2.77262492358261e-08,1.54265503166373e-08,-0.7,1.4
1.79858522452948e-07,5.72200584647934e-08,2.43836980849967e-08,1.4071899519655e-08,-0.7,1.5
2.35278689206514e-08,1.48664134160846e-08,1.77868275362395e-07,6.45610955745871e-08,-0.6,-1.5
2.73181456850154e-08,1.6665567359628e-08,1.9563587889565e-07,6.97008863073053e-08,-0.6,-1.4
3.13971372267077e-08,1.78554498962107e-08,2.13916776388376e-07,7.40949919332852e-08,-0.6,-1.3
3.62503276457107e-08,2.06885268499262e-08,2.30002777391349e-07,7.76638350577283e-08,-0.6,-1.2
4.1462759494049e-08,2.24268652435737e-08,2.44781636028946e-07,8.03490196518078e-08,-0.6,-1.1
4.82095262976952e-08,2.51237907231248e-08,2.56753796539877e-07,8.28580097640366e-08,-0.6,-1
5.51739870064917e-08,2.79653293117796e-08,2.65230763188656e-07,8.46157354391344e-08,-0.6,-0.9
6.39332660404907e-08,3.13510725077636e-08,2.6952421237128e-07,8.54604386452052e-08,-0.6,-0.8
7.38623414450063e-08,3.46666728921678e-08,2.69254763488211e-07,8.58632280697855e-08,-0.6,-0.7
8.40846659860064e-08,3.91103944184095e-08,2.64903982994278e-07,8.46338179718553e-08,-0.6,-0.6
9.67436945511812e-08,4.27042527643325e-08,2.56222932720211e-07,8.22825073611594e-08,-0.6,-0.5
1.11201859288533e-07,4.74269423433361e-08,2.44756761629863e-07,8.02812790503656e-08,-0.6,-0.4
1.25721018473285e-07,5.1256872099867e-08,2.31393904724552e-07,7.72727329047464e-08,-0.6,-0.3
1.41670631478255e-07,5.59110124538478e-08,2.13690261724751e-07,7.31368430581907e-08,-0.6,-0.2
1.59480241531315e-07,6.07919019272188e-08,1.95827202389848e-07,6.90938505534781e-08,-0.6,-0.0999999999999999
1.77565048256689e-07,6.50300896313046e-08,1.77523967399974e-07,6.58490260998201e-08,-0.6,0
1.95530505113836e-07,6.90801586028339e-08,1.59950359443113e-07,6.04415255402825e-08,-0.6,0.0999999999999999
2.1321895563066e-07,7.34801508553618e-08,1.42215806524379e-07,5.55922600071502e-08,-0.6,0.2
2.3084613298272e-07,7.69338041154292e-08,1.25166192770656e-07,5.17083751789833e-08,-0.6,0.3
2.44394341831367e-07,8.09434716764205e-08,1.1084624571185e-07,4.73458818844601e-08,-0.6,0.4
2.56249141198026e-07,8.31984075909854e-08,9.70676524664482e-08,4.26683947320557e-08,-0.6,0.5
2.65234237323651e-07,8.47205784204469e-08,8.46331910253146e-08,3.88388785417735e-08,-0.6,0.6
2.69571307786499e-07,8.55117112289068e-08,7.33145352276989e-08,3.52203716494765e-08,-0.6,0.7
2.69522359165334e-07,8.54788058105331e-08,6.42949909225429e-08,3.16457735498295e-08,-0.6,0.8
2.64899738430747e-07,8.43186950678414e-08,5.53795977750774e-08,2.79861973727011e-08,-0.6,0.9
2.56785321155513e-07,8.27224847898642e-08,4.82444277876523e-08,2.53398837771058e-08,-0.6,1
2.44760538550104e-07,8.02899762788037e-08,4.16896573363822e-08,2.22261782868322e-08,-0.6,1.1
2.30328961224732e-07,7.75266755966542e-08,3.57312754798584e-08,2.07019329852211e-08,-0.6,1.2
2.13525993161036e-07,7.37452664813151e-08,3.11487361385263e-08,1.84480567825984e-08,-0.6,1.3
1.95578905532582e-07,6.93299784270892e-08,2.71632401969717e-08,1.64260482967762e-08,-0.6,1.4
1.78097291493146e-07,6.52158020233157e-08,2.37508512414219e-08,1.48009547641396e-08,-0.6,1.5
2.29575361973716e-08,1.59630508893543e-08,1.73018512782773e-07,7.39626618191101e-08,-0.5,-1.5
2.68433832489611e-08,1.74957254367624e-08,1.90261370073643e-07,7.82365238531229e-08,-0.5,-1.4
3.13939908710772e-08,2.00218541527278e-08,2.07417117633195e-07,8.39150651765957e-08,-0.5,-1.3
3.61479087428995e-08,2.23689775587989e-08,2.23468619252916e-07,8.83103784160132e-08,-0.5,-1.2
4.13601637118962e-08,2.47618786612322e-08,2.36961089242679e-07,9.14599885706253e-08,-0.5,-1.1
4.73479521878829e-08,2.7550939620925e-08,2.49101516474248e-07,9.5223978572194e-08,-0.5,-1
5.42715263609233e-08,3.06709483105304e-08,2.56867534333841e-07,9.72279039407866e-08,-0.5,-0.9
6.25976112414251e-08,3.452219086845e-08,2.59985025859826e-07,9.84693829874807e-08,-0.5,-0.8
7.24683175986414e-08,3.87554261823325e-08,2.61088273312258e-07,9.7780787716974e-08,-0.5,-0.7
8.26957022568255e-08,4.2460929907128e-08,2.56769292747739e-07,9.64454261624761e-08,-0.5,-0.6
9.45232918766039e-08,4.71945307719895e-08,2.48659856662906e-07,9.45000631238137e-08,-0.5,-0.5
1.08482770311973e-07,5.25482363451009e-08,2.38023206842139e-07,9.20733462008855e-08,-0.5,-0.4
1.22559255341955e-07,5.76515726960179e-08,2.23404034783284e-07,8.82630884387646e-08,-0.5,-0.3
1.38553206016163e-07,6.31578776790901e-08,2.07011749208164e-07,8.39112206748798e-08,-0.5,-0.2
1.55497633674241e-07,6.83477503475291e-08,1.90339230024908e-07,7.85775023238841e-08,-0.5,-0.0999999999999999
1.72524798254255e-07,7.38577048270762e-08,1.72341963553805e-07,7.355632499268e-08,-0.5,0
1.90173014924118e-07,7.82045082989727e-08,1.55942681598589e-07,6.84467517234301e-08,-0.5,0.0999999999999999
2.07003850093548e-07,8.38514078608085e-08,1.38458948216084e-07,6.26752508692527e-08,-0.5,0.2
2.23406028570499e-07,8.84077695025704e-08,1.23295624886092e-07,5.73216777242697e-08,-0.5,0.3
2.37359861135211e-07,9.21097866248296e-08,1.08361577777374e-07,5.23689945066951e-08,-0.5,0.4
2.48726787079911e-07,9.49358076224194e-08,9.49734955610156e-08,4.72190317323025e-08,-0.5,0.5
2.56975211949429e-07,9.70161550608339e-08,8.27420974695732e-08,4.23712062534422e-08,-0.5,0.6
2.60863455488968e-07,9.79164030231372e-08,7.19460756628296e-08,3.82303115922942e-08,-0.5,0.7
2.60928141931948e-07,9.77334439254845e-08,6.29553343140791e-08,3.50235730384616e-08,-0.5,0.8
2.5702425513124e-07,9.68911161266399e-08,5.46941739761482e-08,3.11537764959337e-08,-0.5,0.9
2.48644317714318e-07,9.47531615336182e-08,4.76089578170325e-08,2.70845732878751e-08,-0.5,1
2.37461370281803e-07,9.17091784079577e-08,4.12691476285239e-08,2.49382605953205e-08,-0.5,1.1
2.23980147918114e-07,8.81964418773546e-08,3.53629441904598e-08,2.21040808782235e-08,-0.5,1.2
2.07347953795288e-07,8.35335607788823e-08,3.15204598260606e-08,1.94719049330531e-08,-0.5,1.3
1.90744078654045e-07,7.87321014937426e-08,2.65823803797753e-08,1.76630229312532e-08,-0.5,1.4
1.73055676992417e-07,7.32843756952028e-08,2.3985931225796e-08,1.55355314121905e-08,-0.5,1.5
2.31145119496957e-08,1.67672011702926e-08,1.66616004670583e-07,8.28610240252373e-08,-0.4,-1.5
2.66301663538995e-08,1.84338891343911e-08,1.82403935483075e-07,8.9239128165808e-08,-0.4,-1.4
3.07856076849596e-08,2.07041916591425e-08,1.99114188275339e-07,9.57247423141803e-08,-0.4,-1.3
3.52094320941445e-08,2.38987547312869e-08,2.14059145304031e-07,1.00511236919538e-07,-0.4,-1.2
4.02543516548779e-08,2.66277273258969e-08,2.26893190878378e-07,1.04471937815955e-07,-0.4,-1.1
4.58235461816712e-08,3.02216946009733e-08,2.37209061140329e-07,1.07711208084217e-07,-0.4,-1
5.33549350480557e-08,3.34635742938039e-08,2.44942836702556e-07,1.10286200109284e-07,-0.4,-0.9
6.09947901934926e-08,3.68355704497272e-08,2.48847295248828e-07,1.11963305042552e-07,-0.4,-0.8
7.00746581569728e-08,4.25278912332981e-08,2.48600557381914e-07,1.11274383710342e-07,-0.4,-0.7
8.00972096979713e-08,4.68844700070961e-08,2.44791762887945e-07,1.10132121921718e-07,-0.4,-0.6
9.15054875781535e-08,5.24046610641448e-08,2.37259251014586e-07,1.08158654199842e-07,-0.4,-0.5
1.04594426914635e-07,5.79922603340495e-08,2.26628349305036e-07,1.04329906559853e-07,-0.4,-0.4
1.18502785525878e-07,6.34470226752583e-08,2.13507408955219e-07,1.00016273573919e-07,-0.4,-0.3
1.33807421883631e-07,6.94690379307367e-08,1.98841392242175e-07,9.48475542315622e-08,-0.4,-0.2
1.49344946685303e-07,7.65637032364689e-08,1.82885844320691e-07,8.77114585414271e-08,-0.4,-0.0999999999999999
1.65675896758227e-07,8.33634788156772e-08,1.66223373436651e-07,8.23035078932537e-08,-0.4,0
1.82638169321643e-07,8.92464621780769e-08,1.48876676578757e-07,7.64948202945187e-08,-0.4,0.0999999999999999
1.98717037689236e-07,9.46518130542368e-08,1.33664491882444e-07,6.98108470796717e-08,-0.4,0.2
2.1389372771106e-07,9.99637010383914e-08,1.19099372832059e-07,6.37651954333507e-08,-0.4,0.3
2.26572128676394e-07,1.03994568107832e-07,1.0438712286562e-07,5.76353410544658e-08,-0.4,0.4
2.36920898662705e-07,1.0840973662482e-07,9.19531028800653e-08,5.17744660346812e-08,-0.4,0.5
2.44930194364576e-07,1.10414467324507e-07,8.01845131338998e-08,4.66376607963984e-08,-0.4,0.6
2.48987743467851e-07,1.11826073491911e-07,7.01949564307743e-08,4.16052137591642e-08,-0.4,0.7
2.48631657306132e-07,1.12284669019896e-07,6.12231113916141e-08,3.74719969628963e-08,-0.4,0.8
2.44436798209021e-07,1.10698493229514e-07,5.31733965823961e-08,3.35273088463672e-08,-0.4,0.9
2.37198747135428e-07,1.07934102432338e-07,4.61994922646143e-08,2.96163373391372e-08,-0.4,1
2.26795989847695e-07,1.04233035147408e-07,4.01037009811707e-08,2.64059979029528e-08,-0.4,1.1
2.13775370377023e-07,1.00220288759886e-07,3.54278640624623e-08,2.34424291777623e-08,-0.4,1.2
1.98469048190667e-07,9.51967364754923e-08,3.03256442572987e-08,2.08473111348855e-08,-0.4,1.3
1.8246885586534e-07,8.88304041763402e-08,2.67984374524277e-08,1.83322526940365e-08,-0.4,1.4
1.66306810997191e-07,8.23891424256569e-08,2.34736110270615e-08,1.65102988062196e-08,-0.4,1.5
2.23185112536076e-08,1.8218431962349e-08,1.57185127688622e-07,9.25916573561446e-08,-0.3,-1.5
2.62904230209985e-08,1.99056433135442e-08,1.72973058722024e-07,9.96336019940339e-08,-0.3,-1.4
2.93223972065453e-08,2.23172360627447e-08,1.87583966241356e-07,1.06564892912167e-07,-0.3,-1.3
3.41212197804224e-08,2.47993157675633e-08,2.01474003869503e-07,1.12984991594681e-07,-0.3,-1.2
3.86046942048076e-08,2.8358018225443e-08,2.14199576101893e-07,1.17985455402779e-07,-0.3,-1.1
4.45646003528883e-08,3.22049136314531e-08,2.23376051239881e-07,1.22723262482465e-07,-0.3,-1
5.17955042549879e-08,3.67653458163788e-08,2.29689308945496e-07,1.26230185088836e-07,-0.3,-0.9
5.94317744893933e-08,4.16733941278218e-08,2.3311898742443e-07,1.27132186654756e-07,-0.3,-0.8
6.76203056861606e-08,4.58542468346978e-08,2.33587822433743e-07,1.27522655262549e-07,-0.3,-0.7
7.77006443379557e-08,5.10775792122004e-08,2.30603645789211e-07,1.25979714659836e-07,-0.3,-0.6
8.80666391234686e-08,5.78654104948172e-08,2.23036501143069e-07,1.22166321831731e-07,-0.3,-0.5
1.00926997762171e-07,6.41643363479987e-08,2.13749206045258e-07,1.18613372505893e-07,-0.3,-0.4
1.1332420794843e-07,7.11126214551844e-08,2.01828799288164e-07,1.1334469480871e-07,-0.3,-0.3
1.27015130137571e-07,7.81623036497539e-08,1.87762350272922e-07,1.07169383005543e-07,-0.3,-0.2
1.41796375702296e-07,8.57877621514642e-08,1.72657840876164e-07,1.00202907500084e-07,-0.3,-0.0999999999999999
1.57231251110084e-07,9.30391669183096e-08,1.57562900721403e-07,9.31341780918876e-08,-0.3,0
1.73076550520376e-07,1.00542915373383e-07,1.42343445594844e-07,8.56420840499689e-08,-0.3,0.0999999999999999
1.88090249647593e-07,1.06493811938105e-07,1.27370481478165e-07,7.85204420407662e-08,-0.3,0.2
2.01687519412911e-07,1.13434003999356e-07,1.13222406857619e-07,7.07626885737908e-08,-0.3,0.3
2.1429107967344e-07,1.18840453459916e-07,1.00199599076523e-07,6.41690402454811e-08,-0.3,0.4
2.23417564435865e-07,1.2287195841975e-07,8.7756741426289e-08,5.70694160294825e-08,-0.3,0.5
2.30537950444695e-07,1.25979587354584e-07,7.68381872363934e-08,5.16935376001495e-08,-0.3,0.6
2.33628814283594e-07,1.27336483873601e-07,6.76506432962073e-08,4.54999263689177e-08,-0.3,0.7
2.33955746714129e-07,1.27298076912121e-07,5.89402652965065e-08,4.07115002561838e-08,-0.3,0.8
2.30116276644721e-07,1.25771970119979e-07,5.12039888443325e-08,3.65527937705291e-08,-0.3,0.9
2.23488873002504e-07,1.22737674941343e-07,4.51779293453202e-08,3.25716692270945e-08,-0.3,1
2.14111464902287e-07,1.18595080314639e-07,3.88728446510602e-08,2.84643581057939e-08,-0.3,1.1
2.01335367591547e-07,1.13547404078874e-07,3.40618219483277e-08,2.49445654440647e-08,-0.3,1.2
1.87773394258971e-07,1.07577464885201e-07,2.93113246549398e-08,2.24409060295593e-08,-0.3,1.3
1.73269070909457e-07,1.00475306075376e-07,2.58822934875094e-08,1.98529145342048e-08,-0.3,1.4
1.57641948631962e-07,9.26356459721145e-08,2.22701397326827e-08,1.78601558786722e-08,-0.3,1.5
2.19404133847226e-08,1.8799636443935e-08,1.47440621753332e-07,1.0327181416971e-07,-0.2,-1.5
2.51650848647431e-08,2.04141821122947e-08,1.61811589681377e-07,1.11831781157427e-07,-0.2,-1.4
2.88831201831138e-08,2.32358641759359e-08,1.75162576144725e-07,1.20183501458055e-07,-0.2,-1.3
3.32637365069229e-08,2.67654931957046e-08,1.87522781957437e-07,1.27064296912295e-07,-0.2,-1.2
3.78762248787049e-08,3.10158095460239e-08,1.98244662109257e-07,1.33639085153373e-07,-0.2,-1.1
4.25297016861168e-08,3.45771786364624e-08,2.07457975216056e-07,1.37768013619868e-07,-0.2,-1
4.91346108915006e-08,3.93268438965418e-08,2.13722021072095e-07,1.42368947187004e-07,-0.2,-0.9
5.66399464202322e-08,4.36675081045217e-08,2.1680971755803e-07,1.43904537957636e-07,-0.2,-0.8
6.44016891619547e-08,4.96914049169365e-08,2.16743375735731e-07,1.43716524720595e-07,-0.2,-0.7
7.43149934648818e-08,5.6372710721371e-08,2.13655446469839e-07,1.42287130766393e-07,-0.2,-0.6
8.39828469725232e-08,6.26247486604704e-08,2.07708662070751e-07,1.38947775242718e-07,-0.2,-0.5
9.5390857202955e-08,6.99435039375064e-08,1.98790195899265e-07,1.33626038184615e-07,-0.2,-0.4
1.07186735556423e-07,7.7625438275306e-08,1.87527169698521e-07,1.27433497234037e-07,-0.2,-0.3
1.19413468974776e-07,8.61031579907057e-08,1.74967728179164e-07,1.19809010733048e-07,-0.2,-0.2
1.34218846594971e-07,9.52680012650668e-08,1.61543078882371e-07,1.12332653109893e-07,-0.2,-0.0999999999999999
1.47145633616513e-07,1.03484803597556e-07,1.47640594347476e-07,1.03456269407493e-07,-0.2,0
1.61948313189639e-07,1.12034132565313e-07,1.33957452002905e-07,9.44025673388286e-08,-0.2,0.0999999999999999
1.75035123727785e-07,1.1987513011648e-07,1.20261858862857e-07,8.60294690481082e-08,-0.2,0.2
1.87313704158953e-07,1.26951840351836e-07,1.06586380091674e-07,7.79789557556083e-08,-0.2,0.3
1.98977261357893e-07,1.33941850645949e-07,9.43551890484169e-08,6.99622831411539e-08,-0.2,0.4
2.07790234206039e-07,1.38529861932167e-07,8.42993128972667e-08,6.22863916156076e-08,-0.2,0.5
2.13624275506734e-07,1.42301084869941e-07,7.30370902543056e-08,5.60997744158827e-08,-0.2,0.6
2.16990170175071e-07,1.43712067506639e-07,6.45158266280329e-08,4.91915823497236e-08,-0.2,0.7
2.16466231192384e-07,1.44296686770955e-07,5.66118422348443e-08,4.41513306718244e-08,-0.2,0.8
2.13347038352313e-07,1.42664283460652e-07,4.9316828498887e-08,3.97219437886136e-08,-0.2,0.9
2.0758770026344e-07,1.3841871887006e-07,4.32653813439745e-08,3.39447173310788e-08,-0.2,1
1.986755197517e-07,1.33510896016679e-07,3.78882495335216e-08,2.99915224913111e-08,-0.2,1.1
1.87423528595488e-07,1.27395634047091e-07,3.33963094317271e-08,2.64851264592481e-08,-0.2,1.2
1.75475416886342e-07,1.19734027261844e-07,2.87736005774515e-08,2.36793619227442e-08,-0.2,1.3
1.61859611944997e-07,1.12071823848997e-07,2.44411329955906e-08,2.09778492335905e-08,-0.2,1.4
1.47704366159125e-07,1.03168497411341e-07,2.19342429499302e-08,1.84356443447258e-08,-0.2,1.5
2.17415997275608e-08,1.89457598875049e-08,1.36521666966079e-07,1.14634671497959e-07,-0.0999999999999999,-1.5
2.37408531126116e-08,2.24603133753646e-08,1.49953518453208e-07,1.24460612421412e-07,-0.0999999999999999,-1.4
2.72123876004032e-08,2.55209650901334e-08,1.61940737898335e-07,1.3388143702266e-07,-0.0999999999999999,-1.3
3.22975082126953e-08,2.80031621935234e-08,1.72702925268e-07,1.41759892197373e-07,-0.0999999999999999,-1.2
3.64212902101355e-08,3.20157624343886e-08,1.82511945746339e-07,1.50225791981892e-07,-0.0999999999999999,-1.1
4.13837381568873e-08,3.68982378922288e-08,1.90042190930918e-07,1.55442963732616e-07,-0.0999999999999999,-1
4.68684013388562e-08,4.13076512332492e-08,1.95787772530067e-07,1.5980023145696e-07,-0.0999999999999999,-0.9
5.33201058061724e-08,4.73763434697064e-08,1.98371053519366e-07,1.61989202478542e-07,-0.0999999999999999,-0.8
6.1403921871616e-08,5.38987035373407e-08,1.9831159877373e-07,1.620608959265e-07,-0.0999999999999999,-0.7
6.94630498090071e-08,6.10609273507233e-08,1.95598183409346e-07,1.59355426534215e-07,-0.0999999999999999,-0.6
7.84024806709048e-08,6.84338438146396e-08,1.89707726448357e-07,1.55066627761347e-07,-0.0999999999999999,-0.5
8.88430932631521e-08,7.64333009321505e-08,1.83120925366703e-07,1.49293400276254e-07,-0.0999999999999999,-0.4
1.00527031548748e-07,8.46115128003025e-08,1.72710548212148e-07,1.42353982010595e-07,-0.0999999999999999,-0.3
1.11843677792023e-07,9.45783961665068e-08,1.61616686101898e-07,1.33913657456732e-07,-0.0999999999999999,-0.2
1.24170334441097e-07,1.03981837985596e-07,1.49389141398109e-07,1.24132359354971e-07,-0.0999999999999999,-0.0999999999999999
1.36489090193346e-07,1.14354284789847e-07,1.36572945556726e-07,1.14927160245557e-07,-0.0999999999999999,0
1.49304050158003e-07,1.2446930321195e-07,1.2439319218887e-07,1.04846351584257e-07,-0.0999999999999999,0.0999999999999999
1.61435176576967e-07,1.33594573872215e-07,1.1242122402089e-07,9.49686045985276e-08,-0.0999999999999999,0.2
1.73173775808546e-07,1.41580309551922e-07,1.00035332966539e-07,8.52819436151842e-08,-0.0999999999999999,0.3
1.82496517941271e-07,1.49383035376425e-07,8.87477893138606e-08,7.67712261982256e-08,-0.0999999999999999,0.4
1.90162199067368e-07,1.55081687268248e-07,7.91619531693282e-08,6.78810922647835e-08,-0.0999999999999999,0.5
1.95497180569903e-07,1.59224078742449e-07,6.99583085346662e-08,6.01379719661155e-08,-0.0999999999999999,0.6
1.98335492595282e-07,1.62130448117294e-07,6.18069466165802e-08,5.38320044221654e-08,-0.0999999999999999,0.7
1.98306611185429e-07,1.62432250054227e-07,5.35319216805926e-08,4.76757336755421e-08,-0.0999999999999999,0.8
1.96023708943714e-07,1.59392844102982e-07,4.71338109948712e-08,4.20791100170972e-08,-0.0999999999999999,0.9
1.90014693287045e-07,1.55381599970561e-07,4.06791760895256e-08,3.62144513849479e-08,-0.0999999999999999,1
1.82665054068582e-07,1.49285665045514e-07,3.56448807091422e-08,3.24470274276846e-08,-0.0999999999999999,1.1
1.73115877511176e-07,1.42406314539592e-07,3.16211007440851e-08,2.80505745542937e-08,-0.0999999999999999,1.2
1.61476964233447e-07,1.33528979731784e-07,2.8361055312039e-08,2.51151368815578e-08,-0.0999999999999999,1.3
1.49125182577009e-07,1.24421579191675e-07,2.46455722904381e-08,2.23027432761878e-08,-0.0999999999999999,1.4
1.37176561578476e-07,1.14070779875731e-07,2.11267509136441e-08,1.97332120933148e-08,-0.0999999999999999,1.5
1.99428375991162e-08,1.99377775263991e-08,1.25681139264411e-07,1.2539526792175e-07,0,-1.5
2.29163354389762e-08,2.31021610791026e-08,1.36927019258162e-07,1.37580819740035e-07,0,-1.4
2.67107129356955e-08,2.65822542997127e-08,1.47685056450996e-07,1.47408419953193e-07,0,-1.3
3.03345147989902e-08,3.02974739790766e-08,1.57746127233626e-07,1.57426926120896e-07,0,-1.2
3.45208685452764e-08,3.37779409528754e-08,1.65517840391465e-07,1.66333191830417e-07,0,-1.1
3.90265536199809e-08,3.90970169993192e-08,1.73118536246733e-07,1.72323418223432e-07,0,-1
4.4684608703332e-08,4.38452612492038e-08,1.77234685957807e-07,1.77331821624535e-07,0,-0.9
5.04710586571793e-08,5.00416505668239e-08,1.80356516055836e-07,1.80423113080155e-07,0,-0.8
5.74689764480011e-08,5.76829333432153e-08,1.80401236001157e-07,1.7975692935589e-07,0,-0.7
6.48532507658317e-08,6.49553807065708e-08,1.77647858131359e-07,1.77249849306998e-07,0,-0.6
7.37069807169828e-08,7.35780915508782e-08,1.72596625991087e-07,1.73080968801658e-07,0,-0.5
8.27403745809364e-08,8.27903650941023e-08,1.66264542253679e-07,1.65475074201312e-07,0,-0.4
9.29443045718144e-08,9.2661069819612e-08,1.5745758999626e-07,1.57938527067068e-07,0,-0.3
1.0337273713745e-07,1.03645677571157e-07,1.47377006547457e-07,1.47742926171407e-07,0,-0.2
1.14568680800098e-07,1.14332303272023e-07,1.36713441031368e-07,1.37549949161983e-07,0,-0.0999999999999999
1.26052961872576e-07,1.25359066289389e-07,1.25800915246796e-07,1.25993277011721e-07,0,0
1.36858026524435e-07,1.37332636212401e-07,1.14277700575167e-07,1.1480306978992e-07,0,0.0999999999999999
1.47188236668592e-07,1.4746325887693e-07,1.03650574741845e-07,1.03695285995079e-07,0,0.2
1.58130369791895e-07,1.57410770104583e-07,9.28381155693398e-08,9.33291295349879e-08,0,0.3
1.65402550231205e-07,1.65524526739215e-07,8.25272783839603e-08,8.258151348924e-08,0,0.4
1.73048689180606e-07,1.72724477012698e-07,7.3133041863722e-08,7.39784039505147e-08,0,0.5
1.77489636957324e-07,1.77681664390119e-07,6.54498760811152e-08,6.51713870642526e-08,0,0.6
1.80145427747826e-07,1.7988002675685e-07,5.76553066815711e-08,5.69044579359476e-08,0,0.7
1.80281112373244e-07,1.79703514076662e-07,5.07501493308466e-08,5.02435779803953e-08,0,0.8
1.78018043895062e-07,1.77553976502083e-07,4.46893118019135e-08,4.45745009000952e-08,0,0.9
1.72931656317638e-07,1.72118771738063e-07,3.91213095599295e-08,3.86925592243868e-08,0,1
1.66341784164609e-07,1.65489710987166e-07,3.48288569074239e-08,3.4120639104483e-08,0,1.1
1.57447525913042e-07,1.57522994824544e-07,2.97391967684091e-08,2.99325182877335e-08,0,1.2
1.47834924404041e-07,1.47208916180519e-07,2.58614043091885e-08,2.59716666317477e-08,0,1.3
1.36960394118705e-07,1.3676864728762e-07,2.29987045871395e-08,2.35915186903008e-08,0,1.4
1.25424221579635e-07,1.25656016928098e-07,1.99472663058763e-08,2.00595404126701e-08,0,1.5
1.96062738006589e-08,2.12750221292121e-08,1.14611088095206e-07,1.37499989460889e-07,0.0999999999999999,-1.5
2.21988251709218e-08,2.41804219863065e-08,1.24390469541002e-07,1.48791445446296e-07,0.0999999999999999,-1.4
2.47897963353572e-08,2.76727094388061e-08,1.3358704050792e-07,1.61146351487247e-07,0.0999999999999999,-1.3
2.88393562906059e-08,3.15534817422972e-08,1.42232006141139e-07,1.72187654269135e-07,0.0999999999999999,-1.2
3.19618888522745e-08,3.62479452761721e-08,1.49742973846441e-07,1.82850489200846e-07,0.0999999999999999,-1.1
3.68073145640649e-08,4.08160789168471e-08,1.55738855369652e-07,1.91054675940835e-07,0.0999999999999999,-1
4.15880465504855e-08,4.69489256626178e-08,1.5980727911305e-07,1.95876047115529e-07,0.0999999999999999,-0.9
4.75609398432621e-08,5.33899501543914e-08,1.61556405960828e-07,1.98629217157758e-07,0.0999999999999999,-0.8
5.37609975829946e-08,6.14488380658752e-08,1.6169496504034e-07,1.98844275529272e-07,0.0999999999999999,-0.7
6.02717927994315e-08,7.00217441117587e-08,1.59178724529956e-07,1.95742293843817e-07,0.0999999999999999,-0.6
6.82666802452901e-08,7.85588361707151e-08,1.55582458014923e-07,1.90705409006759e-07,0.0999999999999999,-0.5
7.64394711640275e-08,8.90259883272386e-08,1.49340717434432e-07,1.82358429081226e-07,0.0999999999999999,-0.4
8.53216770593057e-08,1.00461498995714e-07,1.4216728485971e-07,1.73032598440267e-07,0.0999999999999999,-0.3
9.52888469045985e-08,1.11895211312779e-07,1.33939726695365e-07,1.61266376520114e-07,0.0999999999999999,-0.2
1.03929450471788e-07,1.23567921476716e-07,1.23963587690429e-07,1.49722630776168e-07,0.0999999999999999,-0.0999999999999999
1.15041051846855e-07,1.37398178814888e-07,1.14732993727341e-07,1.37282207247809e-07,0.0999999999999999,0
1.23999086029844e-07,1.49795307307365e-07,1.05057620865044e-07,1.24353796086996e-07,0.0999999999999999,0.0999999999999999
1.33554947363911e-07,1.61718273780419e-07,9.46247728235691e-08,1.11980106515267e-07,0.0999999999999999,0.2
1.42201063278128e-07,1.73320707119329e-07,8.50643926360864e-08,1.00517527002845e-07,0.0999999999999999,0.3
1.4944341577762e-07,1.82382422841578e-07,7.63801638593535e-08,8.89773485790551e-08,0.0999999999999999,0.4
1.54939571373335e-07,1.90244585012054e-07,6.8194262842785e-08,7.8879077336722e-08,0.0999999999999999,0.5
1.58992806498028e-07,1.96052097652825e-07,6.0413348226153e-08,6.973309031743e-08,0.0999999999999999,0.6
1.61358603497617e-07,1.98293832146245e-07,5.32129899925801e-08,6.11697471700693e-08,0.0999999999999999,0.7
1.61599093231591e-07,1.98088286224895e-07,4.77469391473012e-08,5.34449364550075e-08,0.0999999999999999,0.8
1.59636955406065e-07,1.96397382216527e-07,4.22119510502442e-08,4.7389716057387e-08,0.0999999999999999,0.9
1.55259619187519e-07,1.90545939902014e-07,3.6880997542659e-08,4.1138988810639e-08,0.0999999999999999,1
1.49173978294038e-07,1.82308435353721e-07,3.24266923651753e-08,3.6179930553034e-08,0.0999999999999999,1.1
1.41614139679897e-07,1.72553300827642e-07,2.84224340605444e-08,3.07997576714205e-08,0.0999999999999999,1.2
1.33310407676141e-07,1.62002040249872e-07,2.47842555084145e-08,2.75512415886526e-08,0.0999999999999999,1.3
1.24122635878991e-07,1.49736415947168e-07,2.15705069586939e-08,2.39750525204135e-08,0.0999999999999999,1.4
1.14755106653164e-07,1.36906749799734e-07,1.97876919086237e-08,2.14426249267857e-08,0.0999999999999999,1.5
1.85972681652791e-08,2.21259320109186e-08,1.037930620495e-07,1.48137688664872e-07,0.2,-1.5
2.07369443235877e-08,2.52348613354919e-08,1.1194053769301e-07,1.61767951072591e-07,0.2,-1.4
2.38160467084507e-08,2.88372231380882e-08,1.1993442606081e-07,1.75107364360385e-07,0.2,-1.3
2.71361916423427e-08,3.28299906782269e-08,1.2708877164753e-07,1.87748435780935e-07,0.2,-1.2
3.01354109445025e-08,3.73857548562826e-08,1.33921435588809e-07,1.98279617896838e-07,0.2,-1.1
3.44028686372423e-08,4.320464197192e-08,1.38648042462841e-07,2.07739922381877e-07,0.2,-1
3.93598122544771e-08,4.9421412995841e-08,1.42159948538301e-07,2.13125698019563e-07,0.2,-0.9
4.41432643207179e-08,5.61960222461992e-08,1.43540418569677e-07,2.16556816113884e-07,0.2,-0.8
4.98966547698783e-08,6.43704725395075e-08,1.43903984681294e-07,2.16863022265074e-07,0.2,-0.7
5.64371249233504e-08,7.31150324509692e-08,1.42014654176189e-07,2.14109459746031e-07,0.2,-0.6
6.32094186242773e-08,8.3706371383737e-08,1.39313066032746e-07,2.07396646248457e-07,0.2,-0.5
7.01635296941589e-08,9.4714887394046e-08,1.33455486802455e-07,1.99322290741567e-07,0.2,-0.4
7.74889181686767e-08,1.07284376537364e-07,1.27926887843573e-07,1.88326713746679e-07,0.2,-0.3
8.65668055508561e-08,1.19633853162565e-07,1.20249694428826e-07,1.75043282902462e-07,0.2,-0.2
9.50941628981897e-08,1.33327327717513e-07,1.1140051552977e-07,1.61870121681494e-07,0.2,-0.0999999999999999
1.03150263943743e-07,1.47286015496299e-07,1.03232999717911e-07,1.47883406082554e-07,0.2,0
1.11012947311418e-07,1.61519310031964e-07,9.45386656289813e-08,1.33564268946094e-07,0.2,0.0999999999999999
1.19754275463878e-07,1.7570431884561e-07,8.64146633614305e-08,1.19987708899043e-07,0.2,0.2
1.26960755907358e-07,1.87303728827298e-07,7.78995730846214e-08,1.0683876991718e-07,0.2,0.3
1.33803674111409e-07,1.98809433025865e-07,6.99462945813591e-08,9.46292138694042e-08,0.2,0.4
1.39197038805204e-07,2.07636538498892e-07,6.26448111149504e-08,8.38170959325607e-08,0.2,0.5
1.42000167267062e-07,2.13276172721535e-07,5.58504794409033e-08,7.3631533301768e-08,0.2,0.6
1.44063506591229e-07,2.17098235404207e-07,4.9692207631566e-08,6.38807177055646e-08,0.2,0.7
1.4363907753337e-07,2.16952336243993e-07,4.46041528152619e-08,5.64745329684672e-08,0.2,0.8
1.41786069124553e-07,2.13448523681962e-07,3.91441954325847e-08,4.94198524082962e-08,0.2,0.9
1.38812227043278e-07,2.07056740112167e-07,3.3854779443599e-08,4.34696195266323e-08,0.2,1
1.33854250956327e-07,1.98485189746995e-07,2.98814146698064e-08,3.75241227628081e-08,0.2,1.1
1.27493772614027e-07,1.8774592774218e-07,2.65867648853456e-08,3.25502926100988e-08,0.2,1.2
1.20344352944202e-07,1.75594302832879e-07,2.42055809160874e-08,2.86145663918448e-08,0.2,1.3
1.12465736126754e-07,1.6230820439668e-07,2.12974506843375e-08,2.50912957922303e-08,0.2,1.4
1.03264847204168e-07,1.46828465203219e-07,1.90126463007129e-08,2.2029670925692e-08,0.2,1.5
1.75777138486497e-08,2.26483757546017e-08,9.27634377253353e-08,1.57248279967513e-07,0.3,-1.5
1.95069604107513e-08,2.57470451120373e-08,1.00303022884059e-07,1.72892454753959e-07,0.3,-1.4
2.25446196523928e-08,2.89100606958561e-08,1.07485740226104e-07,1.87491999796382e-07,0.3,-1.3
2.49295407935491e-08,3.41785359672855e-08,1.13543137348709e-07,2.00961909666674e-07,0.3,-1.2
2.90190699167016e-08,3.92076646465541e-08,1.18338084397344e-07,2.13720664118025e-07,0.3,-1.1
3.18206895309258e-08,4.50321179479817e-08,1.22556112041152e-07,2.22946360481837e-07,0.3,-1
3.57970449163691e-08,5.07906442009718e-08,1.25497566959464e-07,2.3044735067798e-07,0.3,-0.9
4.08736849145596e-08,5.91354780198863e-08,1.27301794950126e-07,2.33627034010854e-07,0.3,-0.8
4.64048073789184e-08,6.69113254143667e-08,1.27125706643812e-07,2.33954317159635e-07,0.3,-0.7
5.15682811530112e-08,7.71123416321259e-08,1.25528764047809e-07,2.30435956392213e-07,0.3,-0.6
5.72484766064106e-08,8.8296132278232e-08,1.22631045275601e-07,2.23581597450931e-07,0.3,-0.5
6.39885507593553e-08,1.00707019577704e-07,1.19046076000351e-07,2.1369890863318e-07,0.3,-0.4
7.13354790704356e-08,1.12904892730386e-07,1.1298587850143e-07,2.01760307448343e-07,0.3,-0.3
7.76275411987372e-08,1.27054401278888e-07,1.07069535703013e-07,1.87208552814778e-07,0.3,-0.2
8.55908626256324e-08,1.41598606857941e-07,1.00124450163654e-07,1.72246891475239e-07,0.3,-0.0999999999999999
9.25472608419818e-08,1.57447539310259e-07,9.35678283782972e-08,1.57818028584855e-07,0.3,0
9.96727922443351e-08,1.7246487811697e-07,8.44266551682395e-08,1.4242822859223e-07,0.3,0.0999999999999999
1.06534977024512e-07,1.87590560858632e-07,7.838872884054e-08,1.27578793812954e-07,0.3,0.2
1.12724904553643e-07,2.01373323790659e-07,7.11764746972798e-08,1.13560083730794e-07,0.3,0.3
1.18467458606084e-07,2.13460907585379e-07,6.39005590017265e-08,1.00273026018371e-07,0.3,0.4
1.22424258633868e-07,2.23457998144428e-07,5.72661943734354e-08,8.89315398236857e-08,0.3,0.5
1.25675640058185e-07,2.29681657494086e-07,5.1634308504081e-08,7.76590842129681e-08,0.3,0.6
1.2734623230095e-07,2.33435946100251e-07,4.60008507241478e-08,6.75621980951464e-08,0.3,0.7
1.2779487014686e-07,2.33980140001105e-07,4.05457513297261e-08,5.86321274929897e-08,0.3,0.8
1.25552280581561e-07,2.30315276436301e-07,3.59239359886894e-08,5.12474351505775e-08,0.3,0.9
1.23077142607254e-07,2.23412132509805e-07,3.20773399462891e-08,4.48001358986814e-08,0.3,1
1.18494690307112e-07,2.1342940308094e-07,2.82753283676197e-08,3.84403211238993e-08,0.3,1.1
1.13163491159454e-07,2.02165580979331e-07,2.50915053827464e-08,3.41976690176889e-08,0.3,1.2
1.06607346250853e-07,1.88425776952722e-07,2.28198643853728e-08,2.91251248371346e-08,0.3,1.3
1.00066500867395e-07,1.72588828623026e-07,2.00128259453524e-08,2.59306395517743e-08,0.3,1.4
9.25520435267953e-08,1.57749661814746e-07,1.77563325897217e-08,2.22436378455218e-08,0.3,1.5
1.68085277595503e-08,2.35137938309297e-08,8.23819005469321e-08,1.65989290388971e-07,0.4,-1.5
1.85716669727986e-08,2.63058805867112e-08,8.9303904771656e-08,1.81907179419641e-07,0.4,-1.4
2.11440497447417e-08,3.06459157781501e-08,9.51976089074232e-08,1.9893829699863e-07,0.4,-1.3
2.2829869618781e-08,3.51404650337915e-08,1.00145856287224e-07,2.13844576506909e-07,0.4,-1.2
2.62711676589071e-08,3.9815690975024e-08,1.04228945388141e-07,2.26562500537962e-07,0.4,-1.1
2.95540707201399e-08,4.66875002145564e-08,1.08164088958608e-07,2.37847439933566e-07,0.4,-1
3.3340388299994e-08,5.30463039559276e-08,1.10491993200169e-07,2.44923011948535e-07,0.4,-0.9
3.77204566232627e-08,6.08827330952435e-08,1.11301763000231e-07,2.48611904476909e-07,0.4,-0.8
4.24304254129682e-08,7.03411743494921e-08,1.12331319942222e-07,2.49188484402184e-07,0.4,-0.7
4.7054855206526e-08,8.09729354834295e-08,1.10894603653493e-07,2.44655897614145e-07,0.4,-0.6
5.21470681010086e-08,9.13009158308278e-08,1.08002425594219e-07,2.37660668383001e-07,0.4,-0.5
5.78931046812235e-08,1.04213875023284e-07,1.0376218003142e-07,2.26516433318178e-07,0.4,-0.4
6.40665533273048e-08,1.1828800215266e-07,9.99988646385038e-08,2.13524514858377e-07,0.4,-0.3
7.01307290714726e-08,1.33568484964793e-07,9.49661520391545e-08,1.98895339684069e-07,0.4,-0.2
7.59173052279788e-08,1.49384941397915e-07,8.89378749586265e-08,1.82105428215202e-07,0.4,-0.0999999999999999
8.30119929414917e-08,1.66296081797387e-07,8.28036141029157e-08,1.65802812784487e-07,0.4,0
8.89351903679542e-08,1.82382457395481e-07,7.67562983739646e-08,1.49556056654363e-07,0.4,0.0999999999999999
9.52014030961394e-08,1.98782723746912e-07,7.04146336539811e-08,1.33720905276446e-07,0.4,0.2
1.00465862448475e-07,2.14058873108382e-07,6.40261416752361e-08,1.18477651782906e-07,0.4,0.3
1.04751341718004e-07,2.26596123162546e-07,5.78966622153444e-08,1.04362402949645e-07,0.4,0.4
1.08512794703898e-07,2.37575505147118e-07,5.258642242783e-08,9.12553868937666e-08,0.4,0.5
1.10500927631089e-07,2.4459669449691e-07,4.68107423179088e-08,8.0699689347518e-08,0.4,0.6
1.121776203858e-07,2.48967861521932e-07,4.19608592840268e-08,7.0397889570744e-08,0.4,0.7
1.11228604465904e-07,2.48980359525345e-07,3.71318782466698e-08,6.0586862225369e-08,0.4,0.8
1.11333126612679e-07,2.44493517974121e-07,3.35496732897771e-08,5.32750148676525e-08,0.4,0.9
1.08362055228077e-07,2.37588371747069e-07,2.98013956271922e-08,4.63282262244707e-08,0.4,1
1.04541469746501e-07,2.26273000765705e-07,2.67197874965365e-08,4.03469223611781e-08,0.4,1.1
1.00167500174904e-07,2.13503993340335e-07,2.31915327981144e-08,3.4592971087343e-08,0.4,1.2
9.47615293188811e-08,1.97952418141152e-07,2.13036244925856e-08,2.98035135746308e-08,0.4,1.3
8.9439482932658e-08,1.82670460604344e-07,1.89342486049017e-08,2.69474559981249e-08,0.4,1.4
8.30221706755733e-08,1.66209047091605e-07,1.7128412489072e-08,2.32742048420923e-08,0.4,1.5
1.61368439553493e-08,2.33395317497244e-08,7.37594196043411e-08,1.73006949347941e-07,0.5,-1.5
1.75250977533759e-08,2.7137627718449e-08,7.88371026930666e-08,1.90699480465669e-07,0.5,-1.4
1.99344019185582e-08,3.1279876325697e-08,8.34370652233052e-08,2.07121238167387e-07,0.5,-1.3
2.23600497965722e-08,3.60183099046628e-08,8.77720645353354e-08,2.23577348583315e-07,0.5,-1.2
2.46850753283483e-08,4.11869684823829e-08,9.19774041468352e-08,2.37298551093862e-07,0.5,-1.1
2.76229648098576e-08,4.78638186720987e-08,9.4649057714173e-08,2.48929826026351e-07,0.5,-1
3.1071947938894e-08,5.43960391058266e-08,9.6863029188523e-08,2.56391872277485e-07,0.5,-0.9
3.39754572397324e-08,6.28109432362042e-08,9.80246742758006e-08,2.613303780779e-07,0.5,-0.8
3.84051216455948e-08,7.20952990166535e-08,9.78410504161508e-08,2.60567737928793e-07,0.5,-0.7
4.27438334641739e-08,8.31203675208923e-08,9.76035921980189e-08,2.55704318008301e-07,0.5,-0.6
4.71950354193875e-08,9.42708582777937e-08,9.52923259581019e-08,2.48912351009696e-07,0.5,-0.5
5.26752459725011e-08,1.08209825061287e-07,9.19405182924332e-08,2.37441238679408e-07,0.5,-0.4
5.77726449858487e-08,1.22703740875787e-07,8.80593625361045e-08,2.23428825114157e-07,0.5,-0.3
6.27279594444282e-08,1.38959351719283e-07,8.3820771630089e-08,2.07587658935164e-07,0.5,-0.2
6.83632764140838e-08,1.55327675218821e-07,7.91789702777966e-08,1.90349238789636e-07,0.5,-0.0999999999999999
7.38668064032292e-08,1.72678441682251e-07,7.41182126979045e-08,1.7272349215292e-07,0.5,0
7.84400162279916e-08,1.90515429944525e-07,6.79962451638103e-08,1.55782148665492e-07,0.5,0.0999999999999999
8.29513269658067e-08,2.0740850878671e-07,6.29081130653657e-08,1.38723998637629e-07,0.5,0.2
8.85146566321698e-08,2.22826587716861e-07,5.70820144820145e-08,1.22568464806495e-07,0.5,0.3
9.20423394342586e-08,2.37417261667728e-07,5.23663575242011e-08,1.08365539175593e-07,0.5,0.4
9.52845447305352e-08,2.49266168128628e-07,4.70321838846298e-08,9.46328061436655e-08,0.5,0.5
9.6720449976927e-08,2.56914348459289e-07,4.35911344259493e-08,8.25093487639743e-08,0.5,0.6
9.80742546616487e-08,2.60279433247804e-07,3.82530806716521e-08,7.22886706318079e-08,0.5,0.7
9.76839335879319e-08,2.60889794616382e-07,3.44896554337243e-08,6.2704905310282e-08,0.5,0.8
9.65628042518135e-08,2.56679674434091e-07,3.12291451898856e-08,5.47360788911884e-08,0.5,0.9
9.5135558670755e-08,2.49220396315251e-07,2.73375230300481e-08,4.71762871096578e-08,0.5,1
9.21680328614379e-08,2.37599744306344e-07,2.48761004657001e-08,4.11749318491194e-08,0.5,1.1
8.78172125839617e-08,2.23388255520183e-07,2.17253364863733e-08,3.55477873179725e-08,0.5,1.2
8.37503432083221e-08,2.07602398574557e-07,1.99942689640085e-08,3.10089343680829e-08,0.5,1.3
7.90038558010621e-08,1.90259643912774e-07,1.7425995710342e-08,2.71940702868856e-08,0.5,1.4
7.33181719087984e-08,1.73132674419607e-07,1.60953843750721e-08,2.30418283792316e-08,0.5,1.5
1.45512944008804e-08,2.35484715882261e-08,6.51404084866335e-08,1.76965542023815e-07,0.6,-1.5
1.65647607966525e-08,2.74549117565157e-08,6.96190218668357e-08,1.96493683953916e-07,0.6,-1.4
1.84799539015447e-08,3.15033466677063e-08,7.38844215651507e-08,2.14204937522474e-07,0.6,-1.3
2.04751501303701e-08,3.66387602523492e-08,7.74459344677501e-08,2.30128644461989e-07,0.6,-1.2
2.25603335766638e-08,4.12420857438661e-08,8.05957176675676e-08,2.4484722139202e-07,0.6,-1.1
2.57596854903436e-08,4.85635613393674e-08,8.28925680506721e-08,2.56689397457751e-07,0.6,-1
2.88599194761059e-08,5.57537195033647e-08,8.47550688684812e-08,2.65132643923842e-07,0.6,-0.9
3.11012667064601e-08,6.41783373361866e-08,8.5543282009906e-08,2.68709549814041e-07,0.6,-0.8
3.45571130595836e-08,7.32277280168902e-08,8.5351740810438e-08,2.69119014201405e-07,0.6,-0.7
3.88203786972631e-08,8.45943212965856e-08,8.47407972709218e-08,2.64932925366301e-07,0.6,-0.6
4.26974974630885e-08,9.71753699414993e-08,8.28959009751178e-08,2.56425611600376e-07,0.6,-0.5
4.68179983618533e-08,1.10367170323691e-07,8.03660810210724e-08,2.45115473139192e-07,0.6,-0.4
5.13172864150395e-08,1.26111233450839e-07,7.68134453354874e-08,2.30298522270818e-07,0.6,-0.3
5.60120189029489e-08,1.42332681815363e-07,7.36515063071271e-08,2.13867755170116e-07,0.6,-0.2
6.06649238343111e-08,1.5938639078085e-07,6.9108792666157e-08,1.96136597210036e-07,0.6,-0.0999999999999999
6.52270312954916e-08,1.7769409925241e-07,6.51382901661542e-08,1.77526509514455e-07,0.6,0
6.88812863081375e-08,1.95373437378095e-07,5.99153091684308e-08,1.59711990858445e-07,0.6,0.0999999999999999
7.33554699364323e-08,2.13221577220711e-07,5.65329327486844e-08,1.42474705483624e-07,0.6,0.2
7.72907774448238e-08,2.3064932121498e-07,5.17245748807713e-08,1.26629951090725e-07,0.6,0.3
8.00858755033345e-08,2.44164291132717e-07,4.69099461377952e-08,1.10743969123241e-07,0.6,0.4
8.29012480321562e-08,2.56798554741801e-07,4.31637954165138e-08,9.70263236187109e-08,0.6,0.5
8.48750015845302e-08,2.64559839452575e-07,3.85899130464382e-08,8.45668740300219e-08,0.6,0.6
8.55849731670714e-08,2.6901003233092e-07,3.48119122091442e-08,7.31343755961664e-08,0.6,0.7
8.55120073444708e-08,2.69357255990461e-07,3.05448477533066e-08,6.40313206112028e-08,0.6,0.8
8.42053226843682e-08,2.65043547871819e-07,2.85237790328677e-08,5.58231232854936e-08,0.6,0.9
8.31183312926095e-08,2.56764158527274e-07,2.57937947373579e-08,4.84558802703367e-08,0.6,1
8.01205625073105e-08,2.44985924383123e-07,2.28965162530816e-08,4.18397620706658e-08,0.6,1.1
7.71531999773362e-08,2.29747541606066e-07,2.03935978722708e-08,3.64547197355141e-08,0.6,1.2
7.38430302373176e-08,2.13579222377727e-07,1.80889427876675e-08,3.18820442226157e-08,0.6,1.3
7.00126355020634e-08,1.95740482711548e-07,1.59508329520872e-08,2.76145365731264e-08,0.6,1.4
6.52184374133768e-08,1.77685744995118e-07,1.48808573948995e-08,2.42164459167773e-08,0.6,1.5
1.41681016994023e-08,2.37264510121898e-08,5.78024312845002e-08,1.79620128360515e-07,0.7,-1.5
1.49892636546008e-08,2.7462144506586e-08,6.10499109925402e-08,1.98393949994232e-07,0.7,-1.4
1.71163442680942e-08,3.13981684398138e-08,6.45067181026396e-08,2.17012539986905e-07,0.7,-1.3
1.86775541775505e-08,3.66945223280033e-08,6.76101212924005e-08,2.33351906489129e-07,0.7,-1.2
2.08244667855413e-08,4.20107063897593e-08,6.99704310026051e-08,2.48829905529519e-07,0.7,-1.1
2.33805014964132e-08,4.88727474568167e-08,7.23456548500224e-08,2.60891845836453e-07,0.7,-1
2.53985723677391e-08,5.57744564782664e-08,7.36404830934279e-08,2.69284606110435e-07,0.7,-0.9
2.87563688068998e-08,6.40593575272559e-08,7.4626908604425e-08,2.7401481833894e-07,0.7,-0.8
3.16241277548681e-08,7.43017458896313e-08,7.3902998637569e-08,2.73681937583944e-07,0.7,-0.7
3.49696671873604e-08,8.53858239985818e-08,7.38244300784582e-08,2.69854007902485e-07,0.7,-0.6
3.82452481653095e-08,9.78292609894475e-08,7.23471867518826e-08,2.61146376006648e-07,0.7,-0.5
4.20789101294368e-08,1.11833318299997e-07,6.98645632538247e-08,2.48920468651595e-07,0.7,-0.4
4.56646457266817e-08,1.27393089499529e-07,6.77069607501576e-08,2.33941430240547e-07,0.7,-0.3
4.95114373787642e-08,1.44263871947267e-07,6.4694507931471e-08,2.16862160759238e-07,0.7,-0.2
5.44432318783479e-08,1.61817630010658e-07,6.11642250281e-08,1.9858126449601e-07,0.7,-0.0999999999999999
5.68136135084227e-08,1.80612374418098e-07,5.81074207750662e-08,1.8046769637074e-07,0.7,0
6.05059724961121e-08,1.9883171093522e-07,5.41535981421102e-08,1.61036263080221e-07,0.7,0.0999999999999999
6.48735015557022e-08,2.16713849046178e-07,4.99303554485482e-08,1.43351386652753e-07,0.7,0.2
6.78093936421046e-08,2.33581841136177e-07,4.61951210892812e-08,1.27418400989717e-07,0.7,0.3
7.015338926941e-08,2.49010602841302e-07,4.25061550797265e-08,1.12540283196512e-07,0.7,0.4
7.23559412506797e-08,2.60451118426758e-07,3.83563684214118e-08,9.83474355836784e-08,0.7,0.5
7.43842118416588e-08,2.69443250305086e-07,3.50219021463656e-08,8.5258149025985e-08,0.7,0.6
7.46181651852287e-08,2.73775297041646e-07,3.15722391449301e-08,7.43981163821811e-08,0.7,0.7
7.42123192298536e-08,2.73617196161302e-07,2.88827928308655e-08,6.4282036485366e-08,0.7,0.8
7.3673259296818e-08,2.69333762176415e-07,2.56919091113955e-08,5.54173106274412e-08,0.7,0.9
7.21296749026352e-08,2.60576947142823e-07,2.34816319625033e-08,4.83628231963841e-08,0.7,1
6.99022155256615e-08,2.48745145817167e-07,2.1075664594661e-08,4.20081520270051e-08,0.7,1.1
6.77136961528504e-08,2.33677115204585e-07,1.85666459234106e-08,3.71122792988571e-08,0.7,1.2
6.44401765036478e-08,2.17145212049176e-07,1.68631021097596e-08,3.16015472233806e-08,0.7,1.3
6.124842125008e-08,1.98576355893034e-07,1.5191762330375e-08,2.83175259984368e-08,0.7,1.4
5.76204084812824e-08,1.80353428063687e-07,1.38633441280388e-08,2.37519059071292e-08,0.7,1.5
1.23954715255683e-08,2.37304568690571e-08,5.11445188072591e-08,1.80211604080464e-07,0.8,-1.5
1.42073067984998e-08,2.75968469996899e-08,5.29365062300241e-08,1.98332675707688e-07,0.8,-1.4
1.53925428656595e-08,3.24027365987785e-08,5.6882352678412e-08,2.16645579509748e-07,0.8,-1.3
1.74199176014538e-08,3.6916789951712e-08,5.84193091046431e-08,2.33662164069068e-07,0.8,-1.2
1.90057948210636e-08,4.21865796737377e-08,6.09755586487163e-08,2.48980355935876e-07,0.8,-1.1
2.09956947035672e-08,4.85943353098442e-08,6.26497370974369e-08,2.60844735215419e-07,0.8,-1
2.3255586658376e-08,5.5771076517967e-08,6.40614675687497e-08,2.6940387150136e-07,0.8,-0.9
2.54349255993577e-08,6.41899655060092e-08,6.42993638037293e-08,2.74225410527982e-07,0.8,-0.8
2.88818304466291e-08,7.43947285345334e-08,6.41080923022439e-08,2.73699372209804e-07,0.8,-0.7
3.14284168834924e-08,8.55021780552238e-08,6.4212310357343e-08,2.6958669024784e-07,0.8,-0.6
3.4383794478015e-08,9.74819626345335e-08,6.32648725189639e-08,2.60505904835737e-07,0.8,-0.5
3.76949297913198e-08,1.12296121770256e-07,6.08738608042157e-08,2.48873873828075e-07,0.8,-0.4
4.10655293161769e-08,1.27355620497541e-07,5.90596444670287e-08,2.33423555043337e-07,0.8,-0.3
4.45000755706111e-08,1.44284215207292e-07,5.66205241636646e-08,2.17351112094564e-07,0.8,-0.2
4.72149465192151e-08,1.6160574916048e-07,5.31885473515332e-08,1.98699942489538e-07,0.8,-0.0999999999999999
5.0155265468175e-08,1.79426586839608e-07,5.06668434172873e-08,1.7979759894999e-07,0.8,0
5.37607466801714e-08,1.98412463309147e-07,4.71455477664213e-08,1.61665644648756e-07,0.8,0.0999999999999999
5.6686436798192e-08,2.17118513171593e-07,4.3476419196453e-08,1.43622846954802e-07,0.8,0.2
5.85203198716519e-08,2.33560022960415e-07,4.09838009194576e-08,1.27485437162075e-07,0.8,0.3
6.1762316218866e-08,2.49835120426786e-07,3.76383613016246e-08,1.11654764934548e-07,0.8,0.4
6.28559794869412e-08,2.60864298466788e-07,3.45704884375106e-08,9.78563662736613e-08,0.8,0.5
6.42762694847115e-08,2.69238029110086e-07,3.13881883489708e-08,8.55170808131161e-08,0.8,0.6
6.48098586003217e-08,2.73745732379503e-07,2.86924052928363e-08,7.39815144780552e-08,0.8,0.7
6.45301556916764e-08,2.7366603405477e-07,2.56808638900932e-08,6.43748706776988e-08,0.8,0.8
6.39155558598993e-08,2.69495316932797e-07,2.3362023905517e-08,5.56931630255811e-08,0.8,0.9
6.33516907450883e-08,2.60773637690675e-07,2.0906058083172e-08,4.90568739204262e-08,0.8,1
6.10999807183512e-08,2.49162877755223e-07,1.91828640878284e-08,4.19530047438614e-08,0.8,1.1
5.88103251254895e-08,2.33771227235746e-07,1.64594872427192e-08,3.6341954941588e-08,0.8,1.2
5.68498214709018e-08,2.16557428627666e-07,1.56497565243798e-08,3.18755206565559e-08,0.8,1.3
5.36308229927499e-08,1.98914828014444e-07,1.42376551256421e-08,2.7879466723613e-08,0.8,1.4
5.07998030853327e-08,1.79660145671261e-07,1.26757180583485e-08,2.41731482478071e-08,0.8,1.5
1.20203105460019e-08,2.42226414881715e-08,4.46314417182627e-08,1.77612580215957e-07,0.9,-1.5
1.35602725732766e-08,2.69208052237193e-08,4.6872992126539e-08,1.9614919812224e-07,0.9,-1.4
1.49336055536372e-08,3.18343650229878e-08,4.85562438914159e-08,2.13856156450743e-07,0.9,-1.3
1.58362392492542e-08,3.5921489483732e-08,5.18382362721212e-08,2.30343209841982e-07,0.9,-1.2
1.76719864600682e-08,4.11227579665936e-08,5.3592163675716e-08,2.45129101928758e-07,0.9,-1.1
1.91658272007336e-08,4.88261052763382e-08,5.49783314530044e-08,2.56349775831735e-07,0.9,-1
2.17354091223267e-08,5.5501948310898e-08,5.59739758017684e-08,2.65217083984779e-07,0.9,-0.9
2.33867899321102e-08,6.44224248879399e-08,5.6204351769363e-08,2.69423851307014e-07,0.9,-0.8
2.65181995571769e-08,7.33161087029743e-08,5.59876569700349e-08,2.6943348035722e-07,0.9,-0.7
2.84072118589031e-08,8.38146122625469e-08,5.54049700034062e-08,2.65255944747047e-07,0.9,-0.6
3.03714149462147e-08,9.68611618352004e-08,5.39692933108627e-08,2.56645271167011e-07,0.9,-0.5
3.38492905563078e-08,1.10883905706079e-07,5.33892980956886e-08,2.44782626517197e-07,0.9,-0.4
3.61931253071023e-08,1.25611790498599e-07,5.15236902393991e-08,2.30492401063875e-07,0.9,-0.3
3.88208684868051e-08,1.42642433443014e-07,4.95067208383899e-08,2.13727659106751e-07,0.9,-0.2
4.18063220318341e-08,1.59786109511547e-07,4.7010524887377e-08,1.95640204936824e-07,0.9,-0.0999999999999999
4.42903850785277e-08,1.77192809771544e-07,4.39686306120706e-08,1.77607122526022e-07,0.9,0
4.68920878602151e-08,1.96183274435173e-07,4.19625299715619e-08,1.59874930811081e-07,0.9,0.0999999999999999
4.91434270822053e-08,2.13494245131126e-07,3.93738622448093e-08,1.42507890439796e-07,0.9,0.2
5.15300304525306e-08,2.30331173433041e-07,3.58414642274349e-08,1.26117760258398e-07,0.9,0.3
5.31484155564176e-08,2.44100992874961e-07,3.42538470513552e-08,1.10342382919531e-07,0.9,0.4
5.54024313840348e-08,2.5641778103829e-07,3.0812318589518e-08,9.68297156876945e-08,0.9,0.5
5.56428154600328e-08,2.64786832184281e-07,2.84381399557817e-08,8.4692538764356e-08,0.9,0.6
5.58970771911147e-08,2.69063144591908e-07,2.55951056659802e-08,7.32403722706245e-08,0.9,0.7
5.63743451333683e-08,2.69512761556513e-07,2.37192914233086e-08,6.39669011555622e-08,0.9,0.8
5.61559360606929e-08,2.65188886134707e-07,2.1246825797605e-08,5.5182797567302e-08,0.9,0.9
5.46981607324452e-08,2.57124814750411e-07,1.96970991102167e-08,4.8096746750337e-08,0.9,1
5.33678254307953e-08,2.44794945341533e-07,1.79202865913709e-08,4.21707768970045e-08,0.9,1.1
5.13816674304366e-08,2.29284366254314e-07,1.58794009548807e-08,3.60469434871338e-08,0.9,1.2
4.96170377457516e-08,2.13530331405352e-07,1.46801188510317e-08,3.1143926400093e-08,0.9,1.3
4.71749963025197e-08,1.95478227130148e-07,1.29435353352879e-08,2.74484462594331e-08,0.9,1.4
4.44107003985554e-08,1.77020513493916e-07,1.22680971774556e-08,2.36631925485252e-08,0.9,1.5
1.17675550426883e-08,2.3235283979103e-08,3.8555644827407e-08,1.72865724859414e-07,1,-1.5
1.22970117267959e-08,2.71678099721298e-08,4.11864595033501e-08,1.90585490138191e-07,1,-1.4
1.37773277431657e-08,3.0988641599339e-08,4.29774457254819e-08,2.07565415884651e-07,1,-1.3
1.46739984153828e-08,3.5560564672783e-08,4.49722864813364e-08,2.2346116220131e-07,1,-1.2
1.59636398637257e-08,4.09072548791626e-08,4.5776147073146e-08,2.37552538928887e-07,1,-1.1
1.72844625524154e-08,4.78694496183863e-08,4.73295226884458e-08,2.48696593114693e-07,1,-1
1.94477521762219e-08,5.45405259694786e-08,4.80310233735407e-08,2.56980689808989e-07,1,-0.9
2.13334414432438e-08,6.30977667975058e-08,4.83917054185615e-08,2.61326718422438e-07,1,-0.8
2.34486025159946e-08,7.18874663371165e-08,4.7975221411367e-08,2.60565312670599e-07,1,-0.7
2.56307373297094e-08,8.24451121164711e-08,4.83177378790882e-08,2.5649202935048e-07,1,-0.6
2.76466713011611e-08,9.4857186186661e-08,4.78457008384064e-08,2.4898644697068e-07,1,-0.5
2.98471895546971e-08,1.07995352221972e-07,4.66080002781173e-08,2.38062805562625e-07,1,-0.4
3.25457877675772e-08,1.22464176911895e-07,4.42622136077792e-08,2.23777092906738e-07,1,-0.3
3.49748135046073e-08,1.38256695034161e-07,4.26412057493477e-08,2.06518664718335e-07,1,-0.2
3.68021197770377e-08,1.55352128241866e-07,4.14823980314927e-08,1.90407097566229e-07,1,-0.0999999999999999
3.89435300350445e-08,1.72659631623495e-07,3.88458447686993e-08,1.73029463476476e-07,1,0
4.10277734504634e-08,1.90844607453896e-07,3.6621448862668e-08,1.55273484949202e-07,1,0.0999999999999999
4.28081555311854e-08,2.08104317262745e-07,3.41607925659121e-08,1.38803909510424e-07,1,0.2
4.49480539313007e-08,2.23741760973785e-07,3.20255540143168e-08,1.22958592475566e-07,1,0.3
4.62143656863562e-08,2.37073635160321e-07,2.96102810635527e-08,1.07664457847129e-07,1,0.4
4.7673125073162e-08,2.49034542858944e-07,2.78380128458626e-08,9.45594087972901e-08,1,0.5
4.86320793829095e-08,2.56588947042166e-07,2.57111861406897e-08,8.29108944767787e-08,1,0.6
4.84554146666359e-08,2.60571730975307e-07,2.34380015069033e-08,7.22758865249739e-08,1,0.7
4.84902232198638e-08,2.60253738489566e-07,2.17406342950549e-08,6.27221840566257e-08,1,0.8
4.79420703765225e-08,2.56185357909318e-07,1.93535361614402e-08,5.42861441084452e-08,1,0.9
4.69589920239408e-08,2.4916724294332e-07,1.81269979935859e-08,4.74208276807064e-08,1,1
4.62984691391807e-08,2.36668006928628e-07,1.61703828663271e-08,4.15884023841401e-08,1,1.1
4.48630595631259e-08,2.2325680505646e-07,1.47219666413745e-08,3.60294853157945e-08,1,1.2
4.36297444426891e-08,2.07718256252723e-07,1.35339798731227e-08,3.06980968264118e-08,1,1.3
4.15314336031384e-08,1.90244180280615e-07,1.28074159082926e-08,2.72255670777154e-08,1,1.4
3.85881363279991e-08,1.72991004193983e-07,1.15441482299668e-08,2.35253685047824e-08,1,1.5
1.12151344196849e-08,2.33178643656478e-08,3.45240960528499e-08,1.65959187241232e-07,1.1,-1.5
1.18443977344862e-08,2.63817660069307e-08,3.58412260097724e-08,1.82810069465408e-07,1.1,-1.4
1.24412334295383e-08,3.00389645960755e-08,3.77885724051803e-08,1.9844929518277e-07,1.1,-1.3
1.33943909767507e-08,3.46850775550275e-08,3.91906199664868e-08,2.13733952955039e-07,1.1,-1.2
1.45104801811372e-08,3.9928537316025e-08,3.99218235630703e-08,2.267280092623e-07,1.1,-1.1
1.61977669621588e-08,4.61711900325674e-08,4.10245375757345e-08,2.37425056376046e-07,1.1,-1
1.74227888090909e-08,5.2999977246652e-08,4.25714503796121e-08,2.4508806158286e-07,1.1,-0.9
1.99095636036616e-08,6.11389975282124e-08,4.21024551107018e-08,2.49111246484823e-07,1.1,-0.8
2.08668078920906e-08,6.96380215973656e-08,4.21631299503856e-08,2.48973567106816e-07,1.1,-0.7
2.30136633615783e-08,8.07808354767798e-08,4.20041880077233e-08,2.44658837276543e-07,1.1,-0.6
2.41503769904272e-08,9.20843131150185e-08,4.13459943963223e-08,2.37330367035573e-07,1.1,-0.5
2.65396883790339e-08,1.04277608497197e-07,3.99328061065285e-08,2.26861071489153e-07,1.1,-0.4
2.87139163584101e-08,1.18847892866014e-07,3.89009252466815e-08,2.13515907544677e-07,1.1,-0.3
3.0640469504783e-08,1.33648332267249e-07,3.7444999707281e-08,1.99241419479049e-07,1.1,-0.2
3.23219213600035e-08,1.49049099210306e-07,3.5749810320646e-08,1.82593047351941e-07,1.1,-0.0999999999999999
3.42688616178406e-08,1.6580968454545e-07,3.4262063704645e-08,1.65421598170962e-07,1.1,0
3.61601298398282e-08,1.82790923241335e-07,3.20887995392438e-08,1.49551177724086e-07,1.1,0.0999999999999999
3.79040573967369e-08,1.98526775530384e-07,3.00965239457307e-08,1.33096955562531e-07,1.1,0.2
3.90843244861664e-08,2.13101409867642e-07,2.84962505292525e-08,1.18352222755668e-07,1.1,0.3
4.02096875517407e-08,2.26428658575129e-07,2.69965379395326e-08,1.04502800809241e-07,1.1,0.4
4.16101855992384e-08,2.37553502055083e-07,2.46658117612195e-08,9.22381794197197e-08,1.1,0.5
4.16248180668203e-08,2.44776075570722e-07,2.29667524884443e-08,8.02064897453581e-08,1.1,0.6
4.21059287138656e-08,2.48891787685466e-07,2.11782157787895e-08,7.03519176056089e-08,1.1,0.7
4.14606585756563e-08,2.49134333864944e-07,1.93011340073863e-08,6.08313352303583e-08,1.1,0.8
4.15675711614017e-08,2.45534244904414e-07,1.79423187292833e-08,5.26925666121184e-08,1.1,0.9
4.12646189333169e-08,2.37598561131824e-07,1.58826386096435e-08,4.62346932454674e-08,1.1,1
3.98065719098642e-08,2.26687900996878e-07,1.46220283368473e-08,4.00632837987722e-08,1.1,1.1
3.90206256748622e-08,2.13444019277744e-07,1.35657305584485e-08,3.49233513210856e-08,1.1,1.2
3.66933952257513e-08,1.98480822692995e-07,1.23711491482549e-08,3.07529790930175e-08,1.1,1.3
3.60123241512169e-08,1.82242929884716e-07,1.15494002805077e-08,2.69846350463466e-08,1.1,1.4
3.39110693920306e-08,1.65721695272781e-07,1.12513949753175e-08,2.27208394942007e-08,1.1,1.5
1.02523189971179e-08,2.25523753205588e-08,3.06338560216256e-08,1.56871003757157e-07,1.2,-1.5
1.08995497423821e-08,2.60364937331636e-08,3.2271859477938e-08,1.72616345912528e-07,1.2,-1.4
1.15309829104348e-08,2.98297893405609e-08,3.30098912254051e-08,1.87264277233094e-07,1.2,-1.3
1.23924742900858e-08,3.381468739406e-08,3.42484997283237e-08,2.01222674120124e-07,1.2,-1.2
1.35563592237716e-08,3.87040371602829e-08,3.54668166206794e-08,2.13408066193463e-07,1.2,-1.1
1.47520369893966e-08,4.47995918470946e-08,3.53025349877888e-08,2.23624518738796e-07,1.2,-1
1.60606786749733e-08,5.14557668220387e-08,3.65205836835643e-08,2.30041401137345e-07,1.2,-0.9
1.77416551624294e-08,5.93798789455522e-08,3.61182451176687e-08,2.33790015111615e-07,1.2,-0.8
1.9114854364444e-08,6.75234565726036e-08,3.69207031019273e-08,2.33698051784343e-07,1.2,-0.7
2.04799711966835e-08,7.72917257601275e-08,3.63986185959395e-08,2.30337072701413e-07,1.2,-0.6
2.25328070200225e-08,8.86103745456364e-08,3.60934792361178e-08,2.23702350244262e-07,1.2,-0.5
2.36578393251894e-08,1.00028710921553e-07,3.48306957150279e-08,2.13713291046669e-07,1.2,-0.4
2.5203233760133e-08,1.1336422686451e-07,3.32268858649098e-08,2.01685078114037e-07,1.2,-0.3
2.77071517653725e-08,1.26999426127464e-07,3.34014686896355e-08,1.87721824876181e-07,1.2,-0.2
2.86511938612183e-08,1.41870545658897e-07,3.20232113039572e-08,1.71965165764795e-07,1.2,-0.0999999999999999
3.03232530838526e-08,1.57494503234389e-07,3.01240549417751e-08,1.56989737969565e-07,1.2,0
3.17815447600751e-08,1.72880767456251e-07,2.87045501704448e-08,1.42647154441364e-07,1.2,0.0999999999999999
3.24770163425027e-08,1.8788374896628e-07,2.67798897309591e-08,1.27252550793166e-07,1.2,0.2
3.37717691608902e-08,2.00900505487166e-07,2.48746696684664e-08,1.12539977092278e-07,1.2,0.3
3.49293730162646e-08,2.1366071089306e-07,2.38297688907536e-08,1.00038972786577e-07,1.2,0.4
3.58804933789283e-08,2.22644283128496e-07,2.13926845301619e-08,8.85737771089992e-08,1.2,0.5
3.61945325700055e-08,2.30295447084894e-07,2.08139519709306e-08,7.80091105342088e-08,1.2,0.6
3.60939062353313e-08,2.33940743605284e-07,1.88304385528523e-08,6.78752559019318e-08,1.2,0.7
3.62822541792462e-08,2.33591745514405e-07,1.74561013528452e-08,5.93160199885855e-08,1.2,0.8
3.63723274659735e-08,2.30951396255332e-07,1.57741590421484e-08,5.14112563035943e-08,1.2,0.9
3.57500509701448e-08,2.23774254572165e-07,1.48439974619397e-08,4.4848079631521e-08,1.2,1
3.51744123327631e-08,2.13663393977649e-07,1.41789139668167e-08,3.8545092126228e-08,1.2,1.1
3.4078611515642e-08,2.01143562759588e-07,1.26361488540616e-08,3.38671162302443e-08,1.2,1.2
3.25311633270304e-08,1.87436008768845e-07,1.20047329682045e-08,2.93312081147017e-08,1.2,1.3
3.13040220887676e-08,1.72702789978902e-07,1.11058759763687e-08,2.54759807382449e-08,1.2,1.4
2.97300487597434e-08,1.57489548092056e-07,9.97434131046626e-09,2.25938679576041e-08,1.2,1.5
9.23954783139075e-09,2.18744440627212e-08,2.60544701533437e-08,1.47919249971272e-07,1.3,-1.5
1.02862195215947e-08,2.48903895765689e-08,2.78082340289601e-08,1.61806914867569e-07,1.3,-1.4
1.10066089941632e-08,2.88524483166333e-08,2.86576731003843e-08,1.75124504108211e-07,1.3,-1.3
1.19796467848406e-08,3.31367904612657e-08,2.98664073069571e-08,1.87536267165674e-07,1.3,-1.2
1.28937725468852e-08,3.76126870971197e-08,3.00541251360693e-08,1.98836590514887e-07,1.3,-1.1
1.37218597165572e-08,4.32290801007869e-08,3.05732042142629e-08,2.07525762835157e-07,1.3,-1
1.46125649357531e-08,4.90736307505723e-08,3.11897630978309e-08,2.13717044820921e-07,1.3,-0.9
1.5678019193971e-08,5.56002989905309e-08,3.21176003192602e-08,2.16378137583625e-07,1.3,-0.8
1.67910673582415e-08,6.45776441155493e-08,3.17112798951072e-08,2.16656219205515e-07,1.3,-0.7
1.844142229138e-08,7.44068509144803e-08,3.14362069632174e-08,2.1353296014932e-07,1.3,-0.6
2.00517258035413e-08,8.37137886380251e-08,3.07524453407329e-08,2.0783319945979e-07,1.3,-0.5
2.02688921578823e-08,9.50715875630459e-08,3.01343476803353e-08,1.98653483031913e-07,1.3,-0.4
2.21632275954806e-08,1.06585578942301e-07,2.94521285502474e-08,1.87733603052524e-07,1.3,-0.3
2.34229015036918e-08,1.20423631762531e-07,2.84743473554164e-08,1.75157356466317e-07,1.3,-0.2
2.48155669214402e-08,1.33369677860984e-07,2.72070755612806e-08,1.61189809303954e-07,1.3,-0.0999999999999999
2.68625314224122e-08,1.48106917947964e-07,2.66231553248229e-08,1.47266469399565e-07,1.3,0
2.72309565838964e-08,1.62076887174464e-07,2.5935684720858e-08,1.33702820866794e-07,1.3,0.0999999999999999
2.90238104415353e-08,1.7505633407256e-07,2.30319512351689e-08,1.20167182862493e-07,1.3,0.2
2.97794352262721e-08,1.87640080077497e-07,2.27082891081174e-08,1.07126600788095e-07,1.3,0.3
3.1125951563975e-08,1.98962239315789e-07,2.06277783252053e-08,9.48087867567614e-08,1.3,0.4
3.10952524863847e-08,2.07134084115657e-07,1.954963581844e-08,8.35688678315277e-08,1.3,0.5
3.20764602378435e-08,2.13733595524059e-07,1.79967250871462e-08,7.37142138101272e-08,1.3,0.6
3.19446086122148e-08,2.17124292374427e-07,1.67125596431685e-08,6.4187653080508e-08,1.3,0.7
3.16033028247424e-08,2.17279979060341e-07,1.56669813470452e-08,5.65847630131378e-08,1.3,0.8
3.11206624936696e-08,2.13700952393333e-07,1.48753433424743e-08,4.9945452152752e-08,1.3,0.9
3.1161957450572e-08,2.07475483680582e-07,1.36617032384514e-08,4.32985530276291e-08,1.3,1
3.03508953236461e-08,1.98397557193845e-07,1.28466642875936e-08,3.81221862335548e-08,1.3,1.1
2.90699116216015e-08,1.87962591356324e-07,1.18508742810314e-08,3.32103230768615e-08,1.3,1.2
2.88893815771583e-08,1.75432117752404e-07,1.06699065194222e-08,2.88131627120177e-08,1.3,1.3
2.72424853629063e-08,1.61613866279773e-07,1.04585185225363e-08,2.54165900498037e-08,1.3,1.4
2.57566949913304e-08,1.4708337276523e-07,9.53694910110924e-09,2.17266679286266e-08,1.3,1.5
9.38058355763567e-09,2.07435408407365e-08,2.31059983235808e-08,1.36666546111755e-07,1.4,-1.5
9.68694048647015e-09,2.4068750331122e-08,2.41965234287864e-08,1.49318932963853e-07,1.4,-1.4
9.9555764599804e-09,2.71515752513804e-08,2.50025824001889e-08,1.61810147956563e-07,1.4,-1.3
1.11745721431427e-08,3.18492948282489e-08,2.59992857416735e-08,1.73560911186051e-07,1.4,-1.2
1.13000664473995e-08,3.61934476589788e-08,2.62575307619052e-08,1.82587217296809e-07,1.4,-1.1
1.27248039047472e-08,4.13911000560833e-08,2.67103733827482e-08,1.90662646853134e-07,1.4,-1
1.33377496660426e-08,4.72548529600378e-08,2.74629188214881e-08,1.95828036920139e-07,1.4,-0.9
1.46581996523215e-08,5.3903655536958e-08,2.72005413379223e-08,1.98221360157749e-07,1.4,-0.8
1.50770703621841e-08,6.11910364938671e-08,2.79986853200838e-08,1.98965085964266e-07,1.4,-0.7
1.64636640555202e-08,6.96480629705486e-08,2.73772653489333e-08,1.95925346041887e-07,1.4,-0.6
1.74827211071197e-08,7.95439253101232e-08,2.66633046040343e-08,1.90581917573166e-07,1.4,-0.5
1.84291554853379e-08,8.89976050008889e-08,2.63331835469951e-08,1.82349324976298e-07,1.4,-0.4
1.96056748934312e-08,1.00219995436226e-07,2.53720989781016e-08,1.73204195507935e-07,1.4,-0.3
2.15002873018703e-08,1.1208893554135e-07,2.45614314361141e-08,1.61849098717409e-07,1.4,-0.2
2.15785932305082e-08,1.24025213079799e-07,2.3814249184901e-08,1.49257424209041e-07,1.4,-0.0999999999999999
2.29245668343438e-08,1.36994060599917e-07,2.30208871241504e-08,1.36939199647703e-07,1.4,0
2.41780524607283e-08,1.4946027946546e-07,2.20353361900028e-08,1.24398427800157e-07,1.4,0.0999999999999999
2.48265143727313e-08,1.61942929025127e-07,2.04258780082094e-08,1.11667275217725e-07,1.4,0.2
2.58036050891027e-08,1.72481391192312e-07,1.94117884243393e-08,9.97893264078618e-08,1.4,0.3
2.63717549690359e-08,1.82344603592567e-07,1.85571354415195e-08,8.94232865551188e-08,1.4,0.4
2.70853771082444e-08,1.90489325444575e-07,1.73114054061419e-08,7.83356907397995e-08,1.4,0.5
2.69420219928759e-08,1.96026516589676e-07,1.64856378191563e-08,6.88901831110533e-08,1.4,0.6
2.78608878473637e-08,1.98651444352288e-07,1.54122136175276e-08,6.128027574035e-08,1.4,0.7
2.75240033899566e-08,1.98139982510624e-07,1.39941851359917e-08,5.36766479196589e-08,1.4,0.8
2.7262641266739e-08,1.95895554625239e-07,1.35506779530687e-08,4.66869459529104e-08,1.4,0.9
2.77480384577956e-08,1.90342130976591e-07,1.2784551809859e-08,4.10700695688607e-08,1.4,1
2.66427363438043e-08,1.82559635309332e-07,1.12930171201318e-08,3.65198001723001e-08,1.4,1.1
2.59861862405654e-08,1.72073559835831e-07,1.09621474990961e-08,3.13842619888707e-08,1.4,1.2
2.51885986817614e-08,1.61425185063471e-07,1.00152447266274e-08,2.75200646283489e-08,1.4,1.3
2.42353961859024e-08,1.49574309774318e-07,9.59980051901784e-09,2.36140644449837e-08,1.4,1.4
2.32477651683245e-08,1.37094735470209e-07,9.28198438734156e-09,2.15104135555511e-08,1.4,1.5
8.89446926059419e-09,2.06630736926714e-08,2.06061722541894e-08,1.25616330432247e-07,1.5,-1.5
9.03444473259479e-09,2.25302582577306e-08,2.16029319745651e-08,1.36878043174512e-07,1.5,-1.4
9.50868402634757e-09,2.70649302394036e-08,2.21117605042325e-08,1.47148950212232e-07,1.5,-1.3
9.73858106764204e-09,3.06520088321423e-08,2.26080118168032e-08,1.56941256583211e-07,1.5,-1.2
1.08265847129648e-08,3.40719309085222e-08,2.32970364744877e-08,1.6589236329668e-07,1.5,-1.1
1.18305320031796e-08,3.95359014867054e-08,2.41690712345568e-08,1.72799538588897e-07,1.5,-1
1.21592875686751e-08,4.4482598907268e-08,2.41216340133305e-08,1.78116154797002e-07,1.5,-0.9
1.29794604928008e-08,5.02278781901679e-08,2.38024511075315e-08,1.79398572014569e-07,1.5,-0.8
1.40696739270844e-08,5.79385743734883e-08,2.35440604424581e-08,1.80847947133927e-07,1.5,-0.7
1.44002686859308e-08,6.54120979668622e-08,2.45961122507272e-08,1.77800801377152e-07,1.5,-0.6
1.53211716888897e-08,7.35745265779171e-08,2.36762382235108e-08,1.72660904880464e-07,1.5,-0.5
1.70759661142888e-08,8.3063315267469e-08,2.30826279134608e-08,1.66534680169754e-07,1.5,-0.4
1.76210629603108e-08,9.34504063506406e-08,2.28639432148524e-08,1.5763911033168e-07,1.5,-0.3
1.86541435466666e-08,1.03040521746555e-07,2.20131301785555e-08,1.47466650612869e-07,1.5,-0.2
1.93104662100166e-08,1.14481672518746e-07,2.09450408923374e-08,1.3754993444577e-07,1.5,-0.0999999999999999
2.02623134586743e-08,1.25728841166363e-07,2.01667842970024e-08,1.26037934161799e-07,1.5,0
2.12567508702117e-08,1.36817670055664e-07,1.93871831971795e-08,1.1469668788164e-07,1.5,0.0999999999999999
2.19100199004945e-08,1.47138130112334e-07,1.88128675884711e-08,1.03687009208896e-07,1.5,0.2
2.2577547837687e-08,1.57604724710366e-07,1.77201825062058e-08,9.30885362269287e-08,1.5,0.3
2.29265119645285e-08,1.65822727147583e-07,1.68283167514263e-08,8.25023307075955e-08,1.5,0.4
2.38529724459353e-08,1.72661148783131e-07,1.56261126454892e-08,7.39186800552815e-08,1.5,0.5
2.45680664588637e-08,1.77792552186948e-07,1.47632277375902e-08,6.47821271627143e-08,1.5,0.6
2.39771617965243e-08,1.79991087488373e-07,1.37968863263768e-08,5.75080553123235e-08,1.5,0.7
2.41491475659928e-08,1.79275917711792e-07,1.2743442777235e-08,5.08263047687291e-08,1.5,0.8
2.34626760037994e-08,1.77534728924041e-07,1.21815843542959e-08,4.43612327116183e-08,1.5,0.9
2.32755201119663e-08,1.72765718177194e-07,1.12997766392995e-08,3.85539181620248e-08,1.5,1
2.29063710659546e-08,1.66065196663304e-07,1.0737399742928e-08,3.40350406710004e-08,1.5,1.1
2.29986412188647e-08,1.57053624106563e-07,1.00117878287942e-08,3.04569757854633e-08,1.5,1.2
2.19400633228455e-08,1.47327644729238e-07,1.00081620422706e-08,2.64463125097261e-08,1.5,1.3
2.1015215829582e-08,1.36771869706869e-07,8.7827142417293e-09,2.31694217550948e-08,1.5,1.4
2.00594511410856e-08,1.25939178884969e-07,8.60045966956384e-09,2.05048058534038e-08,1.5,1.5
